tanggal_jam,CO,NO2
2025-09-01 00:00:00,760.0,29.7
2025-09-01 01:00:00,635.0,23.4
2025-09-01 02:00:00,391.0,14.8
2025-09-01 03:00:00,207.0,8.1
2025-09-01 04:00:00,165.0,5.2
2025-09-01 05:00:00,183.0,4.3
2025-09-01 06:00:00,198.0,4.2
2025-09-01 07:00:00,183.0,4.6
2025-09-01 08:00:00,163.0,5.8
2025-09-01 09:00:00,155.0,7.9
2025-09-01 10:00:00,169.0,11.9
2025-09-01 11:00:00,194.0,16.7
2025-09-01 12:00:00,210.0,16.8
2025-09-01 13:00:00,207.0,16.0
2025-09-01 14:00:00,195.0,14.9
2025-09-01 15:00:00,185.0,13.8
2025-09-01 16:00:00,182.0,12.8
2025-09-01 17:00:00,181.0,11.8
2025-09-01 18:00:00,178.0,11.2
2025-09-01 19:00:00,168.0,11.0
2025-09-01 20:00:00,156.0,11.1
2025-09-01 21:00:00,152.0,11.6
2025-09-01 22:00:00,166.0,13.0
2025-09-01 23:00:00,189.0,14.8
2025-09-02 00:00:00,204.0,15.6
2025-09-02 01:00:00,201.0,12.4
2025-09-02 02:00:00,190.0,8.1
2025-09-02 03:00:00,179.0,4.8
2025-09-02 04:00:00,172.0,3.5
2025-09-02 05:00:00,167.0,3.3
2025-09-02 06:00:00,161.0,3.6
2025-09-02 07:00:00,153.0,4.1
2025-09-02 08:00:00,146.0,5.1
2025-09-02 09:00:00,146.0,7.2
2025-09-02 10:00:00,159.0,11.5
2025-09-02 11:00:00,179.0,16.9
2025-09-02 12:00:00,194.0,19.9
2025-09-02 13:00:00,198.0,18.7
2025-09-02 14:00:00,197.0,17.0
2025-09-02 15:00:00,194.0,15.6
2025-09-02 16:00:00,187.0,14.8
2025-09-02 17:00:00,178.0,14.3
2025-09-02 18:00:00,172.0,14.4
2025-09-02 19:00:00,169.0,15.5
2025-09-02 20:00:00,170.0,17.2
2025-09-02 21:00:00,180.0,18.8
2025-09-02 22:00:00,212.0,20.6
2025-09-02 23:00:00,255.0,22.3
2025-09-03 00:00:00,277.0,21.6
2025-09-03 01:00:00,261.0,16.8
2025-09-03 02:00:00,224.0,10.2
2025-09-03 03:00:00,195.0,5.3
2025-09-03 04:00:00,182.0,3.6
2025-09-03 05:00:00,176.0,3.7
2025-09-03 06:00:00,174.0,4.3
2025-09-03 07:00:00,175.0,5.0
2025-09-03 08:00:00,179.0,6.2
2025-09-03 09:00:00,187.0,8.8
2025-09-03 10:00:00,201.0,13.9
2025-09-03 11:00:00,218.0,20.4
2025-09-03 12:00:00,231.0,24.0
2025-09-03 13:00:00,237.0,23.5
2025-09-03 14:00:00,239.0,22.8
2025-09-03 15:00:00,238.0,22.5
2025-09-03 16:00:00,233.0,22.8
2025-09-03 17:00:00,225.0,23.4
2025-09-03 18:00:00,220.0,24.3
2025-09-03 19:00:00,209.0,25.3
2025-09-03 20:00:00,201.0,26.7
2025-09-03 21:00:00,224.0,28.8
2025-09-03 22:00:00,320.0,33.6
2025-09-03 23:00:00,447.0,39.1
2025-09-04 00:00:00,514.0,40.3
2025-09-04 01:00:00,462.0,31.3
2025-09-04 02:00:00,349.0,18.9
2025-09-04 03:00:00,262.0,9.4
2025-09-04 04:00:00,239.0,5.7
2025-09-04 05:00:00,242.0,5.1
2025-09-04 06:00:00,240.0,5.4
2025-09-04 07:00:00,219.0,5.5
2025-09-04 08:00:00,193.0,6.6
2025-09-04 09:00:00,179.0,10.4
2025-09-04 10:00:00,185.0,19.2
2025-09-04 11:00:00,203.0,30.6
2025-09-04 12:00:00,221.0,28.5
2025-09-04 13:00:00,239.0,28.2
2025-09-04 14:00:00,257.0,27.9
2025-09-04 15:00:00,267.0,28.0
2025-09-04 16:00:00,264.0,28.6
2025-09-04 17:00:00,253.0,29.6
2025-09-04 18:00:00,245.0,31.2
2025-09-04 19:00:00,237.0,33.7
2025-09-04 20:00:00,232.0,36.8
2025-09-04 21:00:00,248.0,39.8
2025-09-04 22:00:00,307.0,44.1
2025-09-04 23:00:00,386.0,48.4
2025-09-05 00:00:00,435.0,44.4
2025-09-05 01:00:00,426.0,35.3
2025-09-05 02:00:00,387.0,22.6
2025-09-05 03:00:00,355.0,12.7
2025-09-05 04:00:00,348.0,8.2
2025-09-05 05:00:00,348.0,6.5
2025-09-05 06:00:00,342.0,6.1
2025-09-05 07:00:00,319.0,6.0
2025-09-05 08:00:00,288.0,7.2
2025-09-05 09:00:00,268.0,11.3
2025-09-05 10:00:00,268.0,21.3
2025-09-05 11:00:00,277.0,34.3
2025-09-05 12:00:00,281.0,40.6
2025-09-05 13:00:00,273.0,38.3
2025-09-05 14:00:00,260.0,35.2
2025-09-05 15:00:00,250.0,32.8
2025-09-05 16:00:00,238.0,31.8
2025-09-05 17:00:00,230.0,31.5
2025-09-05 18:00:00,252.0,31.6
2025-09-05 19:00:00,340.0,31.7
2025-09-05 20:00:00,458.0,32.1
2025-09-05 21:00:00,532.0,33.3
2025-09-05 22:00:00,517.0,37.1
2025-09-05 23:00:00,456.0,41.7
2025-09-06 00:00:00,406.0,34.0
2025-09-06 01:00:00,385.0,28.8
2025-09-06 02:00:00,375.0,21.5
2025-09-06 03:00:00,370.0,15.4
2025-09-06 04:00:00,379.0,11.4
2025-09-06 05:00:00,393.0,8.5
2025-09-06 06:00:00,385.0,7.3
2025-09-06 07:00:00,333.0,6.8
2025-09-06 08:00:00,258.0,7.9
2025-09-06 09:00:00,202.0,13.7
2025-09-06 10:00:00,164.0,28.7
2025-09-06 11:00:00,144.0,48.3
2025-09-06 12:00:00,183.0,55.1
2025-09-06 13:00:00,338.0,55.0
2025-09-06 14:00:00,553.0,54.6
2025-09-06 15:00:00,700.0,52.8
2025-09-06 16:00:00,719.0,48.2
2025-09-06 17:00:00,670.0,42.3
2025-09-06 18:00:00,610.0,37.9
2025-09-06 19:00:00,547.0,36.6
2025-09-06 20:00:00,472.0,36.8
2025-09-06 21:00:00,421.0,37.2
2025-09-06 22:00:00,409.0,38.3
2025-09-06 23:00:00,419.0,39.5
2025-09-07 00:00:00,442.0,36.5
2025-09-07 01:00:00,496.0,30.9
2025-09-07 02:00:00,561.0,23.0
2025-09-07 03:00:00,568.0,16.4
2025-09-07 04:00:00,457.0,12.3
2025-09-07 05:00:00,287.0,9.4
2025-09-07 06:00:00,164.0,8.0
2025-09-07 07:00:00,140.0,7.9
2025-09-07 08:00:00,164.0,9.2
2025-09-07 09:00:00,188.0,12.2
2025-09-07 10:00:00,188.0,18.2
2025-09-07 11:00:00,187.0,25.9
2025-09-07 12:00:00,209.0,31.8
2025-09-07 13:00:00,268.0,32.4
2025-09-07 14:00:00,350.0,33.3
2025-09-07 15:00:00,437.0,33.8
2025-09-07 16:00:00,546.0,33.6
2025-09-07 17:00:00,660.0,33.0
2025-09-07 18:00:00,706.0,32.5
2025-09-07 19:00:00,622.0,31.9
2025-09-07 20:00:00,469.0,31.5
2025-09-07 21:00:00,360.0,32.1
2025-09-07 22:00:00,347.0,35.9
2025-09-07 23:00:00,378.0,40.7
2025-09-08 00:00:00,409.0,45.1
2025-09-08 01:00:00,431.0,41.0
2025-09-08 02:00:00,452.0,35.1
2025-09-08 03:00:00,456.0,29.3
2025-09-08 04:00:00,430.0,23.6
2025-09-08 05:00:00,387.0,17.9
2025-09-08 06:00:00,344.0,14.0
2025-09-08 07:00:00,306.0,11.0
2025-09-08 08:00:00,269.0,9.8
2025-09-08 09:00:00,239.0,14.5
2025-09-08 10:00:00,216.0,30.0
2025-09-08 11:00:00,201.0,51.4
2025-09-08 12:00:00,200.0,66.4
2025-09-08 13:00:00,208.0,66.4
2025-09-08 14:00:00,229.0,66.3
2025-09-08 15:00:00,286.0,65.2
2025-09-08 16:00:00,426.0,62.1
2025-09-08 17:00:00,601.0,58.1
2025-09-08 18:00:00,688.0,54.9
2025-09-08 19:00:00,596.0,53.6
2025-09-08 20:00:00,416.0,53.2
2025-09-08 21:00:00,291.0,52.9
2025-09-08 22:00:00,287.0,53.4
2025-09-08 23:00:00,339.0,54.0
2025-09-09 00:00:00,398.0,51.1
2025-09-09 01:00:00,460.0,41.7
2025-09-09 02:00:00,530.0,28.6
2025-09-09 03:00:00,574.0,17.9
2025-09-09 04:00:00,581.0,11.9
2025-09-09 05:00:00,563.0,8.3
2025-09-09 06:00:00,514.0,6.4
2025-09-09 07:00:00,414.0,5.7
2025-09-09 08:00:00,285.0,6.7
2025-09-09 09:00:00,187.0,9.8
2025-09-09 10:00:00,148.0,16.0
2025-09-09 11:00:00,142.0,24.3
2025-09-09 12:00:00,148.0,37.8
2025-09-09 13:00:00,168.0,38.4
2025-09-09 14:00:00,200.0,39.5
2025-09-09 15:00:00,223.0,42.1
2025-09-09 16:00:00,227.0,47.5
2025-09-09 17:00:00,222.0,54.4
2025-09-09 18:00:00,217.0,60.1
2025-09-09 19:00:00,210.0,64.4
2025-09-09 20:00:00,203.0,67.4
2025-09-09 21:00:00,210.0,67.6
2025-09-09 22:00:00,249.0,63.6
2025-09-09 23:00:00,302.0,56.7
2025-09-10 00:00:00,336.0,51.7
2025-09-10 01:00:00,331.0,43.8
2025-09-10 02:00:00,306.0,32.6
2025-09-10 03:00:00,283.0,23.0
2025-09-10 04:00:00,271.0,16.1
2025-09-10 05:00:00,261.0,10.7
2025-09-10 06:00:00,247.0,7.6
2025-09-10 07:00:00,224.0,7.3
2025-09-10 08:00:00,197.0,9.2
2025-09-10 09:00:00,179.0,12.7
2025-09-10 10:00:00,179.0,18.4
2025-09-10 11:00:00,188.0,25.6
2025-09-10 12:00:00,195.0,42.5
2025-09-10 13:00:00,194.0,37.3
2025-09-10 14:00:00,190.0,30.1
2025-09-10 15:00:00,187.0,25.0
2025-09-10 16:00:00,178.0,23.5
2025-09-10 17:00:00,170.0,24.2
2025-09-10 18:00:00,188.0,26.4
2025-09-10 19:00:00,258.0,31.1
2025-09-10 20:00:00,353.0,37.5
2025-09-10 21:00:00,423.0,42.2
2025-09-10 22:00:00,444.0,44.9
2025-09-10 23:00:00,438.0,46.0
2025-09-11 00:00:00,426.0,40.8
2025-09-11 01:00:00,413.0,33.4
2025-09-11 02:00:00,393.0,23.0
2025-09-11 03:00:00,364.0,14.5
2025-09-11 04:00:00,318.0,9.4
2025-09-11 05:00:00,263.0,6.2
2025-09-11 06:00:00,219.0,4.5
2025-09-11 07:00:00,194.0,4.0
2025-09-11 08:00:00,180.0,5.2
2025-09-11 09:00:00,168.0,8.6
2025-09-11 10:00:00,151.0,15.2
2025-09-11 11:00:00,135.0,24.2
2025-09-11 12:00:00,134.0,36.8
2025-09-11 13:00:00,141.0,43.5
2025-09-11 14:00:00,161.0,52.8
2025-09-11 15:00:00,229.0,60.7
2025-09-11 16:00:00,392.0,65.6
2025-09-11 17:00:00,601.0,68.9
2025-09-11 18:00:00,744.0,71.1
2025-09-11 19:00:00,754.0,71.9
2025-09-11 20:00:00,699.0,71.4
2025-09-11 21:00:00,665.0,70.6
2025-09-11 22:00:00,703.0,71.0
2025-09-11 23:00:00,764.0,71.1
2025-09-12 00:00:00,785.0,52.5
2025-09-12 01:00:00,727.0,41.6
2025-09-12 02:00:00,631.0,26.4
2025-09-12 03:00:00,552.0,14.5
2025-09-12 04:00:00,523.0,9.0
2025-09-12 05:00:00,512.0,6.8
2025-09-12 06:00:00,482.0,6.1
2025-09-12 07:00:00,405.0,5.7
2025-09-12 08:00:00,309.0,6.8
2025-09-12 09:00:00,241.0,10.7
2025-09-12 10:00:00,229.0,19.8
2025-09-12 11:00:00,245.0,31.8
2025-09-12 12:00:00,258.0,44.3
2025-09-12 13:00:00,255.0,44.0
2025-09-12 14:00:00,248.0,43.6
2025-09-12 15:00:00,243.0,42.9
2025-09-12 16:00:00,232.0,41.6
2025-09-12 17:00:00,222.0,40.0
2025-09-12 18:00:00,240.0,39.4
2025-09-12 19:00:00,317.0,40.7
2025-09-12 20:00:00,422.0,42.9
2025-09-12 21:00:00,490.0,44.6
2025-09-12 22:00:00,483.0,46.1
2025-09-12 23:00:00,439.0,46.9
2025-09-13 00:00:00,407.0,41.0
2025-09-13 01:00:00,417.0,34.0
2025-09-13 02:00:00,439.0,24.2
2025-09-13 03:00:00,435.0,16.0
2025-09-13 04:00:00,377.0,10.9
2025-09-13 05:00:00,294.0,7.4
2025-09-13 06:00:00,233.0,5.5
2025-09-13 07:00:00,221.0,4.6
2025-09-13 08:00:00,231.0,5.4
2025-09-13 09:00:00,234.0,9.9
2025-09-13 10:00:00,209.0,21.3
2025-09-13 11:00:00,176.0,36.5
2025-09-13 12:00:00,172.0,36.7
2025-09-13 13:00:00,227.0,34.9
2025-09-13 14:00:00,309.0,32.4
2025-09-13 15:00:00,363.0,30.6
2025-09-13 16:00:00,344.0,29.5
2025-09-13 17:00:00,296.0,29.0
2025-09-13 18:00:00,291.0,30.3
2025-09-13 19:00:00,385.0,34.9
2025-09-13 20:00:00,523.0,41.3
2025-09-13 21:00:00,607.0,46.0
2025-09-13 22:00:00,582.0,48.3
2025-09-13 23:00:00,504.0,48.9
2025-09-14 00:00:00,443.0,45.7
2025-09-14 01:00:00,433.0,37.4
2025-09-14 02:00:00,440.0,25.9
2025-09-14 03:00:00,431.0,16.4
2025-09-14 04:00:00,381.0,11.0
2025-09-14 05:00:00,315.0,7.7
2025-09-14 06:00:00,270.0,6.0
2025-09-14 07:00:00,267.0,6.0
2025-09-14 08:00:00,285.0,7.5
2025-09-14 09:00:00,296.0,10.2
2025-09-14 10:00:00,288.0,14.4
2025-09-14 11:00:00,274.0,19.7
2025-09-14 12:00:00,262.0,21.8
2025-09-14 13:00:00,255.0,21.8
2025-09-14 14:00:00,249.0,22.0
2025-09-14 15:00:00,245.0,22.7
2025-09-14 16:00:00,221.0,24.3
2025-09-14 17:00:00,198.0,26.5
2025-09-14 18:00:00,241.0,29.0
2025-09-14 19:00:00,426.0,32.1
2025-09-14 20:00:00,676.0,35.5
2025-09-14 21:00:00,823.0,38.3
2025-09-14 22:00:00,765.0,41.3
2025-09-14 23:00:00,604.0,43.8
2025-09-15 00:00:00,477.0,38.3
2025-09-15 01:00:00,447.0,31.0
2025-09-15 02:00:00,450.0,20.9
2025-09-15 03:00:00,436.0,12.8
2025-09-15 04:00:00,374.0,8.7
2025-09-15 05:00:00,294.0,6.7
2025-09-15 06:00:00,235.0,5.9
2025-09-15 07:00:00,216.0,6.2
2025-09-15 08:00:00,219.0,7.7
2025-09-15 09:00:00,227.0,10.1
2025-09-15 10:00:00,240.0,14.1
2025-09-15 11:00:00,259.0,19.0
2025-09-15 12:00:00,270.0,25.7
2025-09-15 13:00:00,265.0,26.3
2025-09-15 14:00:00,252.0,27.1
2025-09-15 15:00:00,241.0,27.2
2025-09-15 16:00:00,230.0,25.5
2025-09-15 17:00:00,222.0,23.1
2025-09-15 18:00:00,235.0,21.9
2025-09-15 19:00:00,288.0,23.1
2025-09-15 20:00:00,363.0,25.5
2025-09-15 21:00:00,424.0,28.0
2025-09-15 22:00:00,464.0,31.0
2025-09-15 23:00:00,492.0,34.1
2025-09-16 00:00:00,495.0,36.8
2025-09-16 01:00:00,459.0,29.9
2025-09-16 02:00:00,400.0,20.4
2025-09-16 03:00:00,352.0,12.9
2025-09-16 04:00:00,333.0,9.0
2025-09-16 05:00:00,325.0,7.2
2025-09-16 06:00:00,310.0,6.8
2025-09-16 07:00:00,275.0,7.9
2025-09-16 08:00:00,233.0,10.4
2025-09-16 09:00:00,207.0,14.5
2025-09-16 10:00:00,210.0,21.4
2025-09-16 11:00:00,230.0,29.8
2025-09-16 12:00:00,251.0,43.4
2025-09-16 13:00:00,266.0,42.4
2025-09-16 14:00:00,282.0,41.3
2025-09-16 15:00:00,309.0,42.3
2025-09-16 16:00:00,363.0,47.3
2025-09-16 17:00:00,427.0,54.5
2025-09-16 18:00:00,466.0,60.8
2025-09-16 19:00:00,453.0,65.7
2025-09-16 20:00:00,415.0,69.7
2025-09-16 21:00:00,393.0,70.7
2025-09-16 22:00:00,413.0,67.4
2025-09-16 23:00:00,449.0,61.2
2025-09-17 00:00:00,466.0,45.4
2025-09-17 01:00:00,447.0,37.2
2025-09-17 02:00:00,408.0,25.7
2025-09-17 03:00:00,363.0,16.5
2025-09-17 04:00:00,310.0,11.4
2025-09-17 05:00:00,252.0,8.6
2025-09-17 06:00:00,207.0,7.6
2025-09-17 07:00:00,184.0,8.8
2025-09-17 08:00:00,175.0,11.8
2025-09-17 09:00:00,172.0,15.6
2025-09-17 10:00:00,164.0,20.4
2025-09-17 11:00:00,163.0,26.0
2025-09-17 12:00:00,200.0,35.1
2025-09-17 13:00:00,314.0,33.3
2025-09-17 14:00:00,465.0,31.2
2025-09-17 15:00:00,567.0,31.6
2025-09-17 16:00:00,569.0,36.9
2025-09-17 17:00:00,522.0,44.8
2025-09-17 18:00:00,493.0,51.6
2025-09-17 19:00:00,514.0,56.6
2025-09-17 20:00:00,553.0,60.5
2025-09-17 21:00:00,577.0,62.1
2025-09-17 22:00:00,574.0,60.8
2025-09-17 23:00:00,555.0,57.1
2025-09-18 00:00:00,525.0,53.5
2025-09-18 01:00:00,476.0,43.0
2025-09-18 02:00:00,414.0,28.4
2025-09-18 03:00:00,364.0,16.7
2025-09-18 04:00:00,338.0,10.6
2025-09-18 05:00:00,323.0,7.5
2025-09-18 06:00:00,305.0,6.0
2025-09-18 07:00:00,271.0,6.0
2025-09-18 08:00:00,235.0,7.7
2025-09-18 09:00:00,216.0,10.7
2025-09-18 10:00:00,233.0,15.9
2025-09-18 11:00:00,268.0,22.4
2025-09-18 12:00:00,292.0,44.8
2025-09-18 13:00:00,292.0,41.2
2025-09-18 14:00:00,280.0,36.2
2025-09-18 15:00:00,267.0,32.2
2025-09-18 16:00:00,251.0,30.1
2025-09-18 17:00:00,233.0,29.0
2025-09-18 18:00:00,223.0,28.6
2025-09-18 19:00:00,224.0,29.2
2025-09-18 20:00:00,234.0,30.6
2025-09-18 21:00:00,247.0,31.1
2025-09-18 22:00:00,271.0,30.6
2025-09-18 23:00:00,300.0,29.2
2025-09-19 00:00:00,311.0,28.6
2025-09-19 01:00:00,290.0,22.6
2025-09-19 02:00:00,253.0,14.3
2025-09-19 03:00:00,221.0,8.0
2025-09-19 04:00:00,204.0,5.5
2025-09-19 05:00:00,193.0,4.9
2025-09-19 06:00:00,186.0,5.1
2025-09-19 07:00:00,182.0,5.5
2025-09-19 08:00:00,182.0,6.6
2025-09-19 09:00:00,187.0,8.6
2025-09-19 10:00:00,196.0,11.9
2025-09-19 11:00:00,210.0,16.0
2025-09-19 12:00:00,230.0,20.3
2025-09-19 13:00:00,264.0,20.1
2025-09-19 14:00:00,304.0,19.7
2025-09-19 15:00:00,325.0,19.3
2025-09-19 16:00:00,310.0,18.4
2025-09-19 17:00:00,276.0,17.5
2025-09-19 18:00:00,246.0,17.7
2025-09-19 19:00:00,227.0,19.9
2025-09-19 20:00:00,212.0,23.3
2025-09-19 21:00:00,207.0,26.1
2025-09-19 22:00:00,221.0,28.6
2025-09-19 23:00:00,246.0,30.5
2025-09-20 00:00:00,259.0,28.1
2025-09-20 01:00:00,248.0,22.8
2025-09-20 02:00:00,226.0,15.6
2025-09-20 03:00:00,208.0,9.8
2025-09-20 04:00:00,201.0,6.9
2025-09-20 05:00:00,198.0,5.5
2025-09-20 06:00:00,196.0,5.2
2025-09-20 07:00:00,192.0,5.7
2025-09-20 08:00:00,188.0,7.2
2025-09-20 09:00:00,186.0,9.9
2025-09-20 10:00:00,187.0,14.4
2025-09-20 11:00:00,190.0,20.1
2025-09-20 12:00:00,197.0,30.0
2025-09-20 13:00:00,207.0,32.7
2025-09-20 14:00:00,221.0,36.3
2025-09-20 15:00:00,241.0,37.8
2025-09-20 16:00:00,276.0,35.3
2025-09-20 17:00:00,316.0,30.8
2025-09-20 18:00:00,338.0,27.5
2025-09-20 19:00:00,323.0,26.9
2025-09-20 20:00:00,290.0,27.6
2025-09-20 21:00:00,267.0,28.1
2025-09-20 22:00:00,269.0,28.6
2025-09-20 23:00:00,282.0,29.0
2025-09-21 00:00:00,287.0,24.7
2025-09-21 01:00:00,278.0,20.7
2025-09-21 02:00:00,261.0,15.1
2025-09-21 03:00:00,245.0,10.6
2025-09-21 04:00:00,229.0,8.1
2025-09-21 05:00:00,214.0,6.8
2025-09-21 06:00:00,203.0,6.7
2025-09-21 07:00:00,198.0,7.8
2025-09-21 08:00:00,198.0,10.1
2025-09-21 09:00:00,205.0,13.6
2025-09-21 10:00:00,219.0,18.9
2025-09-21 11:00:00,240.0,25.5
2025-09-21 12:00:00,271.0,32.3
2025-09-21 13:00:00,331.0,32.2
2025-09-21 14:00:00,403.0,32.2
2025-09-21 15:00:00,432.0,33.7
2025-09-21 16:00:00,374.0,37.9
2025-09-21 17:00:00,275.0,43.6
2025-09-21 18:00:00,219.0,48.9
2025-09-21 19:00:00,254.0,54.0
2025-09-21 20:00:00,332.0,58.8
2025-09-21 21:00:00,396.0,60.6
2025-09-21 22:00:00,429.0,58.1
2025-09-21 23:00:00,449.0,52.7
2025-09-22 00:00:00,451.0,43.2
2025-09-22 01:00:00,423.0,35.7
2025-09-22 02:00:00,377.0,25.2
2025-09-22 03:00:00,348.0,16.5
2025-09-22 04:00:00,357.0,11.3
2025-09-22 05:00:00,382.0,7.9
2025-09-22 06:00:00,401.0,6.1
2025-09-22 07:00:00,405.0,4.4
2025-09-22 08:00:00,401.0,4.2
2025-09-22 09:00:00,388.0,10.2
2025-09-22 10:00:00,340.0,27.6
2025-09-22 11:00:00,283.0,51.1
2025-09-22 12:00:00,292.0,48.2
2025-09-22 13:00:00,452.0,55.7
2025-09-22 14:00:00,678.0,66.0
2025-09-22 15:00:00,794.0,73.8
2025-09-22 16:00:00,679.0,76.7
2025-09-22 17:00:00,454.0,77.0
2025-09-22 18:00:00,301.0,76.4
2025-09-22 19:00:00,313.0,74.5
2025-09-22 20:00:00,396.0,71.7
2025-09-22 21:00:00,455.0,70.6
2025-09-22 22:00:00,449.0,75.2
2025-09-22 23:00:00,419.0,81.5
2025-09-23 00:00:00,390.0,89.9
2025-09-23 01:00:00,373.0,71.9
2025-09-23 02:00:00,357.0,47.0
2025-09-23 03:00:00,337.0,27.0
2025-09-23 04:00:00,309.0,16.8
2025-09-23 05:00:00,277.0,11.5
2025-09-23 06:00:00,253.0,8.7
2025-09-23 07:00:00,240.0,8.0
2025-09-23 08:00:00,233.0,9.8
2025-09-23 09:00:00,233.0,12.8
2025-09-23 10:00:00,234.0,17.1
2025-09-23 11:00:00,241.0,22.6
2025-09-23 12:00:00,266.0,32.9
2025-09-23 13:00:00,329.0,37.5
2025-09-23 14:00:00,410.0,43.8
2025-09-23 15:00:00,462.0,47.4
2025-09-23 16:00:00,452.0,45.2
2025-09-23 17:00:00,413.0,40.3
2025-09-23 18:00:00,394.0,38.3
2025-09-23 19:00:00,426.0,42.5
2025-09-23 20:00:00,479.0,49.5
2025-09-23 21:00:00,507.0,54.4
2025-09-23 22:00:00,488.0,55.5
2025-09-23 23:00:00,446.0,54.5
2025-09-24 00:00:00,404.0,46.3
2025-09-24 01:00:00,371.0,39.9
2025-09-24 02:00:00,339.0,31.0
2025-09-24 03:00:00,311.0,23.0
2025-09-24 04:00:00,287.0,16.8
2025-09-24 05:00:00,268.0,11.7
2025-09-24 06:00:00,259.0,8.6
2025-09-24 07:00:00,268.0,8.3
2025-09-24 08:00:00,286.0,10.0
2025-09-24 09:00:00,296.0,12.9
2025-09-24 10:00:00,283.0,17.1
2025-09-24 11:00:00,262.0,22.4
2025-09-24 12:00:00,257.0,25.0
2025-09-24 13:00:00,287.0,25.4
2025-09-24 14:00:00,333.0,26.1
2025-09-24 15:00:00,359.0,26.5
2025-09-24 16:00:00,341.0,25.9
2025-09-24 17:00:00,303.0,25.2
2025-09-24 18:00:00,278.0,26.5
2025-09-24 19:00:00,270.0,32.2
2025-09-24 20:00:00,276.0,40.0
2025-09-24 21:00:00,311.0,45.2
2025-09-24 22:00:00,417.0,46.5
2025-09-24 23:00:00,554.0,45.2
2025-09-25 00:00:00,616.0,37.2
2025-09-25 01:00:00,530.0,29.4
2025-09-25 02:00:00,370.0,18.5
2025-09-25 03:00:00,247.0,10.1
2025-09-25 04:00:00,212.0,6.4
2025-09-25 05:00:00,214.0,5.2
2025-09-25 06:00:00,216.0,5.0
2025-09-25 07:00:00,204.0,5.2
2025-09-25 08:00:00,192.0,6.5
2025-09-25 09:00:00,188.0,8.8
2025-09-25 10:00:00,197.0,13.1
2025-09-25 11:00:00,214.0,18.5
2025-09-25 12:00:00,234.0,25.1
2025-09-25 13:00:00,261.0,24.7
2025-09-25 14:00:00,291.0,24.1
2025-09-25 15:00:00,309.0,24.2
2025-09-25 16:00:00,304.0,25.1
2025-09-25 17:00:00,286.0,26.5
2025-09-25 18:00:00,269.0,28.6
2025-09-25 19:00:00,253.0,32.2
2025-09-25 20:00:00,239.0,36.5
2025-09-25 21:00:00,240.0,39.0
2025-09-25 22:00:00,274.0,39.0
2025-09-25 23:00:00,324.0,37.1
2025-09-26 00:00:00,350.0,27.1
2025-09-26 01:00:00,326.0,21.8
2025-09-26 02:00:00,279.0,14.5
2025-09-26 03:00:00,243.0,8.8
2025-09-26 04:00:00,236.0,6.2
2025-09-26 05:00:00,241.0,5.3
2025-09-26 06:00:00,244.0,5.3
2025-09-26 07:00:00,240.0,6.0
2025-09-26 08:00:00,233.0,7.7
2025-09-26 09:00:00,229.0,10.1
2025-09-26 10:00:00,228.0,13.9
2025-09-26 11:00:00,229.0,18.4
2025-09-26 12:00:00,232.0,25.6
2025-09-26 13:00:00,239.0,25.1
2025-09-26 14:00:00,247.0,24.4
2025-09-26 15:00:00,251.0,23.7
2025-09-26 16:00:00,245.0,22.7
2025-09-26 17:00:00,235.0,21.8
2025-09-26 18:00:00,225.0,22.2
2025-09-26 19:00:00,215.0,25.2
2025-09-26 20:00:00,205.0,29.6
2025-09-26 21:00:00,206.0,33.3
2025-09-26 22:00:00,229.0,36.7
2025-09-26 23:00:00,262.0,39.6
2025-09-27 00:00:00,282.0,36.4
2025-09-27 01:00:00,277.0,28.4
2025-09-27 02:00:00,259.0,17.3
2025-09-27 03:00:00,242.0,8.9
2025-09-27 04:00:00,229.0,5.6
2025-09-27 05:00:00,218.0,4.9
2025-09-27 06:00:00,210.0,5.1
2025-09-27 07:00:00,208.0,5.6
2025-09-27 08:00:00,211.0,7.0
2025-09-27 09:00:00,214.0,9.0
2025-09-27 10:00:00,216.0,12.0
2025-09-27 11:00:00,220.0,15.7
2025-09-27 12:00:00,226.0,17.0
2025-09-27 13:00:00,240.0,17.5
2025-09-27 14:00:00,256.0,18.0
2025-09-27 15:00:00,263.0,18.0
2025-09-27 16:00:00,253.0,16.8
2025-09-27 17:00:00,233.0,15.1
2025-09-27 18:00:00,215.0,13.8
2025-09-27 19:00:00,202.0,13.5
2025-09-27 20:00:00,192.0,13.8
2025-09-27 21:00:00,187.0,14.2
2025-09-27 22:00:00,194.0,15.1
2025-09-27 23:00:00,207.0,16.2
2025-09-28 00:00:00,214.0,16.7
2025-09-28 01:00:00,206.0,13.3
2025-09-28 02:00:00,191.0,8.5
2025-09-28 03:00:00,180.0,5.0
2025-09-28 04:00:00,177.0,3.7
2025-09-28 05:00:00,177.0,3.6
2025-09-28 06:00:00,178.0,4.1
2025-09-28 07:00:00,174.0,4.8
2025-09-28 08:00:00,170.0,6.2
2025-09-28 09:00:00,176.0,8.7
2025-09-28 10:00:00,203.0,13.5
2025-09-28 11:00:00,241.0,19.5
2025-09-28 12:00:00,269.0,20.8
2025-09-28 13:00:00,277.0,20.5
2025-09-28 14:00:00,275.0,20.1
2025-09-28 15:00:00,269.0,20.0
2025-09-28 16:00:00,259.0,20.1
2025-09-28 17:00:00,246.0,20.4
2025-09-28 18:00:00,233.0,21.8
2025-09-28 19:00:00,222.0,25.3
2025-09-28 20:00:00,213.0,29.8
2025-09-28 21:00:00,207.0,32.7
2025-09-28 22:00:00,206.0,33.3
2025-09-28 23:00:00,209.0,32.4
2025-09-29 00:00:00,214.0,29.0
2025-09-29 01:00:00,225.0,23.5
2025-09-29 02:00:00,239.0,15.9
2025-09-29 03:00:00,245.0,9.9
2025-09-29 04:00:00,237.0,6.8
2025-09-29 05:00:00,221.0,5.4
2025-09-29 06:00:00,208.0,5.4
2025-09-29 07:00:00,199.0,7.2
2025-09-29 08:00:00,193.0,10.5
2025-09-29 09:00:00,194.0,14.0
2025-09-29 10:00:00,207.0,17.6
2025-09-29 11:00:00,227.0,21.5
2025-09-29 12:00:00,242.0,25.6
2025-09-29 13:00:00,247.0,26.2
2025-09-29 14:00:00,247.0,27.1
2025-09-29 15:00:00,243.0,27.5
2025-09-29 16:00:00,233.0,27.1
2025-09-29 17:00:00,220.0,26.3
2025-09-29 18:00:00,215.0,25.9
2025-09-29 19:00:00,222.0,25.5
2025-09-29 20:00:00,238.0,25.4
2025-09-29 21:00:00,262.0,27.7
2025-09-29 22:00:00,308.0,35.6
2025-09-29 23:00:00,362.0,46.0
2025-09-30 00:00:00,385.0,42.9
2025-09-30 01:00:00,348.0,35.7
2025-09-30 02:00:00,280.0,25.7
2025-09-30 03:00:00,223.0,17.9
2025-09-30 04:00:00,194.0,14.4
2025-09-30 05:00:00,177.0,13.0
2025-09-30 06:00:00,165.0,12.9
2025-09-30 07:00:00,154.0,12.8
2025-09-30 08:00:00,148.0,13.9
2025-09-30 09:00:00,149.0,18.7
2025-09-30 10:00:00,158.0,30.8
2025-09-30 11:00:00,173.0,46.6
2025-09-30 12:00:00,191.0,46.9
2025-09-30 13:00:00,215.0,44.7
2025-09-30 14:00:00,242.0,42.1
2025-09-30 15:00:00,259.0,42.2
2025-09-30 16:00:00,258.0,48.2
2025-09-30 17:00:00,247.0,57.0
2025-09-30 18:00:00,236.0,62.7
2025-09-30 19:00:00,226.0,62.6
2025-09-30 20:00:00,216.0,59.5
2025-09-30 21:00:00,209.0,55.6
2025-09-30 22:00:00,209.0,52.1
2025-09-30 23:00:00,213.0,47.8
2025-10-01 00:00:00,211.0,42.5
2025-10-01 01:00:00,197.0,33.2
2025-10-01 02:00:00,176.0,20.3
2025-10-01 03:00:00,160.0,10.5
2025-10-01 04:00:00,152.0,6.4
2025-10-01 05:00:00,147.0,5.3
2025-10-01 06:00:00,146.0,5.6
2025-10-01 07:00:00,147.0,4.5
2025-10-01 08:00:00,152.0,4.9
2025-10-01 09:00:00,160.0,13.6
2025-10-01 10:00:00,164.0,39.0
2025-10-01 11:00:00,171.0,72.8
2025-10-01 12:00:00,208.0,83.1
2025-10-01 13:00:00,299.0,83.1
2025-10-01 14:00:00,419.0,83.1
2025-10-01 15:00:00,520.0,82.8
2025-10-01 16:00:00,599.0,82.1
2025-10-01 17:00:00,659.0,81.1
2025-10-01 18:00:00,658.0,80.2
2025-10-01 19:00:00,523.0,79.8
2025-10-01 20:00:00,327.0,79.5
2025-10-01 21:00:00,245.0,78.0
2025-10-01 22:00:00,410.0,75.7
2025-10-01 23:00:00,689.0,72.2
2025-10-02 00:00:00,860.0,50.2
2025-10-02 01:00:00,813.0,40.5
2025-10-02 02:00:00,659.0,26.9
2025-10-02 03:00:00,507.0,16.1
2025-10-02 04:00:00,383.0,10.4
2025-10-02 05:00:00,262.0,7.3
2025-10-02 06:00:00,178.0,6.1
2025-10-02 07:00:00,154.0,4.2
2025-10-02 08:00:00,168.0,4.1
2025-10-02 09:00:00,180.0,12.5
2025-10-02 10:00:00,166.0,37.3
2025-10-02 11:00:00,152.0,70.5
2025-10-02 12:00:00,175.0,99.8
2025-10-02 13:00:00,267.0,99.6
2025-10-02 14:00:00,397.0,99.2
2025-10-02 15:00:00,508.0,98.0
2025-10-02 16:00:00,590.0,95.5
2025-10-02 17:00:00,652.0,92.2
2025-10-02 18:00:00,666.0,89.1
2025-10-02 19:00:00,596.0,85.9
2025-10-02 20:00:00,477.0,82.9
2025-10-02 21:00:00,385.0,81.4
2025-10-02 22:00:00,354.0,85.4
2025-10-02 23:00:00,349.0,90.9
2025-10-03 00:00:00,342.0,84.7
2025-10-03 01:00:00,320.0,65.1
2025-10-03 02:00:00,296.0,38.1
2025-10-03 03:00:00,278.0,17.5
2025-10-03 04:00:00,270.0,9.5
2025-10-03 05:00:00,267.0,7.9
2025-10-03 06:00:00,268.0,8.2
2025-10-03 07:00:00,272.0,6.6
2025-10-03 08:00:00,279.0,6.8
2025-10-03 09:00:00,288.0,15.3
2025-10-03 10:00:00,305.0,40.7
2025-10-03 11:00:00,323.0,74.4
2025-10-03 12:00:00,328.0,78.5
2025-10-03 13:00:00,306.0,75.8
2025-10-03 14:00:00,270.0,71.9
2025-10-03 15:00:00,242.0,67.2
2025-10-03 16:00:00,224.0,60.7
2025-10-03 17:00:00,215.0,53.5
2025-10-03 18:00:00,233.0,49.4
2025-10-03 19:00:00,301.0,51.5
2025-10-03 20:00:00,396.0,56.7
2025-10-03 21:00:00,463.0,59.2
2025-10-03 22:00:00,474.0,56.3
2025-10-03 23:00:00,457.0,50.7
2025-10-04 00:00:00,438.0,46.8
2025-10-04 01:00:00,424.0,39.5
2025-10-04 02:00:00,408.0,29.4
2025-10-04 03:00:00,395.0,20.7
2025-10-04 04:00:00,389.0,14.8
2025-10-04 05:00:00,386.0,10.4
2025-10-04 06:00:00,381.0,8.0
2025-10-04 07:00:00,375.0,6.3
2025-10-04 08:00:00,367.0,6.4
2025-10-04 09:00:00,353.0,12.8
2025-10-04 10:00:00,327.0,30.9
2025-10-04 11:00:00,294.0,55.1
2025-10-04 12:00:00,268.0,74.9
2025-10-04 13:00:00,250.0,76.4
2025-10-04 14:00:00,238.0,78.3
2025-10-04 15:00:00,238.0,79.0
2025-10-04 16:00:00,256.0,77.4
2025-10-04 17:00:00,286.0,74.6
2025-10-04 18:00:00,311.0,72.4
2025-10-04 19:00:00,311.0,71.4
2025-10-04 20:00:00,308.0,71.1
2025-10-04 21:00:00,348.0,71.5
2025-10-04 22:00:00,500.0,75.6
2025-10-04 23:00:00,695.0,80.5
2025-10-05 00:00:00,780.0,69.6
2025-10-05 01:00:00,645.0,51.7
2025-10-05 02:00:00,400.0,26.9
2025-10-05 03:00:00,212.0,8.6
2025-10-05 04:00:00,156.0,2.8
2025-10-05 05:00:00,158.0,3.5
2025-10-05 06:00:00,164.0,5.0
2025-10-05 07:00:00,159.0,5.3
2025-10-05 08:00:00,158.0,6.5
2025-10-05 09:00:00,159.0,9.6
2025-10-05 10:00:00,158.0,16.1
2025-10-05 11:00:00,159.0,24.6
2025-10-05 12:00:00,171.0,40.0
2025-10-05 13:00:00,205.0,45.6
2025-10-05 14:00:00,249.0,53.3
2025-10-05 15:00:00,277.0,59.3
2025-10-05 16:00:00,272.0,62.8
2025-10-05 17:00:00,251.0,64.5
2025-10-05 18:00:00,234.0,63.2
2025-10-05 19:00:00,227.0,56.7
2025-10-05 20:00:00,225.0,47.0
2025-10-05 21:00:00,230.0,39.2
2025-10-05 22:00:00,249.0,36.1
2025-10-05 23:00:00,275.0,34.7
2025-10-06 00:00:00,288.0,37.2
2025-10-06 01:00:00,274.0,29.1
2025-10-06 02:00:00,247.0,17.8
2025-10-06 03:00:00,224.0,9.2
2025-10-06 04:00:00,212.0,5.8
2025-10-06 05:00:00,205.0,5.0
2025-10-06 06:00:00,200.0,5.2
2025-10-06 07:00:00,195.0,5.5
2025-10-06 08:00:00,191.0,6.7
2025-10-06 09:00:00,191.0,9.8
2025-10-06 10:00:00,196.0,16.0
2025-10-06 11:00:00,206.0,24.1
2025-10-06 12:00:00,217.0,28.1
2025-10-06 13:00:00,233.0,29.5
2025-10-06 14:00:00,251.0,31.3
2025-10-06 15:00:00,262.0,32.0
2025-10-06 16:00:00,263.0,30.7
2025-10-06 17:00:00,257.0,28.3
2025-10-06 18:00:00,249.0,26.4
2025-10-06 19:00:00,236.0,25.3
2025-10-06 20:00:00,221.0,24.7
2025-10-06 21:00:00,220.0,25.6
2025-10-06 22:00:00,250.0,30.0
2025-10-06 23:00:00,295.0,35.7
2025-10-07 00:00:00,320.0,31.9
2025-10-07 01:00:00,304.0,25.7
2025-10-07 02:00:00,269.0,17.0
2025-10-07 03:00:00,243.0,10.4
2025-10-07 04:00:00,241.0,7.5
2025-10-07 05:00:00,248.0,6.5
2025-10-07 06:00:00,252.0,6.7
2025-10-07 07:00:00,245.0,7.1
2025-10-07 08:00:00,233.0,8.5
2025-10-07 09:00:00,225.0,13.1
2025-10-07 10:00:00,213.0,22.9
2025-10-07 11:00:00,204.0,35.7
2025-10-07 12:00:00,226.0,67.2
2025-10-07 13:00:00,311.0,77.0
2025-10-07 14:00:00,427.0,90.4
2025-10-07 15:00:00,503.0,99.8
2025-10-07 16:00:00,504.0,101.6
2025-10-07 17:00:00,466.0,99.4
2025-10-07 18:00:00,427.0,96.6
2025-10-07 19:00:00,392.0,94.7
2025-10-07 20:00:00,357.0,92.2
2025-10-07 21:00:00,346.0,87.9
2025-10-07 22:00:00,384.0,81.6
2025-10-07 23:00:00,445.0,73.6
2025-10-08 00:00:00,478.0,71.4
2025-10-08 01:00:00,453.0,57.2
2025-10-08 02:00:00,401.0,37.4
2025-10-08 03:00:00,356.0,21.6
2025-10-08 04:00:00,335.0,13.4
2025-10-08 05:00:00,323.0,9.1
2025-10-08 06:00:00,309.0,7.0
2025-10-08 07:00:00,289.0,6.0
2025-10-08 08:00:00,268.0,7.3
2025-10-08 09:00:00,253.0,12.4
2025-10-08 10:00:00,244.0,23.6
2025-10-08 11:00:00,240.0,38.5
2025-10-08 12:00:00,248.0,52.9
2025-10-08 13:00:00,281.0,59.1
2025-10-08 14:00:00,325.0,67.6
2025-10-08 15:00:00,350.0,74.0
2025-10-08 16:00:00,333.0,76.8
2025-10-08 17:00:00,297.0,77.5
2025-10-08 18:00:00,276.0,76.4
2025-10-08 19:00:00,287.0,72.6
2025-10-08 20:00:00,314.0,67.0
2025-10-08 21:00:00,346.0,62.9
2025-10-08 22:00:00,387.0,63.4
2025-10-08 23:00:00,434.0,65.5
2025-10-09 00:00:00,463.0,59.7
2025-10-09 01:00:00,462.0,48.4
2025-10-09 02:00:00,445.0,32.8
2025-10-09 03:00:00,425.0,20.1
2025-10-09 04:00:00,410.0,13.3
2025-10-09 05:00:00,392.0,9.4
2025-10-09 06:00:00,370.0,7.4
2025-10-09 07:00:00,334.0,6.5
2025-10-09 08:00:00,293.0,7.5
2025-10-09 09:00:00,269.0,11.1
2025-10-09 10:00:00,271.0,18.8
2025-10-09 11:00:00,290.0,29.1
2025-10-09 12:00:00,315.0,35.2
2025-10-09 13:00:00,349.0,42.2
2025-10-09 14:00:00,390.0,51.9
2025-10-09 15:00:00,424.0,58.9
2025-10-09 16:00:00,449.0,60.3
2025-10-09 17:00:00,468.0,59.1
2025-10-09 18:00:00,475.0,58.6
2025-10-09 19:00:00,456.0,61.0
2025-10-09 20:00:00,426.0,64.1
2025-10-09 21:00:00,425.0,65.0
2025-10-09 22:00:00,490.0,62.5
2025-10-09 23:00:00,583.0,57.7
2025-10-10 00:00:00,634.0,44.3
2025-10-10 01:00:00,602.0,35.8
2025-10-10 02:00:00,528.0,24.0
2025-10-10 03:00:00,461.0,14.6
2025-10-10 04:00:00,419.0,9.7
2025-10-10 05:00:00,385.0,7.2
2025-10-10 06:00:00,353.0,6.1
2025-10-10 07:00:00,318.0,6.1
2025-10-10 08:00:00,285.0,7.5
2025-10-10 09:00:00,265.0,10.7
2025-10-10 10:00:00,267.0,16.7
2025-10-10 11:00:00,281.0,24.6
2025-10-10 12:00:00,292.0,35.8
2025-10-10 13:00:00,293.0,36.9
2025-10-10 14:00:00,291.0,38.4
2025-10-10 15:00:00,288.0,39.7
2025-10-10 16:00:00,278.0,39.9
2025-10-10 17:00:00,266.0,39.9
2025-10-10 18:00:00,275.0,41.5
2025-10-10 19:00:00,319.0,46.7
2025-10-10 20:00:00,383.0,53.6
2025-10-10 21:00:00,441.0,57.9
2025-10-10 22:00:00,493.0,58.6
2025-10-10 23:00:00,540.0,56.8
2025-10-11 00:00:00,559.0,49.3
2025-10-11 01:00:00,534.0,38.2
2025-10-11 02:00:00,481.0,22.9
2025-10-11 03:00:00,421.0,11.2
2025-10-11 04:00:00,351.0,6.6
2025-10-11 05:00:00,273.0,5.6
2025-10-11 06:00:00,216.0,5.7
2025-10-11 07:00:00,192.0,6.0
2025-10-11 08:00:00,187.0,7.3
2025-10-11 09:00:00,191.0,10.1
2025-10-11 10:00:00,205.0,15.5
2025-10-11 11:00:00,227.0,22.4
2025-10-11 12:00:00,242.0,34.3
2025-10-11 13:00:00,244.0,32.7
2025-10-11 14:00:00,239.0,30.6
2025-10-11 15:00:00,234.0,29.6
2025-10-11 16:00:00,231.0,30.6
2025-10-11 17:00:00,228.0,32.8
2025-10-11 18:00:00,227.0,35.2
2025-10-11 19:00:00,208.0,37.6
2025-10-11 20:00:00,191.0,40.2
2025-10-11 21:00:00,237.0,42.3
2025-10-11 22:00:00,430.0,44.9
2025-10-11 23:00:00,686.0,47.1
2025-10-12 00:00:00,810.0,38.2
2025-10-12 01:00:00,672.0,29.4
2025-10-12 02:00:00,403.0,17.3
2025-10-12 03:00:00,199.0,8.1
2025-10-12 04:00:00,148.0,4.5
2025-10-12 05:00:00,163.0,3.9
2025-10-12 06:00:00,178.0,4.2
2025-10-12 07:00:00,171.0,4.8
2025-10-12 08:00:00,164.0,6.4
2025-10-12 09:00:00,165.0,8.9
2025-10-12 10:00:00,178.0,12.8
2025-10-12 11:00:00,198.0,17.5
2025-10-12 12:00:00,215.0,21.3
2025-10-12 13:00:00,228.0,22.2
2025-10-12 14:00:00,238.0,23.6
2025-10-12 15:00:00,242.0,25.3
2025-10-12 16:00:00,238.0,27.2
2025-10-12 17:00:00,228.0,29.5
2025-10-12 18:00:00,218.0,32.8
2025-10-12 19:00:00,209.0,38.6
2025-10-12 20:00:00,201.0,45.4
2025-10-12 21:00:00,194.0,49.0
2025-10-12 22:00:00,189.0,47.5
2025-10-12 23:00:00,185.0,43.0
2025-10-13 00:00:00,184.0,34.5
2025-10-13 01:00:00,187.0,28.2
2025-10-13 02:00:00,193.0,19.3
2025-10-13 03:00:00,197.0,12.2
2025-10-13 04:00:00,196.0,8.3
2025-10-13 05:00:00,192.0,6.0
2025-10-13 06:00:00,188.0,5.2
2025-10-13 07:00:00,179.0,5.8
2025-10-13 08:00:00,169.0,7.9
2025-10-13 09:00:00,176.0,10.8
2025-10-13 10:00:00,215.0,14.9
2025-10-13 11:00:00,271.0,19.9
2025-10-13 12:00:00,314.0,22.0
2025-10-13 13:00:00,331.0,24.3
2025-10-13 14:00:00,335.0,27.8
2025-10-13 15:00:00,330.0,32.3
2025-10-13 16:00:00,314.0,38.1
2025-10-13 17:00:00,290.0,44.9
2025-10-13 18:00:00,270.0,51.9
2025-10-13 19:00:00,257.0,60.8
2025-10-13 20:00:00,249.0,69.9
2025-10-13 21:00:00,252.0,73.1
2025-10-13 22:00:00,278.0,66.6
2025-10-13 23:00:00,315.0,54.2
2025-10-14 00:00:00,330.0,40.8
2025-10-14 01:00:00,304.0,32.2
2025-10-14 02:00:00,257.0,20.2
2025-10-14 03:00:00,216.0,10.9
2025-10-14 04:00:00,189.0,6.7
2025-10-14 05:00:00,167.0,5.2
2025-10-14 06:00:00,152.0,4.9
2025-10-14 07:00:00,145.0,5.5
2025-10-14 08:00:00,145.0,7.2
2025-10-14 09:00:00,149.0,9.7
2025-10-14 10:00:00,155.0,13.2
2025-10-14 11:00:00,166.0,17.4
2025-10-14 12:00:00,182.0,23.8
2025-10-14 13:00:00,208.0,23.4
2025-10-14 14:00:00,241.0,23.2
2025-10-14 15:00:00,270.0,25.0
2025-10-14 16:00:00,293.0,29.9
2025-10-14 17:00:00,312.0,36.9
2025-10-14 18:00:00,330.0,44.8
2025-10-14 19:00:00,345.0,55.8
2025-10-14 20:00:00,357.0,67.8
2025-10-14 21:00:00,371.0,73.2
2025-10-14 22:00:00,396.0,67.0
2025-10-14 23:00:00,423.0,54.2
2025-10-15 00:00:00,425.0,37.7
2025-10-15 01:00:00,378.0,30.3
2025-10-15 02:00:00,306.0,20.1
2025-10-15 03:00:00,252.0,12.1
2025-10-15 04:00:00,238.0,8.2
2025-10-15 05:00:00,243.0,6.5
2025-10-15 06:00:00,244.0,6.1
2025-10-15 07:00:00,230.0,6.8
2025-10-15 08:00:00,213.0,8.9
2025-10-15 09:00:00,206.0,11.8
2025-10-15 10:00:00,218.0,15.7
2025-10-15 11:00:00,240.0,20.5
2025-10-15 12:00:00,264.0,26.1
2025-10-15 13:00:00,289.0,27.2
2025-10-15 14:00:00,314.0,28.9
2025-10-15 15:00:00,331.0,31.9
2025-10-15 16:00:00,317.0,36.9
2025-10-15 17:00:00,294.0,43.2
2025-10-15 18:00:00,321.0,49.1
2025-10-15 19:00:00,444.0,55.1
2025-10-15 20:00:00,616.0,60.6
2025-10-15 21:00:00,753.0,62.3
2025-10-15 22:00:00,845.0,58.1
2025-10-15 23:00:00,901.0,50.1
2025-10-16 00:00:00,873.0,36.2
2025-10-16 01:00:00,691.0,28.7
2025-10-16 02:00:00,423.0,18.3
2025-10-16 03:00:00,225.0,10.2
2025-10-16 04:00:00,169.0,6.6
2025-10-16 05:00:00,182.0,5.2
2025-10-16 06:00:00,200.0,5.1
2025-10-16 07:00:00,204.0,6.0
2025-10-16 08:00:00,213.0,8.1
2025-10-16 09:00:00,223.0,10.8
2025-10-16 10:00:00,233.0,13.8
2025-10-16 11:00:00,244.0,17.5
2025-10-16 12:00:00,252.0,24.8
2025-10-16 13:00:00,253.0,30.6
2025-10-16 14:00:00,252.0,38.6
2025-10-16 15:00:00,250.0,45.6
2025-10-16 16:00:00,245.0,50.1
2025-10-16 17:00:00,241.0,53.5
2025-10-16 18:00:00,252.0,56.3
2025-10-16 19:00:00,283.0,59.3
2025-10-16 20:00:00,330.0,61.7
2025-10-16 21:00:00,391.0,61.5
2025-10-16 22:00:00,496.0,57.6
2025-10-16 23:00:00,615.0,51.0
2025-10-17 00:00:00,660.0,41.1
2025-10-17 01:00:00,562.0,32.7
2025-10-17 02:00:00,390.0,21.1
2025-10-17 03:00:00,261.0,11.9
2025-10-17 04:00:00,228.0,7.5
2025-10-17 05:00:00,237.0,5.5
2025-10-17 06:00:00,247.0,4.8
2025-10-17 07:00:00,243.0,5.4
2025-10-17 08:00:00,239.0,7.3
2025-10-17 09:00:00,236.0,9.7
2025-10-17 10:00:00,235.0,12.6
2025-10-17 11:00:00,234.0,16.1
2025-10-17 12:00:00,232.0,21.5
2025-10-17 13:00:00,222.0,21.8
2025-10-17 14:00:00,210.0,22.4
2025-10-17 15:00:00,217.0,23.5
2025-10-17 16:00:00,251.0,24.7
2025-10-17 17:00:00,304.0,26.5
2025-10-17 18:00:00,365.0,30.4
2025-10-17 19:00:00,436.0,39.0
2025-10-17 20:00:00,516.0,49.8
2025-10-17 21:00:00,591.0,56.3
2025-10-17 22:00:00,683.0,55.6
2025-10-17 23:00:00,771.0,50.7
2025-10-18 00:00:00,777.0,45.7
2025-10-18 01:00:00,629.0,36.6
2025-10-18 02:00:00,400.0,24.0
2025-10-18 03:00:00,230.0,14.0
2025-10-18 04:00:00,184.0,8.9
2025-10-18 05:00:00,196.0,6.4
2025-10-18 06:00:00,210.0,5.4
2025-10-18 07:00:00,206.0,5.2
2025-10-18 08:00:00,203.0,6.4
2025-10-18 09:00:00,202.0,9.8
2025-10-18 10:00:00,201.0,16.9
2025-10-18 11:00:00,201.0,26.3
2025-10-18 12:00:00,214.0,32.0
2025-10-18 13:00:00,247.0,37.8
2025-10-18 14:00:00,293.0,45.8
2025-10-18 15:00:00,333.0,52.3
2025-10-18 16:00:00,359.0,55.4
2025-10-18 17:00:00,381.0,56.9
2025-10-18 18:00:00,408.0,59.3
2025-10-18 19:00:00,452.0,64.2
2025-10-18 20:00:00,502.0,69.8
2025-10-18 21:00:00,534.0,73.2
2025-10-18 22:00:00,540.0,74.2
2025-10-18 23:00:00,527.0,73.0
2025-10-19 00:00:00,495.0,58.6
2025-10-19 01:00:00,431.0,47.4
2025-10-19 02:00:00,347.0,31.8
2025-10-19 03:00:00,280.0,19.3
2025-10-19 04:00:00,246.0,12.7
2025-10-19 05:00:00,230.0,9.1
2025-10-19 06:00:00,220.0,7.5
2025-10-19 07:00:00,218.0,7.6
2025-10-19 08:00:00,222.0,9.6
2025-10-19 09:00:00,223.0,13.1
2025-10-19 10:00:00,213.0,18.3
2025-10-19 11:00:00,198.0,25.1
2025-10-19 12:00:00,188.0,33.3
2025-10-19 13:00:00,181.0,44.1
2025-10-19 14:00:00,180.0,59.0
2025-10-19 15:00:00,197.0,70.3
2025-10-19 16:00:00,252.0,75.5
2025-10-19 17:00:00,325.0,77.0
2025-10-19 18:00:00,375.0,74.7
2025-10-19 19:00:00,375.0,66.5
2025-10-19 20:00:00,351.0,54.4
2025-10-19 21:00:00,345.0,44.3
2025-10-19 22:00:00,387.0,39.2
2025-10-19 23:00:00,446.0,36.2
2025-10-20 00:00:00,470.0,34.8
2025-10-20 01:00:00,424.0,27.0
2025-10-20 02:00:00,343.0,16.4
2025-10-20 03:00:00,275.0,8.3
2025-10-20 04:00:00,238.0,5.2
2025-10-20 05:00:00,213.0,4.8
2025-10-20 06:00:00,197.0,5.6
2025-10-20 07:00:00,186.0,7.2
2025-10-20 08:00:00,184.0,9.9
2025-10-20 09:00:00,195.0,13.4
2025-10-20 10:00:00,227.0,18.2
2025-10-20 11:00:00,272.0,23.8
2025-10-20 12:00:00,309.0,30.3
2025-10-20 13:00:00,335.0,31.0
2025-10-20 14:00:00,352.0,32.0
2025-10-20 15:00:00,348.0,32.2
2025-10-20 16:00:00,306.0,30.8
2025-10-20 17:00:00,243.0,28.7
2025-10-20 18:00:00,191.0,27.4
2025-10-20 19:00:00,162.0,27.7
2025-10-20 20:00:00,144.0,28.9
2025-10-20 21:00:00,137.0,30.2
2025-10-20 22:00:00,145.0,32.3
2025-10-20 23:00:00,164.0,34.5
2025-10-21 00:00:00,182.0,30.6
2025-10-21 01:00:00,199.0,26.6
2025-10-21 02:00:00,215.0,21.1
2025-10-21 03:00:00,218.0,17.1
2025-10-21 04:00:00,196.0,15.8
2025-10-21 05:00:00,161.0,16.0
2025-10-21 06:00:00,138.0,16.6
2025-10-21 07:00:00,136.0,16.4
2025-10-21 08:00:00,146.0,16.6
2025-10-21 09:00:00,169.0,19.5
2025-10-21 10:00:00,204.0,27.8
2025-10-21 11:00:00,252.0,38.6
2025-10-21 12:00:00,317.0,45.2
2025-10-21 13:00:00,417.0,43.9
2025-10-21 14:00:00,535.0,42.1
2025-10-21 15:00:00,622.0,40.6
2025-10-21 16:00:00,664.0,39.7
2025-10-21 17:00:00,677.0,39.1
2025-10-21 18:00:00,655.0,38.7
2025-10-21 19:00:00,576.0,38.8
2025-10-21 20:00:00,463.0,39.2
2025-10-21 21:00:00,382.0,38.9
2025-10-21 22:00:00,364.0,38.2
2025-10-21 23:00:00,376.0,36.8
2025-10-22 00:00:00,391.0,39.8
2025-10-22 01:00:00,403.0,34.4
2025-10-22 02:00:00,416.0,26.9
2025-10-22 03:00:00,415.0,20.3
2025-10-22 04:00:00,387.0,15.2
2025-10-22 05:00:00,345.0,11.0
2025-10-22 06:00:00,306.0,9.1
2025-10-22 07:00:00,274.0,9.5
2025-10-22 08:00:00,246.0,12.2
2025-10-22 09:00:00,229.0,18.9
2025-10-22 10:00:00,231.0,32.6
2025-10-22 11:00:00,244.0,50.2
2025-10-22 12:00:00,259.0,69.3
2025-10-22 13:00:00,272.0,75.4
2025-10-22 14:00:00,287.0,84.0
2025-10-22 15:00:00,302.0,90.9
2025-10-22 16:00:00,312.0,94.7
2025-10-22 17:00:00,323.0,96.9
2025-10-22 18:00:00,352.0,97.8
2025-10-22 19:00:00,420.0,98.4
2025-10-22 20:00:00,506.0,97.9
2025-10-22 21:00:00,564.0,93.8
2025-10-22 22:00:00,572.0,84.3
2025-10-22 23:00:00,552.0,71.3
2025-10-23 00:00:00,529.0,61.3
2025-10-23 01:00:00,516.0,53.0
2025-10-23 02:00:00,499.0,41.4
2025-10-23 03:00:00,463.0,31.2
2025-10-23 04:00:00,386.0,23.5
2025-10-23 05:00:00,290.0,17.1
2025-10-23 06:00:00,221.0,13.4
2025-10-23 07:00:00,187.0,12.1
2025-10-23 08:00:00,180.0,13.4
2025-10-23 09:00:00,228.0,19.0
2025-10-23 10:00:00,380.0,32.9
2025-10-23 11:00:00,586.0,51.2
2025-10-23 12:00:00,728.0,49.2
2025-10-23 13:00:00,741.0,47.4
2025-10-23 14:00:00,689.0,45.0
2025-10-23 15:00:00,646.0,43.3
2025-10-23 16:00:00,650.0,43.4
2025-10-23 17:00:00,662.0,44.2
2025-10-23 18:00:00,640.0,44.5
2025-10-23 19:00:00,550.0,43.7
2025-10-23 20:00:00,425.0,42.2
2025-10-23 21:00:00,329.0,40.5
2025-10-23 22:00:00,290.0,38.8
2025-10-23 23:00:00,280.0,36.8
2025-10-24 00:00:00,271.0,30.7
2025-10-24 01:00:00,255.0,26.6
2025-10-24 02:00:00,240.0,20.8
2025-10-24 03:00:00,230.0,15.7
2025-10-24 04:00:00,227.0,11.3
2025-10-24 05:00:00,229.0,7.6
2025-10-24 06:00:00,231.0,6.3
2025-10-24 07:00:00,232.0,7.6
2025-10-24 08:00:00,234.0,11.4
2025-10-24 09:00:00,235.0,18.9
2025-10-24 10:00:00,233.0,33.4
2025-10-24 11:00:00,229.0,51.7
2025-10-24 12:00:00,229.0,55.7
2025-10-24 13:00:00,228.0,55.2
2025-10-24 14:00:00,230.0,54.8
2025-10-24 15:00:00,249.0,56.1
2025-10-24 16:00:00,296.0,60.5
2025-10-24 17:00:00,360.0,66.6
2025-10-24 18:00:00,423.0,71.8
2025-10-24 19:00:00,480.0,76.3
2025-10-24 20:00:00,535.0,79.8
2025-10-24 21:00:00,585.0,79.3
2025-10-24 22:00:00,638.0,72.6
2025-10-24 23:00:00,685.0,61.9
2025-10-25 00:00:00,699.0,50.1
2025-10-25 01:00:00,659.0,41.4
2025-10-25 02:00:00,586.0,29.3
2025-10-25 03:00:00,515.0,19.3
2025-10-25 04:00:00,458.0,13.3
2025-10-25 05:00:00,404.0,9.5
2025-10-25 06:00:00,356.0,7.9
2025-10-25 07:00:00,314.0,8.3
2025-10-25 08:00:00,278.0,10.8
2025-10-25 09:00:00,250.0,16.5
2025-10-25 10:00:00,229.0,27.2
2025-10-25 11:00:00,216.0,40.9
2025-10-25 12:00:00,222.0,64.3
2025-10-25 13:00:00,256.0,67.8
2025-10-25 14:00:00,309.0,72.6
2025-10-25 15:00:00,358.0,75.7
2025-10-25 16:00:00,398.0,75.5
2025-10-25 17:00:00,434.0,73.6
2025-10-25 18:00:00,459.0,71.6
2025-10-25 19:00:00,463.0,70.2
2025-10-25 20:00:00,456.0,68.6
2025-10-25 21:00:00,460.0,66.1
2025-10-25 22:00:00,499.0,62.5
2025-10-25 23:00:00,549.0,58.0
2025-10-26 00:00:00,564.0,54.6
2025-10-26 01:00:00,513.0,48.5
2025-10-26 02:00:00,428.0,39.8
2025-10-26 03:00:00,352.0,31.4
2025-10-26 04:00:00,300.0,23.3
2025-10-26 05:00:00,258.0,15.5
2025-10-26 06:00:00,229.0,10.5
2025-10-26 07:00:00,219.0,8.4
2025-10-26 08:00:00,223.0,9.1
2025-10-26 09:00:00,230.0,15.1
2025-10-26 10:00:00,232.0,30.0
2025-10-26 11:00:00,237.0,50.1
2025-10-26 12:00:00,264.0,41.5
2025-10-26 13:00:00,326.0,42.9
2025-10-26 14:00:00,409.0,45.0
2025-10-26 15:00:00,490.0,47.2
2025-10-26 16:00:00,574.0,49.5
2025-10-26 17:00:00,657.0,52.1
2025-10-26 18:00:00,699.0,54.7
2025-10-26 19:00:00,667.0,57.9
2025-10-26 20:00:00,594.0,61.2
2025-10-26 21:00:00,542.0,62.8
2025-10-26 22:00:00,549.0,62.1
2025-10-26 23:00:00,577.0,59.8
2025-10-27 00:00:00,569.0,44.0
2025-10-27 01:00:00,482.0,40.8
2025-10-27 02:00:00,359.0,36.2
2025-10-27 03:00:00,274.0,31.2
2025-10-27 04:00:00,265.0,25.4
2025-10-27 05:00:00,294.0,19.3
2025-10-27 06:00:00,315.0,15.5
2025-10-27 07:00:00,309.0,13.3
2025-10-27 08:00:00,296.0,13.5
2025-10-27 09:00:00,291.0,20.5
2025-10-27 10:00:00,302.0,41.1
2025-10-27 11:00:00,321.0,68.6
2025-10-27 12:00:00,335.0,107.6
2025-10-27 13:00:00,343.0,108.7
2025-10-27 14:00:00,345.0,109.9
2025-10-27 15:00:00,333.0,108.9
2025-10-27 16:00:00,278.0,104.2
2025-10-27 17:00:00,208.0,97.2
2025-10-27 18:00:00,196.0,90.8
2025-10-27 19:00:00,307.0,86.2
2025-10-27 20:00:00,475.0,82.0
2025-10-27 21:00:00,581.0,76.8
2025-10-27 22:00:00,562.0,69.5
2025-10-27 23:00:00,480.0,61.1
2025-10-28 00:00:00,400.0,49.3
2025-10-28 01:00:00,340.0,42.9
2025-10-28 02:00:00,282.0,34.1
2025-10-28 03:00:00,233.0,27.2
2025-10-28 04:00:00,196.0,23.3
2025-10-28 05:00:00,168.0,21.3
2025-10-28 06:00:00,150.0,22.5
2025-10-28 07:00:00,136.0,27.1
2025-10-28 08:00:00,131.0,34.9
2025-10-28 09:00:00,152.0,46.0
2025-10-28 10:00:00,200.0,63.9
2025-10-28 11:00:00,274.0,85.2
2025-10-28 12:00:00,384.0,56.7
2025-10-28 13:00:00,573.0,66.6
2025-10-28 14:00:00,797.0,80.2
2025-10-28 15:00:00,941.0,90.0
2025-10-28 16:00:00,936.0,92.0
2025-10-28 17:00:00,851.0,90.1
2025-10-28 18:00:00,767.0,88.8
2025-10-28 19:00:00,708.0,89.2
2025-10-28 20:00:00,651.0,90.2
2025-10-28 21:00:00,612.0,92.7
2025-10-28 22:00:00,611.0,101.5
2025-10-28 23:00:00,628.0,111.8
2025-10-29 00:00:00,625.0,65.9
2025-10-29 01:00:00,577.0,56.5
2025-10-29 02:00:00,507.0,43.4
2025-10-29 03:00:00,453.0,32.1
2025-10-29 04:00:00,433.0,24.1
2025-10-29 05:00:00,428.0,17.9
2025-10-29 06:00:00,412.0,14.7
2025-10-29 07:00:00,355.0,14.8
2025-10-29 08:00:00,288.0,18.0
2025-10-29 09:00:00,277.0,24.6
2025-10-29 10:00:00,379.0,36.9
2025-10-29 11:00:00,538.0,52.6
2025-10-29 12:00:00,653.0,137.2
2025-10-29 13:00:00,694.0,134.2
2025-10-29 14:00:00,692.0,129.9
2025-10-29 15:00:00,639.0,125.3
2025-10-29 16:00:00,500.0,120.2
2025-10-29 17:00:00,311.0,114.8
2025-10-29 18:00:00,173.0,110.6
2025-10-29 19:00:00,135.0,110.0
2025-10-29 20:00:00,148.0,110.5
2025-10-29 21:00:00,168.0,106.8
2025-10-29 22:00:00,183.0,95.7
2025-10-29 23:00:00,205.0,80.3
2025-10-30 00:00:00,227.0,39.7
2025-10-30 01:00:00,256.0,33.1
2025-10-30 02:00:00,285.0,24.0
2025-10-30 03:00:00,291.0,16.8
2025-10-30 04:00:00,252.0,12.9
2025-10-30 05:00:00,190.0,10.9
2025-10-30 06:00:00,148.0,10.6
2025-10-30 07:00:00,145.0,10.1
2025-10-30 08:00:00,163.0,11.3
2025-10-30 09:00:00,187.0,19.4
2025-10-30 10:00:00,179.0,41.4
2025-10-30 11:00:00,178.0,70.4
2025-10-30 12:00:00,286.0,51.4
2025-10-30 13:00:00,603.0,47.0
2025-10-30 14:00:00,1028.0,40.9
2025-10-30 15:00:00,1367.0,37.4
2025-10-30 16:00:00,1586.0,38.6
2025-10-30 17:00:00,1718.0,42.2
2025-10-30 18:00:00,1663.0,45.5
2025-10-30 19:00:00,1273.0,47.8
2025-10-30 20:00:00,696.0,49.7
2025-10-30 21:00:00,275.0,50.1
2025-10-30 22:00:00,178.0,48.5
2025-10-30 23:00:00,237.0,45.3
2025-10-31 00:00:00,289.0,31.6
2025-10-31 01:00:00,275.0,25.8
2025-10-31 02:00:00,254.0,17.7
2025-10-31 03:00:00,235.0,11.7
2025-10-31 04:00:00,220.0,9.5
2025-10-31 05:00:00,207.0,9.4
2025-10-31 06:00:00,198.0,10.2
2025-10-31 07:00:00,195.0,10.6
2025-10-31 08:00:00,195.0,12.0
2025-10-31 09:00:00,197.0,17.5
2025-10-31 10:00:00,196.0,31.4
2025-10-31 11:00:00,196.0,49.5
2025-10-31 12:00:00,203.0,51.6
2025-10-31 13:00:00,228.0,50.9
2025-10-31 14:00:00,259.0,50.1
2025-10-31 15:00:00,271.0,50.2
2025-10-31 16:00:00,244.0,52.6
2025-10-31 17:00:00,198.0,55.9
2025-10-31 18:00:00,163.0,57.3
2025-10-31 19:00:00,150.0,55.6
2025-10-31 20:00:00,149.0,52.0
2025-10-31 21:00:00,156.0,47.2
2025-10-31 22:00:00,177.0,40.8
2025-10-31 23:00:00,206.0,33.2
2025-11-01 00:00:00,224.0,31.0
2025-11-01 01:00:00,221.0,26.7
2025-11-01 02:00:00,207.0,20.8
2025-11-01 03:00:00,195.0,15.7
2025-11-01 04:00:00,188.0,11.9
2025-11-01 05:00:00,182.0,9.0
2025-11-01 06:00:00,177.0,8.7
2025-11-01 07:00:00,171.0,10.4
2025-11-01 08:00:00,166.0,14.8
2025-11-01 09:00:00,170.0,25.6
2025-11-01 10:00:00,163.0,50.7
2025-11-01 11:00:00,165.0,82.4
2025-11-01 12:00:00,247.0,44.2
2025-11-01 13:00:00,503.0,43.5
2025-11-01 14:00:00,838.0,42.6
2025-11-01 15:00:00,1043.0,43.3
2025-11-01 16:00:00,984.0,47.1
2025-11-01 17:00:00,795.0,52.4
2025-11-01 18:00:00,661.0,56.3
2025-11-01 19:00:00,690.0,58.0
2025-11-01 20:00:00,774.0,58.3
2025-11-01 21:00:00,784.0,57.0
2025-11-01 22:00:00,631.0,53.8
2025-11-01 23:00:00,403.0,48.9
2025-11-02 00:00:00,232.0,38.8
2025-11-02 01:00:00,180.0,31.0
2025-11-02 02:00:00,184.0,20.2
2025-11-02 03:00:00,190.0,11.8
2025-11-02 04:00:00,175.0,7.5
2025-11-02 05:00:00,160.0,5.6
2025-11-02 06:00:00,157.0,6.2
2025-11-02 07:00:00,140.0,7.6
2025-11-02 08:00:00,133.0,11.5
2025-11-02 09:00:00,221.0,22.6
2025-11-02 10:00:00,505.0,48.1
2025-11-02 11:00:00,882.0,80.9
2025-11-02 12:00:00,1131.0,118.0
2025-11-02 13:00:00,1135.0,117.0
2025-11-02 14:00:00,1010.0,115.7
2025-11-02 15:00:00,881.0,114.1
2025-11-02 16:00:00,776.0,112.4
2025-11-02 17:00:00,666.0,110.6
2025-11-02 18:00:00,596.0,108.7
2025-11-02 19:00:00,592.0,108.0
2025-11-02 20:00:00,626.0,107.2
2025-11-02 21:00:00,661.0,102.9
2025-11-02 22:00:00,696.0,92.7
2025-11-02 23:00:00,731.0,78.9
2025-11-03 00:00:00,726.0,59.6
2025-11-03 01:00:00,646.0,48.5
2025-11-03 02:00:00,526.0,33.1
2025-11-03 03:00:00,430.0,20.9
2025-11-03 04:00:00,384.0,14.7
2025-11-03 05:00:00,362.0,11.6
2025-11-03 06:00:00,346.0,10.5
2025-11-03 07:00:00,331.0,10.7
2025-11-03 08:00:00,324.0,13.0
2025-11-03 09:00:00,323.0,18.4
2025-11-03 10:00:00,329.0,29.1
2025-11-03 11:00:00,342.0,43.0
2025-11-03 12:00:00,363.0,91.7
2025-11-03 13:00:00,388.0,92.2
2025-11-03 14:00:00,421.0,92.7
2025-11-03 15:00:00,478.0,92.6
2025-11-03 16:00:00,599.0,91.2
2025-11-03 17:00:00,745.0,89.1
2025-11-03 18:00:00,814.0,87.3
2025-11-03 19:00:00,729.0,87.5
2025-11-03 20:00:00,568.0,88.1
2025-11-03 21:00:00,465.0,85.1
2025-11-03 22:00:00,496.0,75.9
2025-11-03 23:00:00,585.0,63.1
2025-11-04 00:00:00,645.0,61.5
2025-11-04 01:00:00,639.0,53.5
2025-11-04 02:00:00,603.0,42.1
2025-11-04 03:00:00,563.0,32.1
2025-11-04 04:00:00,514.0,23.9
2025-11-04 05:00:00,461.0,16.9
2025-11-04 06:00:00,441.0,14.2
2025-11-04 07:00:00,461.0,18.4
2025-11-04 08:00:00,514.0,26.9
2025-11-04 09:00:00,624.0,34.8
2025-11-04 10:00:00,873.0,40.7
2025-11-04 11:00:00,1179.0,46.1
2025-11-04 12:00:00,1312.0,72.5
2025-11-04 13:00:00,1109.0,73.5
2025-11-04 14:00:00,733.0,74.8
2025-11-04 15:00:00,453.0,74.8
2025-11-04 16:00:00,393.0,72.9
2025-11-04 17:00:00,427.0,69.7
2025-11-04 18:00:00,447.0,65.5
2025-11-04 19:00:00,403.0,59.6
2025-11-04 20:00:00,345.0,52.8
2025-11-04 21:00:00,311.0,47.8
2025-11-04 22:00:00,326.0,46.7
2025-11-04 23:00:00,366.0,47.5
2025-11-05 00:00:00,397.0,53.2
2025-11-05 01:00:00,408.0,47.4
2025-11-05 02:00:00,410.0,39.2
2025-11-05 03:00:00,401.0,31.6
2025-11-05 04:00:00,370.0,24.9
2025-11-05 05:00:00,328.0,18.8
2025-11-05 06:00:00,302.0,15.5
2025-11-05 07:00:00,308.0,16.3
2025-11-05 08:00:00,331.0,20.0
2025-11-05 09:00:00,350.0,24.9
2025-11-05 10:00:00,350.0,31.3
2025-11-05 11:00:00,347.0,39.0
2025-11-05 12:00:00,362.0,68.1
2025-11-05 13:00:00,400.0,68.1
2025-11-05 14:00:00,456.0,68.1
2025-11-05 15:00:00,545.0,67.9
2025-11-05 16:00:00,713.0,67.7
2025-11-05 17:00:00,914.0,67.4
2025-11-05 18:00:00,1018.0,66.3
2025-11-05 19:00:00,948.0,63.5
2025-11-05 20:00:00,781.0,59.9
2025-11-05 21:00:00,625.0,57.2
2025-11-05 22:00:00,509.0,57.2
2025-11-05 23:00:00,404.0,58.1
2025-11-06 00:00:00,328.0,76.2
2025-11-06 01:00:00,299.0,64.7
2025-11-06 02:00:00,300.0,48.6
2025-11-06 03:00:00,300.0,35.5
2025-11-06 04:00:00,290.0,28.1
2025-11-06 05:00:00,278.0,23.6
2025-11-06 06:00:00,262.0,21.1
2025-11-06 07:00:00,233.0,16.2
2025-11-06 08:00:00,200.0,13.3
2025-11-06 09:00:00,181.0,24.0
2025-11-06 10:00:00,186.0,63.6
2025-11-06 11:00:00,205.0,116.9
2025-11-06 12:00:00,234.0,97.3
2025-11-06 13:00:00,274.0,90.8
2025-11-06 14:00:00,323.0,81.8
2025-11-06 15:00:00,367.0,73.6
2025-11-06 16:00:00,403.0,67.0
2025-11-06 17:00:00,435.0,61.4
2025-11-06 18:00:00,461.0,58.2
2025-11-06 19:00:00,473.0,59.9
2025-11-06 20:00:00,480.0,64.2
2025-11-06 21:00:00,502.0,65.2
2025-11-06 22:00:00,565.0,60.2
2025-11-06 23:00:00,644.0,52.0
2025-11-07 00:00:00,682.0,45.6
2025-11-07 01:00:00,643.0,38.6
2025-11-07 02:00:00,563.0,28.9
2025-11-07 03:00:00,490.0,20.8
2025-11-07 04:00:00,441.0,15.4
2025-11-07 05:00:00,399.0,11.7
2025-11-07 06:00:00,359.0,10.7
2025-11-07 07:00:00,306.0,12.9
2025-11-07 08:00:00,256.0,17.9
2025-11-07 09:00:00,251.0,25.7
2025-11-07 10:00:00,299.0,38.6
2025-11-07 11:00:00,391.0,54.2
2025-11-07 12:00:00,548.0,68.2
2025-11-07 13:00:00,826.0,72.5
2025-11-07 14:00:00,1168.0,78.9
2025-11-07 15:00:00,1425.0,87.1
2025-11-07 16:00:00,1544.0,99.4
2025-11-07 17:00:00,1576.0,113.6
2025-11-07 18:00:00,1530.0,122.3
2025-11-07 19:00:00,1378.0,122.6
2025-11-07 20:00:00,1146.0,117.6
2025-11-07 21:00:00,921.0,108.8
2025-11-07 22:00:00,716.0,95.1
2025-11-07 23:00:00,517.0,77.6
2025-11-08 00:00:00,368.0,62.6
2025-11-08 01:00:00,299.0,53.1
2025-11-08 02:00:00,280.0,40.0
2025-11-08 03:00:00,265.0,29.4
2025-11-08 04:00:00,235.0,23.7
2025-11-08 05:00:00,208.0,20.6
2025-11-08 06:00:00,194.0,19.2
2025-11-08 07:00:00,197.0,18.7
2025-11-08 08:00:00,214.0,19.9
2025-11-08 09:00:00,239.0,24.6
2025-11-08 10:00:00,274.0,34.6
2025-11-08 11:00:00,318.0,48.0
2025-11-08 12:00:00,363.0,78.4
2025-11-08 13:00:00,408.0,75.9
2025-11-08 14:00:00,454.0,72.2
2025-11-08 15:00:00,497.0,68.3
2025-11-08 16:00:00,545.0,63.5
2025-11-08 17:00:00,591.0,58.4
2025-11-08 18:00:00,607.0,56.1
2025-11-08 19:00:00,568.0,59.5
2025-11-08 20:00:00,499.0,65.7
2025-11-08 21:00:00,456.0,68.5
2025-11-08 22:00:00,469.0,65.0
2025-11-08 23:00:00,507.0,58.1
2025-11-09 00:00:00,534.0,52.6
2025-11-09 01:00:00,538.0,43.4
2025-11-09 02:00:00,531.0,30.7
2025-11-09 03:00:00,517.0,20.5
2025-11-09 04:00:00,496.0,14.6
2025-11-09 05:00:00,467.0,11.2
2025-11-09 06:00:00,433.0,10.9
2025-11-09 07:00:00,383.0,13.6
2025-11-09 08:00:00,327.0,19.4
2025-11-09 09:00:00,302.0,28.6
2025-11-09 10:00:00,329.0,44.0
2025-11-09 11:00:00,388.0,62.8
2025-11-09 12:00:00,449.0,55.3
2025-11-09 13:00:00,491.0,56.6
2025-11-09 14:00:00,537.0,58.6
2025-11-09 15:00:00,622.0,62.3
2025-11-09 16:00:00,815.0,68.7
2025-11-09 17:00:00,1048.0,76.6
2025-11-09 18:00:00,1154.0,84.1
2025-11-09 19:00:00,1008.0,92.3
2025-11-09 20:00:00,736.0,100.0
2025-11-09 21:00:00,545.0,101.0
2025-11-09 22:00:00,546.0,91.0
2025-11-09 23:00:00,629.0,74.4
2025-11-10 00:00:00,670.0,54.0
2025-11-10 01:00:00,604.0,54.4
2025-11-10 02:00:00,496.0,54.5
2025-11-10 03:00:00,413.0,51.3
2025-11-10 04:00:00,390.0,41.5
2025-11-10 05:00:00,393.0,28.4
2025-11-10 06:00:00,387.0,19.2
2025-11-10 07:00:00,350.0,16.6
2025-11-10 08:00:00,305.0,17.9
2025-11-10 09:00:00,284.0,21.8
2025-11-10 10:00:00,311.0,29.7
2025-11-10 11:00:00,361.0,40.2
2025-11-10 12:00:00,400.0,51.9
2025-11-10 13:00:00,409.0,54.2
2025-11-10 14:00:00,406.0,57.4
2025-11-10 15:00:00,406.0,59.2
2025-11-10 16:00:00,407.0,58.6
2025-11-10 17:00:00,411.0,56.7
2025-11-10 18:00:00,440.0,54.7
2025-11-10 19:00:00,516.0,52.7
2025-11-10 20:00:00,616.0,50.6
2025-11-10 21:00:00,695.0,48.8
2025-11-10 22:00:00,745.0,48.0
2025-11-10 23:00:00,774.0,47.6
2025-11-11 00:00:00,764.0,46.3
2025-11-11 01:00:00,694.0,43.8
2025-11-11 02:00:00,586.0,40.0
2025-11-11 03:00:00,483.0,35.1
2025-11-11 04:00:00,398.0,27.6
2025-11-11 05:00:00,319.0,19.0
2025-11-11 06:00:00,254.0,13.7
2025-11-11 07:00:00,201.0,12.3
2025-11-11 08:00:00,162.0,14.2
2025-11-11 09:00:00,154.0,21.9
2025-11-11 10:00:00,191.0,39.4
2025-11-11 11:00:00,258.0,62.7
2025-11-11 12:00:00,329.0,80.4
2025-11-11 13:00:00,403.0,78.7
2025-11-11 14:00:00,480.0,75.9
2025-11-11 15:00:00,536.0,70.6
2025-11-11 16:00:00,562.0,60.2
2025-11-11 17:00:00,568.0,47.2
2025-11-11 18:00:00,556.0,37.7
2025-11-11 19:00:00,510.0,34.7
2025-11-11 20:00:00,446.0,35.1
2025-11-11 21:00:00,416.0,36.2
2025-11-11 22:00:00,462.0,37.7
2025-11-11 23:00:00,543.0,39.9
2025-11-12 00:00:00,584.0,41.3
2025-11-12 01:00:00,545.0,37.1
2025-11-12 02:00:00,466.0,31.3
2025-11-12 03:00:00,393.0,26.8
2025-11-12 04:00:00,341.0,24.2
2025-11-12 05:00:00,296.0,22.8
2025-11-12 06:00:00,261.0,23.9
2025-11-12 07:00:00,230.0,26.8
2025-11-12 08:00:00,210.0,32.2
2025-11-12 09:00:00,217.0,42.9
2025-11-12 10:00:00,277.0,63.4
2025-11-12 11:00:00,366.0,89.3
2025-11-12 12:00:00,427.0,145.0
2025-11-12 13:00:00,430.0,138.4
2025-11-12 14:00:00,405.0,129.0
2025-11-12 15:00:00,387.0,119.0
2025-11-12 16:00:00,384.0,108.7
2025-11-12 17:00:00,388.0,97.7
2025-11-12 18:00:00,407.0,87.9
2025-11-12 19:00:00,457.0,79.7
2025-11-12 20:00:00,521.0,72.6
2025-11-12 21:00:00,563.0,66.5
2025-11-12 22:00:00,566.0,62.3
2025-11-12 23:00:00,545.0,59.0
2025-11-13 00:00:00,510.0,51.5
2025-11-13 01:00:00,454.0,44.7
2025-11-13 02:00:00,384.0,35.4
2025-11-13 03:00:00,327.0,28.5
2025-11-13 04:00:00,293.0,26.7
2025-11-13 05:00:00,271.0,27.4
2025-11-13 06:00:00,259.0,27.6
2025-11-13 07:00:00,256.0,24.6
2025-11-13 08:00:00,263.0,21.1
2025-11-13 09:00:00,274.0,21.8
2025-11-13 10:00:00,291.0,30.8
2025-11-13 11:00:00,313.0,44.0
2025-11-13 12:00:00,330.0,70.2
2025-11-13 13:00:00,338.0,70.3
2025-11-13 14:00:00,341.0,70.3
2025-11-13 15:00:00,348.0,68.9
2025-11-13 16:00:00,365.0,64.9
2025-11-13 17:00:00,387.0,59.5
2025-11-13 18:00:00,401.0,55.0
2025-11-13 19:00:00,405.0,52.2
2025-11-13 20:00:00,402.0,50.2
2025-11-13 21:00:00,390.0,48.6
2025-11-13 22:00:00,359.0,48.5
2025-11-13 23:00:00,318.0,48.7
2025-11-14 00:00:00,292.0,79.3
2025-11-14 01:00:00,299.0,62.8
2025-11-14 02:00:00,320.0,39.9
2025-11-14 03:00:00,327.0,21.8
2025-11-14 04:00:00,299.0,12.8
2025-11-14 05:00:00,256.0,8.5
2025-11-14 06:00:00,227.0,7.1
2025-11-14 07:00:00,229.0,7.8
2025-11-14 08:00:00,245.0,11.2
2025-11-14 09:00:00,258.0,17.6
2025-11-14 10:00:00,252.0,28.0
2025-11-14 11:00:00,242.0,41.2
2025-11-14 12:00:00,253.0,70.9
2025-11-14 13:00:00,312.0,70.6
2025-11-14 14:00:00,392.0,70.1
2025-11-14 15:00:00,431.0,69.7
2025-11-14 16:00:00,392.0,69.7
2025-11-14 17:00:00,313.0,69.7
2025-11-14 18:00:00,248.0,68.5
2025-11-14 19:00:00,211.0,65.2
2025-11-14 20:00:00,187.0,60.8
2025-11-14 21:00:00,187.0,56.9
2025-11-14 22:00:00,230.0,54.7
2025-11-14 23:00:00,298.0,53.0
2025-11-15 00:00:00,338.0,42.4
2025-11-15 01:00:00,320.0,38.1
2025-11-15 02:00:00,275.0,32.0
2025-11-15 03:00:00,250.0,26.0
2025-11-15 04:00:00,269.0,19.7
2025-11-15 05:00:00,307.0,13.5
2025-11-15 06:00:00,338.0,10.1
2025-11-15 07:00:00,325.0,10.0
2025-11-15 08:00:00,304.0,12.8
2025-11-15 09:00:00,361.0,20.2
2025-11-15 10:00:00,559.0,35.2
2025-11-15 11:00:00,834.0,54.9
2025-11-15 12:00:00,1085.0,54.6
2025-11-15 13:00:00,1303.0,64.6
2025-11-15 14:00:00,1496.0,78.2
2025-11-15 15:00:00,1590.0,87.1
2025-11-15 16:00:00,1532.0,86.1
2025-11-15 17:00:00,1374.0,80.3
2025-11-15 18:00:00,1198.0,76.6
2025-11-15 19:00:00,1017.0,79.6
2025-11-15 20:00:00,817.0,84.8
2025-11-15 21:00:00,639.0,85.3
2025-11-15 22:00:00,490.0,77.2
2025-11-15 23:00:00,363.0,64.5
2025-11-16 00:00:00,275.0,48.5
2025-11-16 01:00:00,248.0,40.5
2025-11-16 02:00:00,261.0,29.3
2025-11-16 03:00:00,270.0,20.2
2025-11-16 04:00:00,257.0,14.5
2025-11-16 05:00:00,240.0,10.8
2025-11-16 06:00:00,225.0,10.4
2025-11-16 07:00:00,203.0,14.3
2025-11-16 08:00:00,184.0,21.3
2025-11-16 09:00:00,196.0,29.5
2025-11-16 10:00:00,239.0,38.7
2025-11-16 11:00:00,314.0,48.9
2025-11-16 12:00:00,456.0,68.3
2025-11-16 13:00:00,712.0,71.0
2025-11-16 14:00:00,1035.0,74.6
2025-11-16 15:00:00,1319.0,76.6
2025-11-16 16:00:00,1563.0,74.9
2025-11-16 17:00:00,1768.0,71.4
2025-11-16 18:00:00,1830.0,69.8
2025-11-16 19:00:00,1649.0,73.4
2025-11-16 20:00:00,1325.0,78.7
2025-11-16 21:00:00,1058.0,79.2
2025-11-16 22:00:00,932.0,70.3
2025-11-16 23:00:00,863.0,56.5
2025-11-17 00:00:00,795.0,56.7
2025-11-17 01:00:00,705.0,47.2
2025-11-17 02:00:00,616.0,34.0
2025-11-17 03:00:00,538.0,23.3
2025-11-17 04:00:00,466.0,16.9
2025-11-17 05:00:00,405.0,13.0
2025-11-17 06:00:00,381.0,12.1
2025-11-17 07:00:00,418.0,14.9
2025-11-17 08:00:00,491.0,20.7
2025-11-17 09:00:00,553.0,28.1
2025-11-17 10:00:00,590.0,37.6
2025-11-17 11:00:00,614.0,48.6
2025-11-17 12:00:00,617.0,54.3
2025-11-17 13:00:00,580.0,58.2
2025-11-17 14:00:00,521.0,63.5
2025-11-17 15:00:00,486.0,67.2
2025-11-17 16:00:00,497.0,67.1
2025-11-17 17:00:00,532.0,65.4
2025-11-17 18:00:00,574.0,65.0
2025-11-17 19:00:00,627.0,68.2
2025-11-17 20:00:00,687.0,72.8
2025-11-17 21:00:00,727.0,74.9
2025-11-17 22:00:00,729.0,73.2
2025-11-17 23:00:00,712.0,69.1
2025-11-18 00:00:00,701.0,54.1
2025-11-18 01:00:00,730.0,46.9
2025-11-18 02:00:00,765.0,36.8
2025-11-18 03:00:00,738.0,28.1
2025-11-18 04:00:00,585.0,21.9
2025-11-18 05:00:00,370.0,17.0
2025-11-18 06:00:00,210.0,14.1
2025-11-18 07:00:00,159.0,13.5
2025-11-18 08:00:00,163.0,15.0
2025-11-18 09:00:00,180.0,18.2
2025-11-18 10:00:00,198.0,24.2
2025-11-18 11:00:00,228.0,32.1
2025-11-18 12:00:00,263.0,61.1
2025-11-18 13:00:00,306.0,57.7
2025-11-18 14:00:00,354.0,53.0
2025-11-18 15:00:00,393.0,48.9
2025-11-18 16:00:00,417.0,45.8
2025-11-18 17:00:00,433.0,43.3
2025-11-18 18:00:00,446.0,42.6
2025-11-18 19:00:00,462.0,44.6
2025-11-18 20:00:00,475.0,48.2
2025-11-18 21:00:00,477.0,51.8
2025-11-18 22:00:00,462.0,56.1
2025-11-18 23:00:00,435.0,60.2
2025-11-19 00:00:00,400.0,44.4
2025-11-19 01:00:00,348.0,39.2
2025-11-19 02:00:00,288.0,32.0
2025-11-19 03:00:00,247.0,25.4
2025-11-19 04:00:00,242.0,19.9
2025-11-19 05:00:00,257.0,15.1
2025-11-19 06:00:00,265.0,12.8
2025-11-19 07:00:00,245.0,12.1
2025-11-19 08:00:00,219.0,13.9
2025-11-19 09:00:00,230.0,23.0
2025-11-19 10:00:00,311.0,47.8
2025-11-19 11:00:00,429.0,79.9
2025-11-19 12:00:00,529.0,56.8
2025-11-19 13:00:00,599.0,55.8
2025-11-19 14:00:00,650.0,54.3
2025-11-19 15:00:00,661.0,52.9
2025-11-19 16:00:00,598.0,51.4
2025-11-19 17:00:00,495.0,50.0
2025-11-19 18:00:00,437.0,49.9
2025-11-19 19:00:00,480.0,52.3
2025-11-19 20:00:00,569.0,55.9
2025-11-19 21:00:00,621.0,58.1
2025-11-19 22:00:00,601.0,58.2
2025-11-19 23:00:00,544.0,56.9
2025-11-20 00:00:00,479.0,59.6
2025-11-20 01:00:00,404.0,52.1
2025-11-20 02:00:00,319.0,41.6
2025-11-20 03:00:00,260.0,32.9
2025-11-20 04:00:00,243.0,27.7
2025-11-20 05:00:00,251.0,24.2
2025-11-20 06:00:00,262.0,22.7
2025-11-20 07:00:00,270.0,19.9
2025-11-20 08:00:00,280.0,18.9
2025-11-20 09:00:00,287.0,29.3
2025-11-20 10:00:00,284.0,62.8
2025-11-20 11:00:00,278.0,107.6
2025-11-20 12:00:00,288.0,63.2
2025-11-20 13:00:00,324.0,65.2
2025-11-20 14:00:00,376.0,68.2
2025-11-20 15:00:00,425.0,71.2
2025-11-20 16:00:00,474.0,73.9
2025-11-20 17:00:00,520.0,76.7
2025-11-20 18:00:00,538.0,80.0
2025-11-20 19:00:00,503.0,86.1
2025-11-20 20:00:00,441.0,92.7
2025-11-20 21:00:00,401.0,93.8
2025-11-20 22:00:00,422.0,85.3
2025-11-20 23:00:00,465.0,71.3
2025-11-21 00:00:00,468.0,73.0
2025-11-21 01:00:00,385.0,60.8
2025-11-21 02:00:00,261.0,43.9
2025-11-21 03:00:00,170.0,30.3
2025-11-21 04:00:00,147.0,23.4
2025-11-21 05:00:00,156.0,19.8
2025-11-21 06:00:00,164.0,17.8
2025-11-21 07:00:00,150.0,15.7
2025-11-21 08:00:00,134.0,15.2
2025-11-21 09:00:00,145.0,19.2
2025-11-21 10:00:00,203.0,30.8
2025-11-21 11:00:00,287.0,46.8
2025-11-21 12:00:00,362.0,88.5
2025-11-21 13:00:00,408.0,88.1
2025-11-21 14:00:00,445.0,87.6
2025-11-21 15:00:00,502.0,87.1
2025-11-21 16:00:00,604.0,87.5
2025-11-21 17:00:00,725.0,88.0
2025-11-21 18:00:00,818.0,86.1
2025-11-21 19:00:00,868.0,79.7
2025-11-21 20:00:00,891.0,70.9
2025-11-21 21:00:00,885.0,63.7
2025-11-21 22:00:00,839.0,59.9
2025-11-21 23:00:00,764.0,57.6
2025-11-22 00:00:00,695.0,62.5
2025-11-22 01:00:00,648.0,57.5
2025-11-22 02:00:00,606.0,50.3
2025-11-22 03:00:00,554.0,42.4
2025-11-22 04:00:00,475.0,32.7
2025-11-22 05:00:00,386.0,22.4
2025-11-22 06:00:00,325.0,16.1
2025-11-22 07:00:00,299.0,15.2
2025-11-22 08:00:00,301.0,18.3
2025-11-22 09:00:00,342.0,26.1
2025-11-22 10:00:00,468.0,42.6
2025-11-22 11:00:00,633.0,63.6
2025-11-22 12:00:00,719.0,113.3
2025-11-22 13:00:00,648.0,100.4
2025-11-22 14:00:00,497.0,82.3
2025-11-22 15:00:00,375.0,67.1
2025-11-22 16:00:00,321.0,57.3
2025-11-22 17:00:00,296.0,50.3
2025-11-22 18:00:00,286.0,46.3
2025-11-22 19:00:00,293.0,46.6
2025-11-22 20:00:00,316.0,49.9
2025-11-22 21:00:00,338.0,52.7
2025-11-22 22:00:00,360.0,54.3
2025-11-22 23:00:00,382.0,55.4
2025-11-23 00:00:00,386.0,58.7
2025-11-23 01:00:00,358.0,53.0
2025-11-23 02:00:00,311.0,44.8
2025-11-23 03:00:00,272.0,37.4
2025-11-23 04:00:00,251.0,31.3
2025-11-23 05:00:00,238.0,25.9
2025-11-23 06:00:00,225.0,22.2
2025-11-23 07:00:00,187.0,20.0
2025-11-23 08:00:00,150.0,19.6
2025-11-23 09:00:00,176.0,22.1
2025-11-23 10:00:00,342.0,29.3
2025-11-23 11:00:00,573.0,39.5
2025-11-23 12:00:00,704.0,68.0
2025-11-23 13:00:00,634.0,59.9
2025-11-23 14:00:00,464.0,48.7
2025-11-23 15:00:00,335.0,40.4
2025-11-23 16:00:00,308.0,37.4
2025-11-23 17:00:00,322.0,37.3
2025-11-23 18:00:00,332.0,38.7
2025-11-23 19:00:00,320.0,42.1
2025-11-23 20:00:00,304.0,47.1
2025-11-23 21:00:00,290.0,50.5
2025-11-23 22:00:00,281.0,51.8
2025-11-23 23:00:00,275.0,51.7
2025-11-24 00:00:00,267.0,46.6
2025-11-24 01:00:00,258.0,39.6
2025-11-24 02:00:00,247.0,29.9
2025-11-24 03:00:00,236.0,21.7
2025-11-24 04:00:00,219.0,16.0
2025-11-24 05:00:00,201.0,11.8
2025-11-24 06:00:00,198.0,10.4
2025-11-24 07:00:00,214.0,12.3
2025-11-24 08:00:00,245.0,17.0
2025-11-24 09:00:00,288.0,23.8
2025-11-24 10:00:00,353.0,33.6
2025-11-24 11:00:00,430.0,45.6
2025-11-24 12:00:00,487.0,85.7
2025-11-24 13:00:00,512.0,90.9
2025-11-24 14:00:00,519.0,98.3
2025-11-24 15:00:00,512.0,104.7
2025-11-24 16:00:00,494.0,109.3
2025-11-24 17:00:00,462.0,113.0
2025-11-24 18:00:00,422.0,115.5
2025-11-24 19:00:00,363.0,118.4
2025-11-24 20:00:00,295.0,120.2
2025-11-24 21:00:00,251.0,116.0
2025-11-24 22:00:00,252.0,101.5
2025-11-24 23:00:00,277.0,81.1
2025-11-25 00:00:00,292.0,60.4
2025-11-25 01:00:00,280.0,54.4
2025-11-25 02:00:00,258.0,45.8
2025-11-25 03:00:00,241.0,37.2
2025-11-25 04:00:00,237.0,28.2
2025-11-25 05:00:00,238.0,19.2
2025-11-25 06:00:00,238.0,13.5
2025-11-25 07:00:00,231.0,9.3
2025-11-25 08:00:00,222.0,8.5
2025-11-25 09:00:00,220.0,20.2
2025-11-25 10:00:00,228.0,57.3
2025-11-25 11:00:00,244.0,107.0
2025-11-25 12:00:00,263.0,184.8
2025-11-25 13:00:00,289.0,189.3
2025-11-25 14:00:00,320.0,195.0
2025-11-25 15:00:00,343.0,195.5
2025-11-25 16:00:00,344.0,186.6
2025-11-25 17:00:00,337.0,172.6
2025-11-25 18:00:00,355.0,160.0
2025-11-25 19:00:00,429.0,152.8
2025-11-25 20:00:00,528.0,146.9
2025-11-25 21:00:00,589.0,136.6
2025-11-25 22:00:00,584.0,118.0
2025-11-25 23:00:00,542.0,95.0
2025-11-26 00:00:00,488.0,97.2
2025-11-26 01:00:00,419.0,74.9
2025-11-26 02:00:00,339.0,44.1
2025-11-26 03:00:00,279.0,20.5
2025-11-26 04:00:00,257.0,10.7
2025-11-26 05:00:00,257.0,8.1
2025-11-26 06:00:00,259.0,8.2
2025-11-26 07:00:00,258.0,8.6
2025-11-26 08:00:00,260.0,11.8
2025-11-26 09:00:00,264.0,20.6
2025-11-26 10:00:00,270.0,38.8
2025-11-26 11:00:00,278.0,62.7
2025-11-26 12:00:00,285.0,84.6
2025-11-26 13:00:00,290.0,85.5
2025-11-26 14:00:00,294.0,87.0
2025-11-26 15:00:00,299.0,90.7
2025-11-26 16:00:00,308.0,99.2
2025-11-26 17:00:00,318.0,109.8
2025-11-26 18:00:00,315.0,116.0
2025-11-26 19:00:00,289.0,115.4
2025-11-26 20:00:00,251.0,110.3
2025-11-26 21:00:00,223.0,101.6
2025-11-26 22:00:00,208.0,87.7
2025-11-26 23:00:00,204.0,70.0
2025-11-27 00:00:00,225.0,51.4
2025-11-27 01:00:00,296.0,42.7
2025-11-27 02:00:00,393.0,30.5
2025-11-27 03:00:00,454.0,20.5
2025-11-27 04:00:00,442.0,14.1
2025-11-27 05:00:00,395.0,9.9
2025-11-27 06:00:00,361.0,8.6
2025-11-27 07:00:00,361.0,10.5
2025-11-27 08:00:00,375.0,15.4
2025-11-27 09:00:00,390.0,23.1
2025-11-27 10:00:00,405.0,36.0
2025-11-27 11:00:00,422.0,51.7
2025-11-27 12:00:00,430.0,72.7
2025-11-27 13:00:00,425.0,77.6
2025-11-27 14:00:00,411.0,84.2
2025-11-27 15:00:00,396.0,88.8
2025-11-27 16:00:00,380.0,89.4
2025-11-27 17:00:00,362.0,87.8
2025-11-27 18:00:00,351.0,85.9
2025-11-27 19:00:00,352.0,84.7
2025-11-27 20:00:00,358.0,83.2
2025-11-27 21:00:00,362.0,79.7
2025-11-27 22:00:00,357.0,73.4
2025-11-27 23:00:00,349.0,65.1
2025-11-28 00:00:00,343.0,61.0
2025-11-28 01:00:00,347.0,51.6
2025-11-28 02:00:00,352.0,38.4
2025-11-28 03:00:00,344.0,27.0
2025-11-28 04:00:00,305.0,18.8
2025-11-28 05:00:00,251.0,12.4
2025-11-28 06:00:00,217.0,9.4
2025-11-28 07:00:00,223.0,9.3
2025-11-28 08:00:00,249.0,12.5
2025-11-28 09:00:00,266.0,22.3
2025-11-28 10:00:00,263.0,43.7
2025-11-28 11:00:00,251.0,71.5
2025-11-28 12:00:00,239.0,58.0
2025-11-28 13:00:00,222.0,67.1
2025-11-28 14:00:00,205.0,79.6
2025-11-28 15:00:00,214.0,89.1
2025-11-28 16:00:00,277.0,92.7
2025-11-28 17:00:00,366.0,93.1
2025-11-28 18:00:00,417.0,92.6
2025-11-28 19:00:00,387.0,92.2
2025-11-28 20:00:00,320.0,90.8
2025-11-28 21:00:00,280.0,86.8
2025-11-28 22:00:00,307.0,78.9
2025-11-28 23:00:00,362.0,68.4
2025-11-29 00:00:00,394.0,65.3
2025-11-29 01:00:00,376.0,54.7
2025-11-29 02:00:00,335.0,39.8
2025-11-29 03:00:00,297.0,27.5
2025-11-29 04:00:00,264.0,19.8
2025-11-29 05:00:00,234.0,14.5
2025-11-29 06:00:00,226.0,12.1
2025-11-29 07:00:00,260.0,11.9
2025-11-29 08:00:00,317.0,14.4
2025-11-29 09:00:00,356.0,21.9
2025-11-29 10:00:00,351.0,39.5
2025-11-29 11:00:00,329.0,62.0
2025-11-29 12:00:00,327.0,148.4
2025-11-29 13:00:00,372.0,135.1
2025-11-29 14:00:00,437.0,116.8
2025-11-29 15:00:00,477.0,103.9
2025-11-29 16:00:00,473.0,102.0
2025-11-29 17:00:00,446.0,105.6
2025-11-29 18:00:00,408.0,108.2
2025-11-29 19:00:00,356.0,108.0
2025-11-29 20:00:00,294.0,106.7
2025-11-29 21:00:00,251.0,103.7
2025-11-29 22:00:00,246.0,99.1
2025-11-29 23:00:00,261.0,92.7
2025-11-30 00:00:00,267.0,76.2
2025-11-30 01:00:00,246.0,61.4
2025-11-30 02:00:00,217.0,40.8
2025-11-30 03:00:00,206.0,24.4
2025-11-30 04:00:00,230.0,15.8
2025-11-30 05:00:00,272.0,11.3
2025-11-30 06:00:00,307.0,9.9
2025-11-30 07:00:00,327.0,11.4
2025-11-30 08:00:00,341.0,16.0
2025-11-30 09:00:00,351.0,23.4
2025-11-30 10:00:00,353.0,35.7
2025-11-30 11:00:00,351.0,50.8
2025-11-30 12:00:00,366.0,150.5
2025-11-30 13:00:00,422.0,131.8
2025-11-30 14:00:00,494.0,105.6
2025-11-30 15:00:00,526.0,83.6
2025-11-30 16:00:00,482.0,69.9
2025-11-30 17:00:00,399.0,60.3
2025-11-30 18:00:00,325.0,54.0
2025-11-30 19:00:00,275.0,52.3
2025-11-30 20:00:00,234.0,53.9
2025-11-30 21:00:00,213.0,54.2
2025-11-30 22:00:00,219.0,51.4
2025-11-30 23:00:00,243.0,47.3
2025-12-01 00:00:00,274.0,49.3
2025-12-01 01:00:00,314.0,43.3
2025-12-01 02:00:00,361.0,34.8
2025-12-01 03:00:00,387.0,26.9
2025-12-01 04:00:00,376.0,19.7
2025-12-01 05:00:00,344.0,13.1
2025-12-01 06:00:00,320.0,9.3
2025-12-01 07:00:00,314.0,8.9
2025-12-01 08:00:00,315.0,11.4
2025-12-01 09:00:00,320.0,17.4
2025-12-01 10:00:00,326.0,30.7
2025-12-01 11:00:00,335.0,47.5
2025-12-01 12:00:00,353.0,70.7
2025-12-01 13:00:00,395.0,73.9
2025-12-01 14:00:00,445.0,78.3
2025-12-01 15:00:00,464.0,81.8
2025-12-01 16:00:00,420.0,83.6
2025-12-01 17:00:00,346.0,84.4
2025-12-01 18:00:00,297.0,84.4
2025-12-01 19:00:00,305.0,84.2
2025-12-01 20:00:00,338.0,83.1
2025-12-01 21:00:00,365.0,79.9
2025-12-01 22:00:00,375.0,73.4
2025-12-01 23:00:00,378.0,64.7
2025-12-02 00:00:00,371.0,49.3
2025-12-02 01:00:00,347.0,42.9
2025-12-02 02:00:00,313.0,34.0
2025-12-02 03:00:00,281.0,25.9
2025-12-02 04:00:00,256.0,19.3
2025-12-02 05:00:00,234.0,13.6
2025-12-02 06:00:00,215.0,10.8
2025-12-02 07:00:00,157.0,11.6
2025-12-02 08:00:00,103.0,15.3
2025-12-02 09:00:00,177.0,22.0
2025-12-02 10:00:00,502.0,34.5
2025-12-02 11:00:00,956.0,49.9
2025-12-02 12:00:00,1300.0,56.4
2025-12-02 13:00:00,1447.0,51.6
2025-12-02 14:00:00,1484.0,45.2
2025-12-02 15:00:00,1429.0,41.6
2025-12-02 16:00:00,1248.0,43.4
2025-12-02 17:00:00,975.0,48.0
2025-12-02 18:00:00,738.0,51.8
2025-12-02 19:00:00,570.0,53.2
2025-12-02 20:00:00,437.0,53.7
2025-12-02 21:00:00,368.0,54.5
2025-12-02 22:00:00,411.0,57.1
2025-12-02 23:00:00,518.0,59.9
2025-12-03 00:00:00,571.0,56.5
2025-12-03 01:00:00,504.0,48.7
2025-12-03 02:00:00,383.0,37.7
2025-12-03 03:00:00,288.0,28.8
2025-12-03 04:00:00,251.0,23.7
2025-12-03 05:00:00,240.0,20.5
2025-12-03 06:00:00,236.0,19.1
2025-12-03 07:00:00,234.0,15.3
2025-12-03 08:00:00,239.0,13.2
2025-12-03 09:00:00,245.0,24.8
2025-12-03 10:00:00,250.0,66.1
2025-12-03 11:00:00,255.0,121.1
2025-12-03 12:00:00,258.0,120.9
2025-12-03 13:00:00,257.0,127.5
2025-12-03 14:00:00,254.0,136.1
2025-12-03 15:00:00,252.0,139.3
2025-12-03 16:00:00,252.0,133.2
2025-12-03 17:00:00,252.0,121.7
2025-12-03 18:00:00,249.0,109.0
2025-12-03 19:00:00,238.0,95.2
2025-12-03 20:00:00,225.0,80.2
2025-12-03 21:00:00,222.0,67.7
2025-12-03 22:00:00,240.0,59.9
2025-12-03 23:00:00,267.0,54.5
2025-12-04 00:00:00,284.0,35.0
2025-12-04 01:00:00,280.0,31.8
2025-12-04 02:00:00,264.0,27.4
2025-12-04 03:00:00,246.0,23.5
2025-12-04 04:00:00,226.0,20.1
2025-12-04 05:00:00,204.0,17.4
2025-12-04 06:00:00,185.0,17.2
2025-12-04 07:00:00,169.0,21.0
2025-12-04 08:00:00,156.0,27.4
2025-12-04 09:00:00,156.0,34.6
2025-12-04 10:00:00,154.0,43.1
2025-12-04 11:00:00,165.0,52.4
2025-12-04 12:00:00,240.0,57.8
2025-12-04 13:00:00,450.0,61.7
2025-12-04 14:00:00,725.0,67.2
2025-12-04 15:00:00,904.0,72.3
2025-12-04 16:00:00,906.0,77.0
2025-12-04 17:00:00,813.0,81.3
2025-12-04 18:00:00,713.0,83.7
2025-12-04 19:00:00,614.0,83.5
2025-12-04 20:00:00,508.0,81.3
2025-12-04 21:00:00,456.0,77.7
2025-12-04 22:00:00,514.0,72.8
2025-12-04 23:00:00,626.0,66.4
2025-12-05 00:00:00,684.0,60.1
2025-12-05 01:00:00,630.0,53.1
2025-12-05 02:00:00,523.0,43.1
2025-12-05 03:00:00,432.0,33.6
2025-12-05 04:00:00,379.0,24.8
2025-12-05 05:00:00,342.0,16.5
2025-12-05 06:00:00,319.0,11.5
2025-12-05 07:00:00,315.0,11.5
2025-12-05 08:00:00,325.0,14.7
2025-12-05 09:00:00,335.0,18.9
2025-12-05 10:00:00,335.0,23.5
2025-12-05 11:00:00,335.0,29.1
2025-12-05 12:00:00,353.0,47.8
2025-12-05 13:00:00,404.0,49.7
2025-12-05 14:00:00,473.0,52.2
2025-12-05 15:00:00,528.0,53.7
2025-12-05 16:00:00,556.0,52.8
2025-12-05 17:00:00,570.0,50.8
2025-12-05 18:00:00,577.0,49.8
2025-12-05 19:00:00,583.0,51.1
2025-12-05 20:00:00,583.0,53.3
2025-12-05 21:00:00,569.0,54.2
2025-12-05 22:00:00,533.0,53.0
2025-12-05 23:00:00,484.0,50.5
2025-12-06 00:00:00,442.0,42.0
2025-12-06 01:00:00,416.0,39.4
2025-12-06 02:00:00,396.0,35.7
2025-12-06 03:00:00,378.0,32.2
2025-12-06 04:00:00,359.0,28.9
2025-12-06 05:00:00,340.0,25.8
2025-12-06 06:00:00,321.0,24.0
2025-12-06 07:00:00,296.0,23.2
2025-12-06 08:00:00,271.0,23.7
2025-12-06 09:00:00,261.0,27.8
2025-12-06 10:00:00,276.0,39.3
2025-12-06 11:00:00,306.0,54.4
2025-12-06 12:00:00,332.0,69.2
2025-12-06 13:00:00,344.0,69.8
2025-12-06 14:00:00,352.0,70.4
2025-12-06 15:00:00,374.0,69.3
2025-12-06 16:00:00,433.0,65.3
2025-12-06 17:00:00,505.0,59.7
2025-12-06 18:00:00,540.0,54.5
2025-12-06 19:00:00,484.0,50.0
2025-12-06 20:00:00,391.0,45.9
2025-12-06 21:00:00,364.0,43.3
2025-12-06 22:00:00,482.0,44.0
2025-12-06 23:00:00,667.0,46.2
2025-12-07 00:00:00,790.0,50.3
2025-12-07 01:00:00,786.0,45.2
2025-12-07 02:00:00,721.0,38.0
2025-12-07 03:00:00,665.0,31.7
2025-12-07 04:00:00,648.0,27.2
2025-12-07 05:00:00,642.0,23.6
2025-12-07 06:00:00,626.0,21.4
2025-12-07 07:00:00,589.0,19.6
2025-12-07 08:00:00,543.0,19.2
2025-12-07 09:00:00,510.0,23.5
2025-12-07 10:00:00,509.0,37.5
2025-12-07 11:00:00,521.0,56.1
2025-12-07 12:00:00,515.0,107.0
2025-12-07 13:00:00,464.0,88.4
2025-12-07 14:00:00,394.0,62.8
2025-12-07 15:00:00,358.0,43.8
2025-12-07 16:00:00,390.0,38.0
2025-12-07 17:00:00,454.0,38.8
2025-12-07 18:00:00,501.0,40.2
2025-12-07 19:00:00,510.0,40.4
2025-12-07 20:00:00,501.0,41.1
2025-12-07 21:00:00,479.0,41.5
2025-12-07 22:00:00,438.0,41.3
2025-12-07 23:00:00,383.0,40.8
2025-12-08 00:00:00,337.0,44.1
2025-12-08 01:00:00,303.0,39.3
2025-12-08 02:00:00,277.0,32.5
2025-12-08 03:00:00,267.0,26.5
2025-12-08 04:00:00,285.0,21.2
2025-12-08 05:00:00,318.0,16.5
2025-12-08 06:00:00,337.0,15.3
2025-12-08 07:00:00,321.0,16.5
2025-12-08 08:00:00,289.0,21.1
2025-12-08 09:00:00,273.0,34.6
2025-12-08 10:00:00,286.0,66.6
2025-12-08 11:00:00,313.0,107.6
2025-12-08 12:00:00,344.0,74.8
2025-12-08 13:00:00,386.0,71.3
2025-12-08 14:00:00,432.0,66.4
2025-12-08 15:00:00,445.0,61.3
2025-12-08 16:00:00,396.0,56.2
2025-12-08 17:00:00,314.0,51.0
2025-12-08 18:00:00,252.0,46.9
2025-12-08 19:00:00,232.0,45.0
2025-12-08 20:00:00,231.0,44.2
2025-12-08 21:00:00,232.0,42.8
2025-12-08 22:00:00,228.0,39.9
2025-12-08 23:00:00,226.0,36.3
2025-12-09 00:00:00,228.0,35.9
2025-12-09 01:00:00,238.0,34.6
2025-12-09 02:00:00,251.0,32.6
2025-12-09 03:00:00,258.0,30.2
2025-12-09 04:00:00,248.0,26.7
2025-12-09 05:00:00,232.0,22.6
2025-12-09 06:00:00,228.0,20.2
2025-12-09 07:00:00,252.0,19.2
2025-12-09 08:00:00,289.0,19.9
2025-12-09 09:00:00,309.0,24.5
2025-12-09 10:00:00,295.0,36.5
2025-12-09 11:00:00,265.0,52.6
2025-12-09 12:00:00,245.0,70.4
2025-12-09 13:00:00,240.0,70.7
2025-12-09 14:00:00,245.0,71.0
2025-12-09 15:00:00,272.0,71.0
2025-12-09 16:00:00,346.0,70.4
2025-12-09 17:00:00,442.0,69.5
2025-12-09 18:00:00,494.0,68.6
2025-12-09 19:00:00,460.0,68.5
2025-12-09 20:00:00,382.0,68.4
2025-12-09 21:00:00,324.0,66.9
2025-12-09 22:00:00,315.0,63.4
2025-12-09 23:00:00,326.0,58.4
2025-12-10 00:00:00,327.0,63.9
2025-12-10 01:00:00,300.0,51.6
2025-12-10 02:00:00,263.0,34.5
2025-12-10 03:00:00,242.0,20.9
2025-12-10 04:00:00,252.0,13.8
2025-12-10 05:00:00,278.0,10.3
2025-12-10 06:00:00,295.0,9.9
2025-12-10 07:00:00,291.0,13.5
2025-12-10 08:00:00,279.0,20.4
2025-12-10 09:00:00,275.0,27.5
2025-12-10 10:00:00,286.0,34.1
2025-12-10 11:00:00,305.0,41.1
2025-12-10 12:00:00,323.0,38.3
2025-12-10 13:00:00,332.0,39.6
2025-12-10 14:00:00,342.0,41.5
2025-12-10 15:00:00,367.0,44.2
2025-12-10 16:00:00,429.0,48.1
2025-12-10 17:00:00,508.0,52.7
2025-12-10 18:00:00,559.0,56.5
2025-12-10 19:00:00,564.0,59.2
2025-12-10 20:00:00,541.0,61.1
2025-12-10 21:00:00,508.0,61.5
2025-12-10 22:00:00,460.0,60.1
2025-12-10 23:00:00,401.0,57.2
2025-12-11 00:00:00,360.0,50.5
2025-12-11 01:00:00,357.0,43.3
2025-12-11 02:00:00,371.0,33.2
2025-12-11 03:00:00,368.0,25.0
2025-12-11 04:00:00,322.0,20.4
2025-12-11 05:00:00,259.0,17.6
2025-12-11 06:00:00,224.0,16.4
2025-12-11 07:00:00,244.0,12.5
2025-12-11 08:00:00,292.0,10.1
2025-12-11 09:00:00,326.0,21.7
2025-12-11 10:00:00,328.0,62.9
2025-12-11 11:00:00,316.0,118.0
2025-12-11 12:00:00,310.0,83.7
2025-12-11 13:00:00,320.0,73.7
2025-12-11 14:00:00,336.0,60.1
2025-12-11 15:00:00,344.0,50.4
2025-12-11 16:00:00,330.0,48.5
2025-12-11 17:00:00,307.0,50.5
2025-12-11 18:00:00,307.0,52.9
2025-12-11 19:00:00,358.0,55.2
2025-12-11 20:00:00,431.0,57.9
2025-12-11 21:00:00,466.0,58.7
2025-12-11 22:00:00,421.0,57.2
2025-12-11 23:00:00,338.0,53.9
2025-12-12 00:00:00,280.0,50.6
2025-12-12 01:00:00,279.0,46.0
2025-12-12 02:00:00,304.0,39.3
2025-12-12 03:00:00,319.0,32.8
2025-12-12 04:00:00,310.0,26.3
2025-12-12 05:00:00,292.0,19.9
2025-12-12 06:00:00,276.0,15.7
2025-12-12 07:00:00,262.0,13.7
2025-12-12 08:00:00,250.0,13.8
2025-12-12 09:00:00,248.0,18.0
2025-12-12 10:00:00,266.0,30.8
2025-12-12 11:00:00,294.0,47.6
2025-12-12 12:00:00,315.0,59.7
2025-12-12 13:00:00,323.0,49.7
2025-12-12 14:00:00,323.0,35.9
2025-12-12 15:00:00,310.0,25.5
2025-12-12 16:00:00,274.0,21.6
2025-12-12 17:00:00,226.0,21.1
2025-12-12 18:00:00,190.0,22.0
2025-12-12 19:00:00,169.0,24.0
2025-12-12 20:00:00,161.0,27.6
2025-12-12 21:00:00,179.0,31.7
2025-12-12 22:00:00,251.0,38.2
2025-12-12 23:00:00,349.0,45.2
2025-12-13 00:00:00,405.0,50.8
2025-12-13 01:00:00,376.0,40.5
2025-12-13 02:00:00,303.0,26.1
2025-12-13 03:00:00,247.0,15.0
2025-12-13 04:00:00,233.0,10.0
2025-12-13 05:00:00,234.0,8.1
2025-12-13 06:00:00,231.0,7.9
2025-12-13 07:00:00,211.0,8.0
2025-12-13 08:00:00,186.0,9.7
2025-12-13 09:00:00,172.0,15.6
2025-12-13 10:00:00,174.0,29.7
2025-12-13 11:00:00,186.0,47.9
2025-12-13 12:00:00,205.0,62.2
2025-12-13 13:00:00,235.0,56.8
2025-12-13 14:00:00,271.0,49.3
2025-12-13 15:00:00,298.0,43.1
2025-12-13 16:00:00,309.0,39.5
2025-12-13 17:00:00,310.0,37.2
2025-12-13 18:00:00,306.0,35.6
2025-12-13 19:00:00,296.0,34.6
2025-12-13 20:00:00,281.0,34.4
2025-12-13 21:00:00,267.0,34.9
2025-12-13 22:00:00,258.0,37.4
2025-12-13 23:00:00,251.0,40.6
2025-12-14 00:00:00,242.0,34.7
2025-12-14 01:00:00,228.0,29.8
2025-12-14 02:00:00,213.0,23.0
2025-12-14 03:00:00,203.0,17.9
2025-12-14 04:00:00,203.0,15.6
2025-12-14 05:00:00,209.0,15.0
2025-12-14 06:00:00,210.0,16.2
2025-12-14 07:00:00,199.0,19.7
2025-12-14 08:00:00,183.0,25.1
2025-12-14 09:00:00,177.0,31.1
2025-12-14 10:00:00,185.0,38.2
2025-12-14 11:00:00,202.0,45.9
2025-12-14 12:00:00,233.0,63.8
2025-12-14 13:00:00,289.0,66.2
2025-12-14 14:00:00,358.0,69.3
2025-12-14 15:00:00,405.0,69.4
2025-12-14 16:00:00,415.0,64.3
2025-12-14 17:00:00,403.0,56.2
2025-12-14 18:00:00,386.0,48.4
2025-12-14 19:00:00,361.0,41.3
2025-12-14 20:00:00,329.0,34.6
2025-12-14 21:00:00,314.0,30.1
2025-12-14 22:00:00,336.0,30.0
2025-12-14 23:00:00,375.0,32.1
2025-12-15 00:00:00,388.0,33.9
2025-12-15 01:00:00,346.0,28.3
2025-12-15 02:00:00,279.0,20.5
2025-12-15 03:00:00,229.0,14.3
2025-12-15 04:00:00,217.0,11.0
2025-12-15 05:00:00,222.0,9.2
2025-12-15 06:00:00,226.0,9.4
2025-12-15 07:00:00,219.0,11.0
2025-12-15 08:00:00,210.0,14.5
2025-12-15 09:00:00,210.0,21.3
2025-12-15 10:00:00,224.0,33.4
2025-12-15 11:00:00,247.0,48.8
2025-12-15 12:00:00,275.0,137.7
2025-12-15 13:00:00,319.0,143.1
2025-12-15 14:00:00,368.0,150.4
2025-12-15 15:00:00,382.0,155.1
2025-12-15 16:00:00,330.0,157.1
2025-12-15 17:00:00,243.0,156.4
2025-12-15 18:00:00,177.0,149.5
2025-12-15 19:00:00,152.0,131.4
2025-12-15 20:00:00,146.0,107.0
2025-12-15 21:00:00,155.0,86.8
2025-12-15 22:00:00,185.0,76.3
2025-12-15 23:00:00,230.0,70.1
2025-12-16 00:00:00,257.0,79.0
2025-12-16 01:00:00,251.0,63.0
2025-12-16 02:00:00,229.0,41.0
2025-12-16 03:00:00,207.0,24.0
2025-12-16 04:00:00,187.0,16.7
2025-12-16 05:00:00,167.0,14.4
2025-12-16 06:00:00,161.0,14.8
2025-12-16 07:00:00,179.0,15.3
2025-12-16 08:00:00,210.0,18.4
2025-12-16 09:00:00,233.0,29.0
2025-12-16 10:00:00,234.0,54.7
2025-12-16 11:00:00,227.0,88.0
2025-12-16 12:00:00,230.0,100.6
2025-12-16 13:00:00,247.0,100.1
2025-12-16 14:00:00,274.0,98.8
2025-12-16 15:00:00,321.0,93.9
2025-12-16 16:00:00,424.0,82.0
2025-12-16 17:00:00,548.0,66.5
2025-12-16 18:00:00,596.0,54.7
2025-12-16 19:00:00,487.0,50.4
2025-12-16 20:00:00,302.0,49.9
2025-12-16 21:00:00,189.0,49.2
2025-12-16 22:00:00,235.0,47.5
2025-12-16 23:00:00,352.0,45.6
2025-12-17 00:00:00,426.0,49.4
2025-12-17 01:00:00,400.0,40.7
2025-12-17 02:00:00,332.0,28.5
2025-12-17 03:00:00,277.0,18.5
2025-12-17 04:00:00,261.0,12.5
2025-12-17 05:00:00,258.0,8.6
2025-12-17 06:00:00,248.0,6.9
2025-12-17 07:00:00,216.0,5.6
2025-12-17 08:00:00,177.0,6.5
2025-12-17 09:00:00,160.0,15.2
2025-12-17 10:00:00,180.0,40.2
2025-12-17 11:00:00,222.0,73.1
2025-12-17 12:00:00,266.0,88.3
2025-12-17 13:00:00,310.0,74.4
2025-12-17 14:00:00,356.0,55.3
2025-12-17 15:00:00,387.0,41.5
2025-12-17 16:00:00,391.0,37.9
2025-12-17 17:00:00,380.0,39.6
2025-12-17 18:00:00,377.0,42.0
2025-12-17 19:00:00,392.0,44.3
2025-12-17 20:00:00,415.0,47.2
2025-12-17 21:00:00,443.0,48.4
2025-12-17 22:00:00,489.0,47.1
2025-12-17 23:00:00,540.0,44.1
2025-12-18 00:00:00,550.0,35.0
2025-12-18 01:00:00,483.0,30.6
2025-12-18 02:00:00,374.0,24.4
2025-12-18 03:00:00,286.0,19.5
2025-12-18 04:00:00,243.0,16.7
2025-12-18 05:00:00,220.0,15.1
2025-12-18 06:00:00,202.0,15.0
2025-12-18 07:00:00,181.0,15.7
2025-12-18 08:00:00,166.0,17.9
2025-12-18 09:00:00,168.0,23.6
2025-12-18 10:00:00,167.0,34.9
2025-12-18 11:00:00,184.0,49.7
2025-12-18 12:00:00,291.0,54.9
2025-12-18 13:00:00,604.0,59.7
2025-12-18 14:00:00,1007.0,66.3
2025-12-18 15:00:00,1232.0,71.7
2025-12-18 16:00:00,1114.0,74.8
2025-12-18 17:00:00,817.0,76.6
2025-12-18 18:00:00,564.0,77.4
2025-12-18 19:00:00,434.0,77.7
2025-12-18 20:00:00,348.0,77.0
2025-12-18 21:00:00,297.0,73.7
2025-12-18 22:00:00,292.0,66.3
2025-12-18 23:00:00,322.0,56.3
2025-12-19 00:00:00,343.0,45.6
2025-12-19 01:00:00,338.0,41.8
2025-12-19 02:00:00,325.0,36.6
2025-12-19 03:00:00,308.0,32.4
2025-12-19 04:00:00,288.0,29.6
2025-12-19 05:00:00,264.0,27.9
2025-12-19 06:00:00,246.0,28.4
2025-12-19 07:00:00,234.0,30.8
2025-12-19 08:00:00,228.0,35.4
2025-12-19 09:00:00,231.0,44.6
2025-12-19 10:00:00,247.0,63.4
2025-12-19 11:00:00,272.0,86.7
2025-12-19 12:00:00,298.0,58.0
2025-12-19 13:00:00,326.0,56.2
2025-12-19 14:00:00,354.0,53.7
2025-12-19 15:00:00,372.0,51.3
2025-12-19 16:00:00,370.0,49.1
2025-12-19 17:00:00,357.0,47.0
2025-12-19 18:00:00,346.0,45.1
2025-12-19 19:00:00,342.0,43.7
2025-12-19 20:00:00,340.0,42.6
2025-12-19 21:00:00,332.0,41.4
2025-12-19 22:00:00,314.0,40.7
2025-12-19 23:00:00,291.0,39.9
2025-12-20 00:00:00,271.0,37.9
2025-12-20 01:00:00,260.0,32.4
2025-12-20 02:00:00,253.0,24.7
2025-12-20 03:00:00,243.0,18.3
2025-12-20 04:00:00,225.0,13.8
2025-12-20 05:00:00,205.0,10.6
2025-12-20 06:00:00,194.0,10.5
2025-12-20 07:00:00,189.0,14.6
2025-12-20 08:00:00,193.0,21.7
2025-12-20 09:00:00,223.0,30.6
2025-12-20 10:00:00,304.0,41.7
2025-12-20 11:00:00,410.0,54.4
2025-12-20 12:00:00,481.0,59.1
2025-12-20 13:00:00,476.0,67.1
2025-12-20 14:00:00,436.0,78.2
2025-12-20 15:00:00,420.0,87.2
2025-12-20 16:00:00,468.0,93.0
2025-12-20 17:00:00,540.0,96.7
2025-12-20 18:00:00,573.0,96.4
2025-12-20 19:00:00,525.0,90.0
2025-12-20 20:00:00,439.0,79.7
2025-12-20 21:00:00,376.0,69.9
2025-12-20 22:00:00,370.0,62.7
2025-12-20 23:00:00,387.0,56.1
2025-12-21 00:00:00,394.0,51.7
2025-12-21 01:00:00,375.0,47.6
2025-12-21 02:00:00,346.0,41.7
2025-12-21 03:00:00,315.0,35.2
2025-12-21 04:00:00,282.0,27.3
2025-12-21 05:00:00,248.0,18.9
2025-12-21 06:00:00,224.0,14.0
2025-12-21 07:00:00,211.0,14.3
2025-12-21 08:00:00,209.0,18.2
2025-12-21 09:00:00,229.0,25.0
2025-12-21 10:00:00,286.0,36.3
2025-12-21 11:00:00,364.0,50.5
2025-12-21 12:00:00,427.0,81.8
2025-12-21 13:00:00,457.0,88.1
2025-12-21 14:00:00,471.0,96.2
2025-12-21 15:00:00,484.0,97.7
2025-12-21 16:00:00,510.0,86.4
2025-12-21 17:00:00,536.0,68.5
2025-12-21 18:00:00,535.0,53.9
2025-12-21 19:00:00,476.0,46.9
2025-12-21 20:00:00,391.0,43.2
2025-12-21 21:00:00,352.0,40.5
2025-12-21 22:00:00,413.0,38.8
2025-12-21 23:00:00,520.0,38.1
2025-12-22 00:00:00,582.0,37.8
2025-12-22 01:00:00,548.0,31.7
2025-12-22 02:00:00,469.0,23.3
2025-12-22 03:00:00,406.0,16.4
2025-12-22 04:00:00,386.0,12.0
2025-12-22 05:00:00,382.0,9.1
2025-12-22 06:00:00,378.0,8.7
2025-12-22 07:00:00,363.0,11.7
2025-12-22 08:00:00,348.0,17.1
2025-12-22 09:00:00,347.0,23.3
2025-12-22 10:00:00,372.0,30.1
2025-12-22 11:00:00,412.0,37.6
2025-12-22 12:00:00,445.0,38.4
2025-12-22 13:00:00,467.0,45.3
2025-12-22 14:00:00,481.0,54.6
2025-12-22 15:00:00,482.0,59.3
2025-12-22 16:00:00,458.0,54.9
2025-12-22 17:00:00,419.0,45.9
2025-12-22 18:00:00,391.0,38.9
2025-12-22 19:00:00,383.0,36.8
2025-12-22 20:00:00,386.0,36.8
2025-12-22 21:00:00,392.0,36.5
2025-12-22 22:00:00,407.0,35.8
2025-12-22 23:00:00,426.0,34.9
2025-12-23 00:00:00,428.0,35.5
2025-12-23 01:00:00,399.0,28.8
2025-12-23 02:00:00,353.0,19.6
2025-12-23 03:00:00,318.0,12.3
2025-12-23 04:00:00,305.0,8.5
2025-12-23 05:00:00,302.0,6.6
2025-12-23 06:00:00,305.0,6.8
2025-12-23 07:00:00,315.0,9.1
2025-12-23 08:00:00,330.0,13.5
2025-12-23 09:00:00,344.0,19.8
2025-12-23 10:00:00,354.0,29.9
2025-12-23 11:00:00,362.0,42.0
2025-12-23 12:00:00,365.0,73.3
2025-12-23 13:00:00,355.0,68.5
2025-12-23 14:00:00,340.0,61.8
2025-12-23 15:00:00,341.0,56.2
2025-12-23 16:00:00,377.0,53.2
2025-12-23 17:00:00,429.0,51.4
2025-12-23 18:00:00,457.0,49.6
2025-12-23 19:00:00,438.0,47.7
2025-12-23 20:00:00,394.0,45.8
2025-12-23 21:00:00,357.0,43.7
2025-12-23 22:00:00,337.0,41.6
2025-12-23 23:00:00,322.0,39.1
2025-12-24 00:00:00,309.0,51.4
2025-12-24 01:00:00,292.0,40.7
2025-12-24 02:00:00,277.0,26.0
2025-12-24 03:00:00,273.0,14.5
2025-12-24 04:00:00,291.0,9.2
2025-12-24 05:00:00,320.0,7.2
2025-12-24 06:00:00,337.0,7.0
2025-12-24 07:00:00,329.0,8.4
2025-12-24 08:00:00,308.0,11.7
2025-12-24 09:00:00,291.0,16.5
2025-12-24 10:00:00,274.0,23.1
2025-12-24 11:00:00,261.0,31.2
2025-12-24 12:00:00,271.0,46.0
2025-12-24 13:00:00,330.0,54.2
2025-12-24 14:00:00,413.0,65.6
2025-12-24 15:00:00,468.0,73.9
2025-12-24 16:00:00,471.0,76.8
2025-12-24 17:00:00,447.0,76.7
2025-12-24 18:00:00,413.0,74.4
2025-12-24 19:00:00,365.0,69.5
2025-12-24 20:00:00,309.0,62.5
2025-12-24 21:00:00,279.0,55.8
2025-12-24 22:00:00,301.0,50.4
2025-12-24 23:00:00,350.0,45.2
2025-12-25 00:00:00,382.0,50.6
2025-12-25 01:00:00,375.0,42.6
2025-12-25 02:00:00,352.0,31.3
2025-12-25 03:00:00,336.0,21.9
2025-12-25 04:00:00,338.0,15.5
2025-12-25 05:00:00,348.0,11.0
2025-12-25 06:00:00,352.0,9.4
2025-12-25 07:00:00,346.0,12.0
2025-12-25 08:00:00,335.0,17.6
2025-12-25 09:00:00,323.0,23.9
2025-12-25 10:00:00,307.0,30.3
2025-12-25 11:00:00,291.0,37.3
2025-12-25 12:00:00,291.0,49.7
2025-12-25 13:00:00,326.0,47.7
2025-12-25 14:00:00,378.0,45.0
2025-12-25 15:00:00,405.0,43.9
2025-12-25 16:00:00,382.0,46.2
2025-12-25 17:00:00,334.0,50.1
2025-12-25 18:00:00,300.0,52.7
2025-12-25 19:00:00,292.0,52.7
2025-12-25 20:00:00,297.0,51.5
2025-12-25 21:00:00,313.0,49.6
2025-12-25 22:00:00,349.0,47.8
2025-12-25 23:00:00,395.0,45.5
2025-12-26 00:00:00,420.0,44.1
2025-12-26 01:00:00,406.0,35.9
2025-12-26 02:00:00,371.0,24.6
2025-12-26 03:00:00,338.0,15.7
2025-12-26 04:00:00,313.0,11.2
2025-12-26 05:00:00,290.0,9.1
2025-12-26 06:00:00,272.0,9.3
2025-12-26 07:00:00,261.0,11.7
2025-12-26 08:00:00,255.0,16.4
2025-12-26 09:00:00,256.0,23.4
2025-12-26 10:00:00,265.0,35.2
2025-12-26 11:00:00,281.0,49.2
2025-12-26 12:00:00,300.0,65.1
2025-12-26 13:00:00,326.0,60.3
2025-12-26 14:00:00,354.0,53.7
2025-12-26 15:00:00,370.0,47.8
2025-12-26 16:00:00,365.0,43.8
2025-12-26 17:00:00,347.0,40.6
2025-12-26 18:00:00,325.0,37.8
2025-12-26 19:00:00,296.0,35.2
2025-12-26 20:00:00,262.0,33.0
2025-12-26 21:00:00,242.0,31.7
2025-12-26 22:00:00,249.0,32.3
2025-12-26 23:00:00,270.0,33.6
2025-12-27 00:00:00,283.0,34.1
2025-12-27 01:00:00,277.0,29.1
2025-12-27 02:00:00,263.0,22.1
2025-12-27 03:00:00,255.0,16.4
2025-12-27 04:00:00,263.0,12.4
2025-12-27 05:00:00,278.0,9.7
2025-12-27 06:00:00,285.0,10.1
2025-12-27 07:00:00,275.0,15.1
2025-12-27 08:00:00,258.0,23.2
2025-12-27 09:00:00,249.0,32.0
2025-12-27 10:00:00,254.0,42.1
2025-12-27 11:00:00,266.0,52.9
2025-12-27 12:00:00,285.0,68.8
2025-12-27 13:00:00,316.0,70.5
2025-12-27 14:00:00,353.0,72.5
2025-12-27 15:00:00,374.0,72.0
2025-12-27 16:00:00,359.0,66.8
2025-12-27 17:00:00,329.0,59.1
2025-12-27 18:00:00,322.0,52.7
2025-12-27 19:00:00,362.0,49.4
2025-12-27 20:00:00,425.0,47.5
2025-12-27 21:00:00,478.0,45.4
2025-12-27 22:00:00,519.0,43.2
2025-12-27 23:00:00,551.0,40.8
2025-12-28 00:00:00,550.0,48.6
2025-12-28 01:00:00,493.0,38.8
2025-12-28 02:00:00,404.0,25.3
2025-12-28 03:00:00,332.0,14.8
2025-12-28 04:00:00,296.0,9.8
2025-12-28 05:00:00,278.0,7.8
2025-12-28 06:00:00,266.0,7.9
2025-12-28 07:00:00,258.0,9.8
2025-12-28 08:00:00,258.0,13.7
2025-12-28 09:00:00,261.0,19.4
2025-12-28 10:00:00,264.0,27.6
2025-12-28 11:00:00,272.0,37.6
2025-12-28 12:00:00,294.0,73.7
2025-12-28 13:00:00,349.0,62.3
2025-12-28 14:00:00,419.0,46.7
2025-12-28 15:00:00,461.0,36.3
2025-12-28 16:00:00,459.0,36.0
2025-12-28 17:00:00,430.0,40.8
2025-12-28 18:00:00,383.0,45.0
2025-12-28 19:00:00,304.0,46.9
2025-12-28 20:00:00,207.0,48.1
2025-12-28 21:00:00,146.0,47.8
2025-12-28 22:00:00,144.0,45.5
2025-12-28 23:00:00,178.0,41.6
2025-12-29 00:00:00,237.0,43.8
2025-12-29 01:00:00,348.0,37.6
2025-12-29 02:00:00,483.0,28.8
2025-12-29 03:00:00,545.0,21.1
2025-12-29 04:00:00,464.0,15.2
2025-12-29 05:00:00,311.0,10.4
2025-12-29 06:00:00,200.0,8.1
2025-12-29 07:00:00,181.0,7.9
2025-12-29 08:00:00,204.0,10.3
2025-12-29 09:00:00,232.0,18.0
2025-12-29 10:00:00,250.0,34.9
2025-12-29 11:00:00,273.0,57.2
2025-12-29 12:00:00,305.0,62.6
2025-12-29 13:00:00,352.0,60.8
2025-12-29 14:00:00,407.0,58.4
2025-12-29 15:00:00,456.0,58.2
2025-12-29 16:00:00,498.0,62.7
2025-12-29 17:00:00,533.0,69.4
2025-12-29 18:00:00,549.0,72.8
2025-12-29 19:00:00,532.0,69.7
2025-12-29 20:00:00,495.0,63.4
2025-12-29 21:00:00,462.0,58.1
2025-12-29 22:00:00,445.0,56.4
2025-12-29 23:00:00,432.0,55.7
2025-12-30 00:00:00,415.0,48.4
2025-12-30 01:00:00,390.0,43.1
2025-12-30 02:00:00,360.0,35.7
2025-12-30 03:00:00,329.0,28.6
2025-12-30 04:00:00,294.0,21.9
2025-12-30 05:00:00,259.0,15.5
2025-12-30 06:00:00,235.0,12.0
2025-12-30 07:00:00,233.0,11.4
2025-12-30 08:00:00,242.0,13.7
2025-12-30 09:00:00,249.0,21.0
2025-12-30 10:00:00,244.0,38.1
2025-12-30 11:00:00,235.0,60.3
2025-12-30 12:00:00,239.0,62.1
2025-12-30 13:00:00,263.0,54.9
2025-12-30 14:00:00,299.0,44.9
2025-12-30 15:00:00,335.0,37.3
2025-12-30 16:00:00,366.0,34.3
2025-12-30 17:00:00,397.0,33.6
2025-12-30 18:00:00,428.0,33.9
2025-12-30 19:00:00,460.0,35.2
2025-12-30 20:00:00,492.0,37.5
2025-12-30 21:00:00,518.0,39.0
2025-12-30 22:00:00,549.0,39.5
2025-12-30 23:00:00,575.0,39.3
2025-12-31 00:00:00,561.0,37.6
2025-12-31 01:00:00,470.0,33.6
2025-12-31 02:00:00,339.0,27.9
2025-12-31 03:00:00,241.0,22.4
2025-12-31 04:00:00,212.0,16.8
2025-12-31 05:00:00,217.0,11.3
2025-12-31 06:00:00,223.0,9.1
2025-12-31 07:00:00,214.0,11.6
2025-12-31 08:00:00,206.0,17.3
2025-12-31 09:00:00,222.0,24.7
2025-12-31 10:00:00,284.0,35.4
2025-12-31 11:00:00,369.0,47.9
2025-12-31 12:00:00,428.0,97.6
2025-12-31 13:00:00,438.0,93.8
2025-12-31 14:00:00,422.0,88.6
2025-12-31 15:00:00,404.0,84.1
2025-12-31 16:00:00,387.0,81.4
2025-12-31 17:00:00,367.0,79.6
2025-12-31 18:00:00,361.0,77.6
2025-12-31 19:00:00,378.0,75.2
2025-12-31 20:00:00,408.0,72.6
2025-12-31 21:00:00,434.0,70.2
2025-12-31 22:00:00,456.0,69.5
2025-12-31 23:00:00,474.0,68.9
2026-01-01 00:00:00,475.0,59.1
2026-01-01 01:00:00,446.0,51.2
2026-01-01 02:00:00,400.0,40.1
2026-01-01 03:00:00,356.0,30.3
2026-01-01 04:00:00,321.0,22.9
2026-01-01 05:00:00,289.0,16.8
2026-01-01 06:00:00,262.0,13.0
2026-01-01 07:00:00,241.0,11.6
2026-01-01 08:00:00,225.0,12.5
2026-01-01 09:00:00,219.0,16.4
2026-01-01 10:00:00,225.0,25.0
2026-01-01 11:00:00,241.0,36.7
2026-01-01 12:00:00,257.0,57.2
2026-01-01 13:00:00,266.0,61.0
2026-01-01 14:00:00,276.0,66.3
2026-01-01 15:00:00,303.0,69.7
2026-01-01 16:00:00,372.0,70.0
2026-01-01 17:00:00,458.0,68.5
2026-01-01 18:00:00,505.0,66.0
2026-01-01 19:00:00,477.0,62.5
2026-01-01 20:00:00,410.0,57.9
2026-01-01 21:00:00,356.0,53.5
2026-01-01 22:00:00,336.0,49.6
2026-01-01 23:00:00,330.0,45.7
2026-01-02 00:00:00,328.0,42.5
2026-01-02 01:00:00,334.0,37.4
2026-01-02 02:00:00,344.0,30.2
2026-01-02 03:00:00,341.0,24.1
2026-01-02 04:00:00,309.0,20.1
2026-01-02 05:00:00,264.0,17.2
2026-01-02 06:00:00,232.0,15.9
2026-01-02 07:00:00,226.0,15.7
2026-01-02 08:00:00,233.0,17.0
2026-01-02 09:00:00,247.0,21.9
2026-01-02 10:00:00,270.0,33.6
2026-01-02 11:00:00,300.0,48.9
2026-01-02 12:00:00,322.0,75.3
2026-01-02 13:00:00,330.0,83.4
2026-01-02 14:00:00,331.0,94.2
2026-01-02 15:00:00,329.0,99.0
2026-01-02 16:00:00,327.0,92.1
2026-01-02 17:00:00,324.0,79.3
2026-01-02 18:00:00,317.0,68.6
2026-01-02 19:00:00,300.0,63.3
2026-01-02 20:00:00,280.0,60.2
2026-01-02 21:00:00,280.0,58.2
2026-01-02 22:00:00,320.0,58.3
2026-01-02 23:00:00,380.0,59.5
2026-01-03 00:00:00,422.0,69.6
2026-01-03 01:00:00,431.0,61.3
2026-01-03 02:00:00,422.0,49.7
2026-01-03 03:00:00,396.0,40.7
2026-01-03 04:00:00,343.0,36.8
2026-01-03 05:00:00,274.0,35.3
2026-01-03 06:00:00,226.0,34.6
2026-01-03 07:00:00,216.0,33.2
2026-01-03 08:00:00,227.0,32.4
2026-01-03 09:00:00,240.0,34.6
2026-01-03 10:00:00,246.0,42.1
2026-01-03 11:00:00,254.0,52.6
2026-01-03 12:00:00,280.0,81.1
2026-01-03 13:00:00,342.0,86.8
2026-01-03 14:00:00,421.0,94.1
2026-01-03 15:00:00,476.0,96.1
2026-01-03 16:00:00,482.0,87.9
2026-01-03 17:00:00,463.0,74.3
2026-01-03 18:00:00,450.0,62.7
2026-01-03 19:00:00,457.0,55.9
2026-01-03 20:00:00,470.0,51.2
2026-01-03 21:00:00,477.0,47.5
2026-01-03 22:00:00,475.0,45.5
2026-01-03 23:00:00,467.0,44.6
2026-01-04 00:00:00,455.0,43.6
2026-01-04 01:00:00,440.0,35.6
2026-01-04 02:00:00,419.0,24.4
2026-01-04 03:00:00,391.0,15.6
2026-01-04 04:00:00,343.0,10.9
2026-01-04 05:00:00,288.0,8.6
2026-01-04 06:00:00,252.0,8.5
2026-01-04 07:00:00,253.0,9.7
2026-01-04 08:00:00,274.0,13.0
2026-01-04 09:00:00,296.0,21.5
2026-01-04 10:00:00,308.0,39.2
2026-01-04 11:00:00,320.0,62.0
2026-01-04 12:00:00,344.0,63.9
2026-01-04 13:00:00,395.0,71.1
2026-01-04 14:00:00,459.0,80.9
2026-01-04 15:00:00,500.0,86.7
2026-01-04 16:00:00,499.0,84.5
2026-01-04 17:00:00,476.0,78.4
2026-01-04 18:00:00,460.0,74.1
2026-01-04 19:00:00,463.0,74.9
2026-01-04 20:00:00,474.0,77.6
2026-01-04 21:00:00,485.0,78.5
2026-01-04 22:00:00,504.0,76.6
2026-01-04 23:00:00,524.0,73.0
2026-01-05 00:00:00,519.0,70.2
2026-01-05 01:00:00,460.0,60.6
2026-01-05 02:00:00,376.0,47.2
2026-01-05 03:00:00,325.0,35.2
2026-01-05 04:00:00,343.0,25.8
2026-01-05 05:00:00,394.0,17.9
2026-01-05 06:00:00,431.0,13.1
2026-01-05 07:00:00,433.0,11.4
2026-01-05 08:00:00,422.0,12.9
2026-01-05 09:00:00,409.0,19.4
2026-01-05 10:00:00,395.0,35.1
2026-01-05 11:00:00,380.0,55.8
2026-01-05 12:00:00,381.0,129.6
2026-01-05 13:00:00,412.0,116.0
2026-01-05 14:00:00,458.0,96.8
2026-01-05 15:00:00,489.0,79.3
2026-01-05 16:00:00,481.0,65.6
2026-01-05 17:00:00,457.0,53.5
2026-01-05 18:00:00,459.0,44.3
2026-01-05 19:00:00,524.0,38.7
2026-01-05 20:00:00,615.0,35.8
2026-01-05 21:00:00,662.0,34.3
2026-01-05 22:00:00,627.0,34.9
2026-01-05 23:00:00,548.0,36.8
2026-01-06 00:00:00,468.0,42.0
2026-01-06 01:00:00,393.0,34.4
2026-01-06 02:00:00,318.0,24.0
2026-01-06 03:00:00,269.0,16.0
2026-01-06 04:00:00,266.0,12.6
2026-01-06 05:00:00,288.0,11.7
2026-01-06 06:00:00,304.0,12.6
2026-01-06 07:00:00,299.0,14.7
2026-01-06 08:00:00,286.0,18.7
2026-01-06 09:00:00,276.0,25.9
2026-01-06 10:00:00,268.0,40.3
2026-01-06 11:00:00,263.0,57.9
2026-01-06 12:00:00,266.0,127.3
2026-01-06 13:00:00,284.0,125.2
2026-01-06 14:00:00,311.0,121.9
2026-01-06 15:00:00,333.0,117.4
2026-01-06 16:00:00,342.0,110.7
2026-01-06 17:00:00,347.0,102.7
2026-01-06 18:00:00,361.0,95.6
2026-01-06 19:00:00,392.0,91.0
2026-01-06 20:00:00,431.0,87.2
2026-01-06 21:00:00,467.0,82.0
2026-01-06 22:00:00,505.0,74.2
2026-01-06 23:00:00,540.0,65.0
2026-01-07 00:00:00,541.0,64.5
2026-01-07 01:00:00,481.0,51.0
2026-01-07 02:00:00,387.0,32.4
2026-01-07 03:00:00,318.0,17.8
2026-01-07 04:00:00,299.0,10.9
2026-01-07 05:00:00,304.0,8.1
2026-01-07 06:00:00,313.0,7.7
2026-01-07 07:00:00,318.0,8.8
2026-01-07 08:00:00,327.0,12.4
2026-01-07 09:00:00,337.0,19.6
2026-01-07 10:00:00,349.0,31.9
2026-01-07 11:00:00,362.0,47.9
2026-01-07 12:00:00,374.0,80.7
2026-01-07 13:00:00,387.0,87.6
2026-01-07 14:00:00,400.0,97.1
2026-01-07 15:00:00,404.0,103.8
2026-01-07 16:00:00,394.0,105.3
2026-01-07 17:00:00,375.0,104.1
2026-01-07 18:00:00,361.0,102.2
2026-01-07 19:00:00,354.0,101.3
2026-01-07 20:00:00,351.0,99.7
2026-01-07 21:00:00,360.0,94.8
2026-01-07 22:00:00,393.0,84.8
2026-01-07 23:00:00,437.0,71.4
2026-01-08 00:00:00,462.0,63.1
2026-01-08 01:00:00,452.0,51.3
2026-01-08 02:00:00,424.0,35.0
2026-01-08 03:00:00,397.0,21.7
2026-01-08 04:00:00,381.0,14.2
2026-01-08 05:00:00,366.0,9.8
2026-01-08 06:00:00,342.0,8.3
2026-01-08 07:00:00,296.0,9.7
2026-01-08 08:00:00,240.0,13.9
2026-01-08 09:00:00,206.0,20.6
2026-01-08 10:00:00,211.0,32.1
2026-01-08 11:00:00,236.0,46.0
2026-01-08 12:00:00,257.0,53.3
2026-01-08 13:00:00,251.0,57.6
2026-01-08 14:00:00,241.0,63.3
2026-01-08 15:00:00,264.0,65.2
2026-01-08 16:00:00,362.0,60.2
2026-01-08 17:00:00,494.0,51.5
2026-01-08 18:00:00,572.0,43.4
2026-01-08 19:00:00,542.0,36.5
2026-01-08 20:00:00,459.0,30.1
2026-01-08 21:00:00,396.0,26.8
2026-01-08 22:00:00,390.0,29.1
2026-01-08 23:00:00,404.0,34.5
2026-01-09 00:00:00,405.0,36.9
2026-01-09 01:00:00,372.0,32.0
2026-01-09 02:00:00,325.0,25.1
2026-01-09 03:00:00,291.0,19.2
2026-01-09 04:00:00,288.0,14.7
2026-01-09 05:00:00,298.0,11.2
2026-01-09 06:00:00,298.0,9.7
2026-01-09 07:00:00,270.0,10.9
2026-01-09 08:00:00,232.0,14.2
2026-01-09 09:00:00,213.0,18.5
2026-01-09 10:00:00,231.0,24.7
2026-01-09 11:00:00,268.0,32.0
2026-01-09 12:00:00,302.0,48.7
2026-01-09 13:00:00,330.0,48.6
2026-01-09 14:00:00,356.0,48.2
2026-01-09 15:00:00,368.0,45.9
2026-01-09 16:00:00,358.0,39.9
2026-01-09 17:00:00,334.0,31.9
2026-01-09 18:00:00,308.0,25.6
2026-01-09 19:00:00,277.0,22.2
2026-01-09 20:00:00,244.0,20.4
2026-01-09 21:00:00,224.0,20.2
2026-01-09 22:00:00,230.0,22.7
2026-01-09 23:00:00,249.0,26.7
2026-01-10 00:00:00,263.0,28.9
2026-01-10 01:00:00,262.0,25.9
2026-01-10 02:00:00,255.0,21.6
2026-01-10 03:00:00,250.0,17.5
2026-01-10 04:00:00,251.0,13.6
2026-01-10 05:00:00,254.0,9.9
2026-01-10 06:00:00,257.0,8.4
2026-01-10 07:00:00,259.0,10.0
2026-01-10 08:00:00,261.0,13.7
2026-01-10 09:00:00,267.0,18.6
2026-01-10 10:00:00,280.0,25.5
2026-01-10 11:00:00,296.0,33.6
2026-01-10 12:00:00,307.0,34.9
2026-01-10 13:00:00,307.0,36.4
2026-01-10 14:00:00,301.0,38.3
2026-01-10 15:00:00,294.0,38.8
2026-01-10 16:00:00,287.0,36.6
2026-01-10 17:00:00,278.0,33.0
2026-01-10 18:00:00,270.0,29.9
2026-01-10 19:00:00,261.0,27.6
2026-01-10 20:00:00,252.0,25.9
2026-01-10 21:00:00,247.0,25.1
2026-01-10 22:00:00,252.0,26.6
2026-01-10 23:00:00,261.0,29.2
2026-01-11 00:00:00,266.0,33.3
2026-01-11 01:00:00,265.0,27.8
2026-01-11 02:00:00,259.0,20.1
2026-01-11 03:00:00,246.0,14.4
2026-01-11 04:00:00,218.0,12.1
2026-01-11 05:00:00,182.0,11.7
2026-01-11 06:00:00,160.0,12.7
2026-01-11 07:00:00,161.0,15.4
2026-01-11 08:00:00,175.0,19.4
2026-01-11 09:00:00,192.0,23.1
2026-01-11 10:00:00,210.0,26.0
2026-01-11 11:00:00,230.0,28.5
2026-01-11 12:00:00,247.0,30.3
2026-01-11 13:00:00,262.0,31.2
2026-01-11 14:00:00,274.0,31.5
2026-01-11 15:00:00,274.0,30.9
2026-01-11 16:00:00,253.0,29.2
2026-01-11 17:00:00,219.0,26.7
2026-01-11 18:00:00,195.0,24.6
2026-01-11 19:00:00,188.0,23.0
2026-01-11 20:00:00,191.0,21.7
2026-01-11 21:00:00,197.0,21.5
2026-01-11 22:00:00,210.0,23.4
2026-01-11 23:00:00,227.0,26.4
2026-01-12 00:00:00,235.0,25.4
2026-01-12 01:00:00,227.0,22.6
2026-01-12 02:00:00,211.0,18.7
2026-01-12 03:00:00,197.0,15.5
2026-01-12 04:00:00,188.0,13.4
2026-01-12 05:00:00,182.0,11.9
2026-01-12 06:00:00,181.0,11.8
2026-01-12 07:00:00,188.0,13.7
2026-01-12 08:00:00,200.0,17.0
2026-01-12 09:00:00,210.0,20.2
2026-01-12 10:00:00,214.0,23.1
2026-01-12 11:00:00,215.0,26.0
2026-01-12 12:00:00,219.0,30.0
2026-01-12 13:00:00,229.0,29.8
2026-01-12 14:00:00,242.0,29.5
2026-01-12 15:00:00,245.0,28.8
2026-01-12 16:00:00,231.0,27.5
2026-01-12 17:00:00,207.0,25.8
2026-01-12 18:00:00,188.0,24.4
2026-01-12 19:00:00,177.0,23.4
2026-01-12 20:00:00,172.0,22.7
2026-01-12 21:00:00,174.0,22.6
2026-01-12 22:00:00,192.0,24.0
2026-01-12 23:00:00,218.0,25.9
2026-01-13 00:00:00,233.0,26.2
2026-01-13 01:00:00,226.0,22.4
2026-01-13 02:00:00,207.0,17.0
2026-01-13 03:00:00,192.0,12.8
2026-01-13 04:00:00,184.0,10.6
2026-01-13 05:00:00,179.0,9.4
2026-01-13 06:00:00,178.0,9.3
2026-01-13 07:00:00,183.0,10.3
2026-01-13 08:00:00,192.0,12.3
2026-01-13 09:00:00,205.0,15.1
2026-01-13 10:00:00,222.0,19.4
2026-01-13 11:00:00,242.0,24.4
2026-01-13 12:00:00,261.0,28.5
2026-01-13 13:00:00,281.0,27.4
2026-01-13 14:00:00,300.0,26.0
2026-01-13 15:00:00,309.0,24.6
2026-01-13 16:00:00,301.0,23.5
2026-01-13 17:00:00,282.0,22.6
2026-01-13 18:00:00,266.0,21.8
2026-01-13 19:00:00,256.0,21.2
2026-01-13 20:00:00,248.0,20.7
2026-01-13 21:00:00,245.0,20.6
2026-01-13 22:00:00,251.0,21.5
2026-01-13 23:00:00,261.0,22.7
2026-01-14 00:00:00,265.0,26.3
2026-01-14 01:00:00,258.0,22.2
2026-01-14 02:00:00,245.0,16.7
2026-01-14 03:00:00,229.0,12.6
2026-01-14 04:00:00,206.0,11.1
2026-01-14 05:00:00,179.0,11.1
2026-01-14 06:00:00,164.0,12.7
2026-01-14 07:00:00,168.0,16.7
2026-01-14 08:00:00,183.0,22.3
2026-01-14 09:00:00,201.0,26.7
2026-01-14 10:00:00,222.0,28.8
2026-01-14 11:00:00,246.0,29.8
2026-01-14 12:00:00,264.0,31.0
2026-01-14 13:00:00,271.0,28.6
2026-01-14 14:00:00,272.0,25.3
2026-01-14 15:00:00,269.0,22.7
2026-01-14 16:00:00,261.0,21.7
2026-01-14 17:00:00,248.0,21.5
2026-01-14 18:00:00,236.0,21.0
2026-01-14 19:00:00,222.0,19.6
2026-01-14 20:00:00,209.0,18.0
2026-01-14 21:00:00,203.0,17.4
2026-01-14 22:00:00,215.0,18.8
2026-01-14 23:00:00,234.0,21.2
2026-01-15 00:00:00,240.0,24.2
2026-01-15 01:00:00,218.0,22.2
2026-01-15 02:00:00,182.0,19.4
2026-01-15 03:00:00,155.0,16.7
2026-01-15 04:00:00,144.0,13.8
2026-01-15 05:00:00,141.0,11.1
2026-01-15 06:00:00,143.0,10.5
2026-01-15 07:00:00,149.0,13.4
2026-01-15 08:00:00,160.0,18.4
2026-01-15 09:00:00,177.0,23.4
2026-01-15 10:00:00,204.0,28.3
2026-01-15 11:00:00,236.0,33.2
2026-01-15 12:00:00,261.0,39.9
2026-01-15 13:00:00,275.0,37.8
2026-01-15 14:00:00,282.0,34.9
2026-01-15 15:00:00,281.0,32.2
2026-01-15 16:00:00,270.0,29.9
2026-01-15 17:00:00,251.0,27.9
2026-01-15 18:00:00,235.0,26.5
2026-01-15 19:00:00,223.0,26.2
2026-01-15 20:00:00,213.0,26.5
2026-01-15 21:00:00,211.0,26.3
2026-01-15 22:00:00,224.0,25.3
2026-01-15 23:00:00,245.0,23.8
2026-01-16 00:00:00,253.0,20.4
2026-01-16 01:00:00,235.0,17.5
2026-01-16 02:00:00,205.0,13.5
2026-01-16 03:00:00,180.0,10.5
2026-01-16 04:00:00,168.0,9.3
2026-01-16 05:00:00,161.0,9.1
2026-01-16 06:00:00,160.0,9.4
2026-01-16 07:00:00,164.0,9.5
2026-01-16 08:00:00,173.0,10.0
2026-01-16 09:00:00,184.0,12.5
2026-01-16 10:00:00,192.0,18.8
2026-01-16 11:00:00,200.0,27.2
2026-01-16 12:00:00,221.0,37.0
2026-01-16 13:00:00,264.0,36.7
2026-01-16 14:00:00,318.0,36.2
2026-01-16 15:00:00,362.0,34.9
2026-01-16 16:00:00,393.0,32.4
2026-01-16 17:00:00,414.0,29.2
2026-01-16 18:00:00,408.0,26.2
2026-01-16 19:00:00,354.0,23.5
2026-01-16 20:00:00,273.0,21.1
2026-01-16 21:00:00,218.0,20.0
2026-01-16 22:00:00,218.0,21.8
2026-01-16 23:00:00,243.0,25.0
2026-01-17 00:00:00,259.0,24.4
2026-01-17 01:00:00,250.0,21.1
2026-01-17 02:00:00,231.0,16.4
2026-01-17 03:00:00,213.0,12.3
2026-01-17 04:00:00,199.0,9.0
2026-01-17 05:00:00,186.0,6.2
2026-01-17 06:00:00,177.0,5.2
2026-01-17 07:00:00,173.0,6.2
2026-01-17 08:00:00,173.0,9.0
2026-01-17 09:00:00,179.0,14.2
2026-01-17 10:00:00,192.0,23.7
2026-01-17 11:00:00,210.0,35.5
2026-01-17 12:00:00,230.0,41.9
2026-01-17 13:00:00,250.0,44.4
2026-01-17 14:00:00,273.0,47.7
2026-01-17 15:00:00,300.0,49.0
2026-01-17 16:00:00,346.0,46.7
2026-01-17 17:00:00,396.0,42.4
2026-01-17 18:00:00,412.0,37.9
2026-01-17 19:00:00,360.0,33.3
2026-01-17 20:00:00,273.0,28.5
2026-01-17 21:00:00,209.0,24.9
2026-01-17 22:00:00,195.0,23.9
2026-01-17 23:00:00,205.0,24.2
2026-01-18 00:00:00,217.0,25.9
2026-01-18 01:00:00,229.0,25.5
2026-01-18 02:00:00,244.0,24.8
2026-01-18 03:00:00,251.0,23.2
2026-01-18 04:00:00,243.0,19.2
2026-01-18 05:00:00,227.0,14.4
2026-01-18 06:00:00,219.0,12.5
2026-01-18 07:00:00,225.0,15.5
2026-01-18 08:00:00,239.0,21.6
2026-01-18 09:00:00,256.0,28.7
2026-01-18 10:00:00,275.0,37.8
2026-01-18 11:00:00,296.0,47.9
2026-01-18 12:00:00,320.0,50.9
2026-01-18 13:00:00,353.0,50.2
2026-01-18 14:00:00,388.0,49.1
2026-01-18 15:00:00,403.0,47.0
2026-01-18 16:00:00,382.0,43.3
2026-01-18 17:00:00,341.0,38.7
2026-01-18 18:00:00,305.0,34.9
2026-01-18 19:00:00,280.0,32.6
2026-01-18 20:00:00,260.0,31.2
2026-01-18 21:00:00,255.0,30.3
2026-01-18 22:00:00,279.0,30.6
2026-01-18 23:00:00,319.0,31.4
2026-01-19 00:00:00,339.0,36.1
2026-01-19 01:00:00,318.0,29.2
2026-01-19 02:00:00,278.0,19.7
2026-01-19 03:00:00,250.0,12.5
2026-01-19 04:00:00,251.0,9.5
2026-01-19 05:00:00,265.0,8.7
2026-01-19 06:00:00,273.0,9.3
2026-01-19 07:00:00,263.0,11.0
2026-01-19 08:00:00,248.0,14.1
2026-01-19 09:00:00,243.0,18.8
2026-01-19 10:00:00,259.0,27.0
2026-01-19 11:00:00,285.0,36.8
2026-01-19 12:00:00,311.0,41.5
2026-01-19 13:00:00,336.0,40.9
2026-01-19 14:00:00,360.0,40.0
2026-01-19 15:00:00,373.0,38.0
2026-01-19 16:00:00,367.0,34.0
2026-01-19 17:00:00,351.0,28.9
2026-01-19 18:00:00,336.0,25.2
2026-01-19 19:00:00,326.0,23.8
2026-01-19 20:00:00,319.0,23.8
2026-01-19 21:00:00,319.0,24.4
2026-01-19 22:00:00,336.0,26.6
2026-01-19 23:00:00,361.0,29.5
2026-01-20 00:00:00,371.0,32.3
2026-01-20 01:00:00,352.0,26.1
2026-01-20 02:00:00,319.0,17.5
2026-01-20 03:00:00,288.0,11.1
2026-01-20 04:00:00,266.0,8.4
2026-01-20 05:00:00,247.0,7.9
2026-01-20 06:00:00,229.0,8.9
2026-01-20 07:00:00,211.0,11.7
2026-01-20 08:00:00,195.0,16.2
2026-01-20 09:00:00,186.0,20.9
2026-01-20 10:00:00,186.0,26.4
2026-01-20 11:00:00,193.0,32.3
2026-01-20 12:00:00,210.0,31.8
2026-01-20 13:00:00,249.0,31.5
2026-01-20 14:00:00,297.0,31.0
2026-01-20 15:00:00,320.0,29.7
2026-01-20 16:00:00,294.0,26.9
2026-01-20 17:00:00,242.0,23.2
2026-01-20 18:00:00,203.0,20.5
2026-01-20 19:00:00,191.0,19.2
2026-01-20 20:00:00,193.0,18.8
2026-01-20 21:00:00,202.0,19.3
2026-01-20 22:00:00,223.0,21.6
2026-01-20 23:00:00,252.0,24.9
2026-01-21 00:00:00,271.0,25.5
2026-01-21 01:00:00,273.0,21.8
2026-01-21 02:00:00,266.0,16.6
2026-01-21 03:00:00,255.0,12.7
2026-01-21 04:00:00,238.0,10.8
2026-01-21 05:00:00,216.0,10.2
2026-01-21 06:00:00,206.0,11.1
2026-01-21 07:00:00,216.0,14.0
2026-01-21 08:00:00,238.0,18.3
2026-01-21 09:00:00,254.0,22.8
2026-01-21 10:00:00,256.0,27.7
2026-01-21 11:00:00,252.0,32.7
2026-01-21 12:00:00,257.0,28.1
2026-01-21 13:00:00,281.0,27.4
2026-01-21 14:00:00,312.0,26.5
2026-01-21 15:00:00,334.0,25.5
2026-01-21 16:00:00,339.0,24.5
2026-01-21 17:00:00,334.0,23.5
2026-01-21 18:00:00,321.0,22.8
2026-01-21 19:00:00,295.0,22.6
2026-01-21 20:00:00,261.0,22.8
2026-01-21 21:00:00,239.0,23.3
2026-01-21 22:00:00,240.0,24.8
2026-01-21 23:00:00,252.0,26.7
2026-01-22 00:00:00,259.0,23.3
2026-01-22 01:00:00,253.0,21.9
2026-01-22 02:00:00,242.0,19.9
2026-01-22 03:00:00,228.0,17.6
2026-01-22 04:00:00,208.0,14.2
2026-01-22 05:00:00,185.0,10.5
2026-01-22 06:00:00,169.0,8.9
2026-01-22 07:00:00,165.0,11.0
2026-01-22 08:00:00,169.0,15.2
2026-01-22 09:00:00,175.0,19.5
2026-01-22 10:00:00,185.0,23.8
2026-01-22 11:00:00,197.0,28.3
2026-01-22 12:00:00,205.0,27.5
2026-01-22 13:00:00,206.0,26.7
2026-01-22 14:00:00,202.0,25.5
2026-01-22 15:00:00,198.0,24.3
2026-01-22 16:00:00,195.0,23.2
2026-01-22 17:00:00,191.0,22.1
2026-01-22 18:00:00,187.0,21.4
2026-01-22 19:00:00,181.0,21.3
2026-01-22 20:00:00,175.0,21.6
2026-01-22 21:00:00,176.0,22.0
2026-01-22 22:00:00,190.0,23.1
2026-01-22 23:00:00,211.0,24.4
2026-01-23 00:00:00,223.0,23.7
2026-01-23 01:00:00,216.0,20.6
2026-01-23 02:00:00,199.0,16.2
2026-01-23 03:00:00,186.0,12.6
2026-01-23 04:00:00,181.0,10.3
2026-01-23 05:00:00,179.0,8.7
2026-01-23 06:00:00,177.0,8.4
2026-01-23 07:00:00,175.0,9.4
2026-01-23 08:00:00,174.0,11.5
2026-01-23 09:00:00,174.0,15.1
2026-01-23 10:00:00,174.0,21.1
2026-01-23 11:00:00,174.0,28.5
2026-01-23 12:00:00,175.0,56.5
2026-01-23 13:00:00,173.0,52.6
2026-01-23 14:00:00,171.0,47.1
2026-01-23 15:00:00,177.0,42.3
2026-01-23 16:00:00,197.0,39.3
2026-01-23 17:00:00,226.0,37.0
2026-01-23 18:00:00,257.0,34.9
2026-01-23 19:00:00,292.0,32.7
2026-01-23 20:00:00,329.0,30.8
2026-01-23 21:00:00,355.0,29.2
2026-01-23 22:00:00,366.0,28.7
2026-01-23 23:00:00,365.0,28.6
2026-01-24 00:00:00,349.0,33.9
2026-01-24 01:00:00,309.0,27.9
2026-01-24 02:00:00,254.0,19.6
2026-01-24 03:00:00,211.0,12.8
2026-01-24 04:00:00,192.0,9.0
2026-01-24 05:00:00,185.0,6.8
2026-01-24 06:00:00,182.0,5.8
2026-01-24 07:00:00,179.0,5.4
2026-01-24 08:00:00,178.0,6.1
2026-01-24 09:00:00,183.0,9.7
2026-01-24 10:00:00,194.0,18.5
2026-01-24 11:00:00,210.0,30.2
2026-01-24 12:00:00,227.0,36.9
2026-01-24 13:00:00,233.0,37.3
2026-01-24 14:00:00,240.0,37.8
2026-01-24 15:00:00,277.0,37.1
2026-01-24 16:00:00,387.0,34.2
2026-01-24 17:00:00,529.0,30.1
2026-01-24 18:00:00,604.0,26.8
2026-01-24 19:00:00,550.0,25.2
2026-01-24 20:00:00,430.0,24.4
2026-01-24 21:00:00,340.0,24.2
2026-01-24 22:00:00,326.0,25.2
2026-01-24 23:00:00,343.0,26.6
2026-01-25 00:00:00,348.0,20.3
2026-01-25 01:00:00,321.0,17.6
2026-01-25 02:00:00,283.0,13.7
2026-01-25 03:00:00,250.0,10.4
2026-01-25 04:00:00,228.0,7.9
2026-01-25 05:00:00,210.0,5.9
2026-01-25 06:00:00,199.0,5.0
2026-01-25 07:00:00,195.0,5.0
2026-01-25 08:00:00,196.0,6.1
2026-01-25 09:00:00,200.0,9.2
2026-01-25 10:00:00,206.0,16.2
2026-01-25 11:00:00,214.0,25.3
2026-01-25 12:00:00,225.0,32.8
2026-01-25 13:00:00,236.0,32.4
2026-01-25 14:00:00,250.0,31.8
2026-01-25 15:00:00,278.0,30.7
2026-01-25 16:00:00,343.0,28.8
2026-01-25 17:00:00,422.0,26.5
2026-01-25 18:00:00,460.0,24.7
2026-01-25 19:00:00,414.0,24.0
2026-01-25 20:00:00,326.0,23.9
2026-01-25 21:00:00,266.0,23.8
2026-01-25 22:00:00,269.0,23.8
2026-01-25 23:00:00,299.0,23.7
2026-01-26 00:00:00,318.0,30.0
2026-01-26 01:00:00,310.0,25.9
2026-01-26 02:00:00,292.0,20.2
2026-01-26 03:00:00,273.0,15.1
2026-01-26 04:00:00,256.0,10.9
2026-01-26 05:00:00,240.0,7.3
2026-01-26 06:00:00,228.0,5.7
2026-01-26 07:00:00,221.0,6.3
2026-01-26 08:00:00,219.0,8.8
2026-01-26 09:00:00,225.0,13.6
2026-01-26 10:00:00,245.0,22.2
2026-01-26 11:00:00,275.0,33.1
2026-01-26 12:00:00,301.0,36.9
2026-01-26 13:00:00,323.0,39.3
2026-01-26 14:00:00,343.0,42.5
2026-01-26 15:00:00,350.0,43.8
2026-01-26 16:00:00,337.0,41.4
2026-01-26 17:00:00,312.0,37.1
2026-01-26 18:00:00,290.0,33.2
2026-01-26 19:00:00,273.0,30.3
2026-01-26 20:00:00,259.0,28.0
2026-01-26 21:00:00,253.0,26.9
2026-01-26 22:00:00,263.0,28.7
2026-01-26 23:00:00,281.0,31.8
2026-01-27 00:00:00,290.0,31.0
2026-01-27 01:00:00,282.0,27.6
2026-01-27 02:00:00,266.0,22.9
2026-01-27 03:00:00,248.0,19.1
2026-01-27 04:00:00,228.0,16.4
2026-01-27 05:00:00,206.0,14.5
2026-01-27 06:00:00,194.0,14.9
2026-01-27 07:00:00,196.0,18.6
2026-01-27 08:00:00,208.0,24.6
2026-01-27 09:00:00,225.0,31.2
2026-01-27 10:00:00,244.0,39.2
2026-01-27 11:00:00,268.0,47.8
2026-01-27 12:00:00,301.0,56.1
2026-01-27 13:00:00,355.0,54.6
2026-01-27 14:00:00,418.0,52.3
2026-01-27 15:00:00,456.0,49.4
2026-01-27 16:00:00,448.0,45.5
2026-01-27 17:00:00,414.0,41.0
2026-01-27 18:00:00,386.0,36.8
2026-01-27 19:00:00,375.0,33.0
2026-01-27 20:00:00,369.0,29.6
2026-01-27 21:00:00,361.0,27.6
2026-01-27 22:00:00,350.0,28.7
2026-01-27 23:00:00,337.0,31.2
2026-01-28 00:00:00,322.0,28.7
2026-01-28 01:00:00,304.0,28.2
2026-01-28 02:00:00,285.0,27.3
2026-01-28 03:00:00,268.0,25.6
2026-01-28 04:00:00,256.0,22.2
2026-01-28 05:00:00,246.0,17.9
2026-01-28 06:00:00,237.0,14.6
2026-01-28 07:00:00,220.0,11.7
2026-01-28 08:00:00,205.0,9.7
2026-01-28 09:00:00,217.0,12.8
2026-01-28 10:00:00,283.0,25.1
2026-01-28 11:00:00,376.0,42.3
2026-01-28 12:00:00,445.0,36.3
2026-01-28 13:00:00,470.0,36.7
2026-01-28 14:00:00,470.0,37.1
2026-01-28 15:00:00,459.0,37.1
2026-01-28 16:00:00,433.0,36.2
2026-01-28 17:00:00,395.0,34.9
2026-01-28 18:00:00,365.0,33.5
2026-01-28 19:00:00,351.0,31.9
2026-01-28 20:00:00,347.0,30.4
2026-01-28 21:00:00,349.0,29.7
2026-01-28 22:00:00,365.0,31.4
2026-01-28 23:00:00,388.0,34.0
2026-01-29 00:00:00,399.0,38.3
2026-01-29 01:00:00,388.0,33.3
2026-01-29 02:00:00,363.0,26.2
2026-01-29 03:00:00,336.0,19.7
2026-01-29 04:00:00,305.0,14.4
2026-01-29 05:00:00,271.0,9.7
2026-01-29 06:00:00,242.0,6.8
2026-01-29 07:00:00,220.0,5.0
2026-01-29 08:00:00,204.0,5.1
2026-01-29 09:00:00,198.0,10.1
2026-01-29 10:00:00,202.0,24.0
2026-01-29 11:00:00,216.0,42.9
2026-01-29 12:00:00,246.0,41.6
2026-01-29 13:00:00,302.0,40.6
2026-01-29 14:00:00,373.0,39.2
2026-01-29 15:00:00,431.0,38.3
2026-01-29 16:00:00,464.0,38.7
2026-01-29 17:00:00,482.0,39.6
2026-01-29 18:00:00,492.0,39.9
2026-01-29 19:00:00,492.0,39.2
2026-01-29 20:00:00,483.0,37.9
2026-01-29 21:00:00,470.0,36.4
2026-01-29 22:00:00,456.0,35.2
2026-01-29 23:00:00,437.0,33.9
2026-01-30 00:00:00,412.0,33.4
2026-01-30 01:00:00,373.0,27.6
2026-01-30 02:00:00,327.0,19.4
2026-01-30 03:00:00,290.0,12.8
2026-01-30 04:00:00,271.0,8.7
2026-01-30 05:00:00,261.0,6.0
2026-01-30 06:00:00,251.0,5.5
2026-01-30 07:00:00,231.0,5.7
2026-01-30 08:00:00,210.0,8.1
2026-01-30 09:00:00,211.0,17.7
2026-01-30 10:00:00,257.0,43.1
2026-01-30 11:00:00,324.0,75.7
2026-01-30 12:00:00,366.0,45.1
2026-01-30 13:00:00,354.0,51.0
2026-01-30 14:00:00,317.0,58.9
2026-01-30 15:00:00,297.0,63.9
2026-01-30 16:00:00,311.0,63.2
2026-01-30 17:00:00,342.0,59.6
2026-01-30 18:00:00,381.0,56.2
2026-01-30 19:00:00,435.0,54.4
2026-01-30 20:00:00,498.0,52.9
2026-01-30 21:00:00,537.0,50.7
2026-01-30 22:00:00,539.0,47.9
2026-01-30 23:00:00,519.0,44.5
2026-01-31 00:00:00,487.0,40.1
2026-01-31 01:00:00,442.0,32.3
2026-01-31 02:00:00,385.0,21.4
2026-01-31 03:00:00,332.0,12.8
2026-01-31 04:00:00,286.0,8.3
2026-01-31 05:00:00,243.0,6.0
2026-01-31 06:00:00,213.0,5.8
2026-01-31 07:00:00,198.0,7.7
2026-01-31 08:00:00,196.0,11.7
2026-01-31 09:00:00,200.0,17.5
2026-01-31 10:00:00,212.0,26.9
2026-01-31 11:00:00,232.0,38.2
2026-01-31 12:00:00,250.0,48.5
2026-01-31 13:00:00,262.0,53.3
2026-01-31 14:00:00,274.0,59.3
2026-01-31 15:00:00,287.0,59.7
2026-01-31 16:00:00,310.0,48.8
2026-01-31 17:00:00,335.0,32.1
2026-01-31 18:00:00,346.0,19.8
2026-01-31 19:00:00,326.0,16.2
2026-01-31 20:00:00,291.0,16.8
2026-01-31 21:00:00,272.0,18.3
2026-01-31 22:00:00,289.0,20.5
2026-01-31 23:00:00,322.0,23.5
2026-02-01 00:00:00,343.0,24.3
2026-02-01 01:00:00,338.0,20.5
2026-02-01 02:00:00,321.0,15.1
2026-02-01 03:00:00,308.0,10.8
2026-02-01 04:00:00,302.0,8.2
2026-02-01 05:00:00,299.0,6.7
2026-02-01 06:00:00,306.0,6.7
2026-02-01 07:00:00,329.0,8.5
2026-02-01 08:00:00,361.0,11.9
2026-02-01 09:00:00,385.0,16.9
2026-02-01 10:00:00,390.0,24.7
2026-02-01 11:00:00,387.0,34.1
2026-02-01 12:00:00,390.0,42.7
2026-02-01 13:00:00,412.0,42.1
2026-02-01 14:00:00,439.0,41.2
2026-02-01 15:00:00,451.0,39.3
2026-02-01 16:00:00,431.0,35.9
2026-02-01 17:00:00,395.0,31.5
2026-02-01 18:00:00,365.0,27.4
2026-02-01 19:00:00,348.0,23.3
2026-02-01 20:00:00,337.0,19.4
2026-02-01 21:00:00,337.0,17.8
2026-02-01 22:00:00,357.0,20.7
2026-02-01 23:00:00,387.0,25.8
2026-02-02 00:00:00,405.0,32.2
2026-02-02 01:00:00,396.0,25.9
2026-02-02 02:00:00,375.0,17.1
2026-02-02 03:00:00,358.0,10.2
2026-02-02 04:00:00,354.0,6.6
2026-02-02 05:00:00,355.0,4.8
2026-02-02 06:00:00,353.0,5.0
2026-02-02 07:00:00,344.0,7.2
2026-02-02 08:00:00,334.0,11.4
2026-02-02 09:00:00,329.0,16.9
2026-02-02 10:00:00,337.0,25.0
2026-02-02 11:00:00,352.0,34.6
2026-02-02 12:00:00,359.0,45.1
2026-02-02 13:00:00,351.0,43.9
2026-02-02 14:00:00,336.0,42.2
2026-02-02 15:00:00,324.0,39.9
2026-02-02 16:00:00,321.0,36.8
2026-02-02 17:00:00,321.0,33.1
2026-02-02 18:00:00,320.0,30.0
2026-02-02 19:00:00,312.0,27.5
2026-02-02 20:00:00,304.0,25.6
2026-02-02 21:00:00,306.0,24.6
2026-02-02 22:00:00,333.0,25.9
2026-02-02 23:00:00,372.0,28.1
2026-02-03 00:00:00,392.0,28.1
2026-02-03 01:00:00,372.0,22.8
2026-02-03 02:00:00,334.0,15.4
2026-02-03 03:00:00,313.0,9.7
2026-02-03 04:00:00,332.0,7.0
2026-02-03 05:00:00,367.0,5.9
2026-02-03 06:00:00,382.0,6.5
2026-02-03 07:00:00,353.0,8.2
2026-02-03 08:00:00,304.0,11.4
2026-02-03 09:00:00,270.0,17.6
2026-02-03 10:00:00,267.0,29.4
2026-02-03 11:00:00,279.0,44.2
2026-02-03 12:00:00,299.0,51.0
2026-02-03 13:00:00,324.0,50.0
2026-02-03 14:00:00,357.0,48.6
2026-02-03 15:00:00,393.0,46.6
2026-02-03 16:00:00,444.0,43.9
2026-02-03 17:00:00,500.0,40.7
2026-02-03 18:00:00,524.0,37.7
2026-02-03 19:00:00,489.0,34.9
2026-02-03 20:00:00,422.0,32.2
2026-02-03 21:00:00,376.0,30.0
2026-02-03 22:00:00,380.0,29.0
2026-02-03 23:00:00,404.0,28.4
2026-02-04 00:00:00,412.0,29.8
2026-02-04 01:00:00,382.0,25.0
2026-02-04 02:00:00,336.0,18.3
2026-02-04 03:00:00,303.0,12.7
2026-02-04 04:00:00,297.0,9.3
2026-02-04 05:00:00,304.0,7.0
2026-02-04 06:00:00,305.0,6.1
2026-02-04 07:00:00,288.0,6.4
2026-02-04 08:00:00,265.0,8.0
2026-02-04 09:00:00,256.0,11.7
2026-02-04 10:00:00,276.0,19.4
2026-02-04 11:00:00,310.0,29.3
2026-02-04 12:00:00,335.0,34.3
2026-02-04 13:00:00,342.0,34.1
2026-02-04 14:00:00,340.0,33.8
2026-02-04 15:00:00,338.0,32.7
2026-02-04 16:00:00,341.0,30.2
2026-02-04 17:00:00,344.0,26.9
2026-02-04 18:00:00,342.0,24.2
2026-02-04 19:00:00,331.0,22.3
2026-02-04 20:00:00,314.0,21.1
2026-02-04 21:00:00,300.0,21.3
2026-02-04 22:00:00,293.0,24.9
2026-02-04 23:00:00,290.0,30.0
2026-02-05 00:00:00,282.0,22.1
2026-02-05 01:00:00,267.0,19.8
2026-02-05 02:00:00,248.0,16.6
2026-02-05 03:00:00,231.0,13.5
2026-02-05 04:00:00,216.0,10.5
2026-02-05 05:00:00,202.0,7.7
2026-02-05 06:00:00,192.0,6.4
2026-02-05 07:00:00,186.0,6.5
2026-02-05 08:00:00,184.0,8.1
2026-02-05 09:00:00,193.0,12.7
2026-02-05 10:00:00,217.0,22.9
2026-02-05 11:00:00,252.0,36.1
2026-02-05 12:00:00,287.0,49.8
2026-02-05 13:00:00,326.0,47.8
2026-02-05 14:00:00,365.0,44.8
2026-02-05 15:00:00,381.0,41.0
2026-02-05 16:00:00,354.0,35.9
2026-02-05 17:00:00,305.0,30.0
2026-02-05 18:00:00,269.0,24.8
2026-02-05 19:00:00,265.0,20.2
2026-02-05 20:00:00,274.0,16.4
2026-02-05 21:00:00,283.0,14.8
2026-02-05 22:00:00,288.0,17.7
2026-02-05 23:00:00,292.0,22.9
2026-02-06 00:00:00,292.0,28.5
2026-02-06 01:00:00,284.0,23.4
2026-02-06 02:00:00,272.0,16.3
2026-02-06 03:00:00,260.0,10.6
2026-02-06 04:00:00,251.0,7.5
2026-02-06 05:00:00,243.0,5.8
2026-02-06 06:00:00,235.0,5.5
2026-02-06 07:00:00,223.0,6.6
2026-02-06 08:00:00,210.0,9.1
2026-02-06 09:00:00,205.0,13.4
2026-02-06 10:00:00,216.0,21.3
2026-02-06 11:00:00,235.0,31.1
2026-02-06 12:00:00,251.0,33.8
2026-02-06 13:00:00,259.0,32.8
2026-02-06 14:00:00,263.0,31.4
2026-02-06 15:00:00,262.0,29.8
2026-02-06 16:00:00,254.0,27.9
2026-02-06 17:00:00,242.0,25.8
2026-02-06 18:00:00,234.0,24.1
2026-02-06 19:00:00,232.0,22.8
2026-02-06 20:00:00,233.0,21.8
2026-02-06 21:00:00,238.0,21.3
2026-02-06 22:00:00,249.0,22.1
2026-02-06 23:00:00,264.0,23.4
2026-02-07 00:00:00,272.0,23.0
2026-02-07 01:00:00,267.0,20.9
2026-02-07 02:00:00,254.0,18.0
2026-02-07 03:00:00,242.0,15.2
2026-02-07 04:00:00,233.0,12.2
2026-02-07 05:00:00,224.0,9.3
2026-02-07 06:00:00,218.0,8.3
2026-02-07 07:00:00,213.0,10.1
2026-02-07 08:00:00,210.0,13.9
2026-02-07 09:00:00,215.0,18.3
2026-02-07 10:00:00,235.0,24.1
2026-02-07 11:00:00,264.0,30.6
2026-02-07 12:00:00,289.0,36.4
2026-02-07 13:00:00,306.0,35.1
2026-02-07 14:00:00,318.0,33.2
2026-02-07 15:00:00,324.0,31.1
2026-02-07 16:00:00,322.0,28.7
2026-02-07 17:00:00,313.0,26.1
2026-02-07 18:00:00,303.0,23.9
2026-02-07 19:00:00,289.0,22.1
2026-02-07 20:00:00,274.0,20.6
2026-02-07 21:00:00,267.0,20.2
2026-02-07 22:00:00,277.0,22.0
2026-02-07 23:00:00,295.0,24.9
2026-02-08 00:00:00,306.0,22.5
2026-02-08 01:00:00,301.0,20.5
2026-02-08 02:00:00,289.0,17.7
2026-02-08 03:00:00,275.0,15.0
2026-02-08 04:00:00,260.0,12.5
2026-02-08 05:00:00,243.0,10.3
2026-02-08 06:00:00,229.0,9.2
2026-02-08 07:00:00,217.0,9.4
2026-02-08 08:00:00,209.0,10.9
2026-02-08 09:00:00,208.0,14.0
2026-02-08 10:00:00,216.0,19.9
2026-02-08 11:00:00,231.0,27.4
2026-02-08 12:00:00,260.0,40.6
2026-02-08 13:00:00,315.0,43.6
2026-02-08 14:00:00,384.0,47.6
2026-02-08 15:00:00,430.0,49.9
2026-02-08 16:00:00,437.0,49.2
2026-02-08 17:00:00,421.0,46.7
2026-02-08 18:00:00,398.0,43.6
2026-02-08 19:00:00,368.0,39.1
2026-02-08 20:00:00,331.0,34.0
2026-02-08 21:00:00,306.0,31.2
2026-02-08 22:00:00,304.0,33.6
2026-02-08 23:00:00,315.0,38.4
2026-02-09 00:00:00,320.0,37.1
2026-02-09 01:00:00,315.0,30.7
2026-02-09 02:00:00,305.0,21.9
2026-02-09 03:00:00,291.0,14.6
2026-02-09 04:00:00,267.0,9.9
2026-02-09 05:00:00,240.0,6.7
2026-02-09 06:00:00,229.0,6.2
2026-02-09 07:00:00,249.0,9.1
2026-02-09 08:00:00,285.0,14.6
2026-02-09 09:00:00,319.0,21.7
2026-02-09 10:00:00,340.0,32.0
2026-02-09 11:00:00,359.0,43.8
2026-02-09 12:00:00,383.0,49.3
2026-02-09 13:00:00,418.0,47.8
2026-02-09 14:00:00,458.0,45.6
2026-02-09 15:00:00,500.0,43.0
2026-02-09 16:00:00,553.0,39.8
2026-02-09 17:00:00,608.0,36.3
2026-02-09 18:00:00,632.0,33.2
2026-02-09 19:00:00,598.0,30.8
2026-02-09 20:00:00,533.0,28.9
2026-02-09 21:00:00,480.0,28.0
2026-02-09 22:00:00,459.0,29.1
2026-02-09 23:00:00,451.0,31.2
2026-02-10 00:00:00,445.0,36.6
2026-02-10 01:00:00,439.0,31.7
2026-02-10 02:00:00,437.0,24.9
2026-02-10 03:00:00,434.0,19.3
2026-02-10 04:00:00,435.0,15.9
2026-02-10 05:00:00,435.0,13.8
2026-02-10 06:00:00,426.0,13.1
2026-02-10 07:00:00,396.0,12.8
2026-02-10 08:00:00,355.0,13.9
2026-02-10 09:00:00,326.0,19.6
2026-02-10 10:00:00,315.0,34.9
2026-02-10 11:00:00,315.0,54.8
2026-02-10 12:00:00,327.0,32.7
2026-02-10 13:00:00,356.0,38.1
2026-02-10 14:00:00,396.0,45.4
2026-02-10 15:00:00,434.0,50.8
2026-02-10 16:00:00,469.0,52.2
2026-02-10 17:00:00,501.0,51.7
2026-02-10 18:00:00,516.0,50.9
2026-02-10 19:00:00,496.0,50.4
2026-02-10 20:00:00,458.0,49.7
2026-02-10 21:00:00,439.0,49.0
2026-02-10 22:00:00,464.0,49.6
2026-02-10 23:00:00,507.0,50.1
2026-02-11 00:00:00,525.0,58.1
2026-02-11 01:00:00,490.0,47.1
2026-02-11 02:00:00,430.0,31.8
2026-02-11 03:00:00,379.0,19.4
2026-02-11 04:00:00,357.0,12.3
2026-02-11 05:00:00,345.0,8.0
2026-02-11 06:00:00,323.0,6.3
2026-02-11 07:00:00,266.0,7.6
2026-02-11 08:00:00,200.0,11.4
2026-02-11 09:00:00,179.0,16.6
2026-02-11 10:00:00,250.0,24.0
2026-02-11 11:00:00,366.0,32.8
2026-02-11 12:00:00,447.0,47.4
2026-02-11 13:00:00,446.0,47.2
2026-02-11 14:00:00,410.0,47.0
2026-02-11 15:00:00,399.0,48.0
2026-02-11 16:00:00,452.0,51.6
2026-02-11 17:00:00,531.0,56.4
2026-02-11 18:00:00,582.0,59.4
2026-02-11 19:00:00,575.0,59.1
2026-02-11 20:00:00,541.0,56.8
2026-02-11 21:00:00,517.0,54.0
2026-02-11 22:00:00,527.0,51.3
2026-02-11 23:00:00,547.0,48.0
2026-02-12 00:00:00,547.0,55.6
2026-02-12 01:00:00,505.0,44.5
2026-02-12 02:00:00,443.0,29.1
2026-02-12 03:00:00,392.0,16.8
2026-02-12 04:00:00,369.0,10.2
2026-02-12 05:00:00,358.0,6.7
2026-02-12 06:00:00,343.0,5.7
2026-02-12 07:00:00,309.0,7.3
2026-02-12 08:00:00,270.0,11.3
2026-02-12 09:00:00,253.0,17.2
2026-02-12 10:00:00,276.0,26.5
2026-02-12 11:00:00,322.0,37.5
2026-02-12 12:00:00,365.0,39.8
2026-02-12 13:00:00,405.0,36.9
2026-02-12 14:00:00,442.0,32.8
2026-02-12 15:00:00,459.0,29.1
2026-02-12 16:00:00,441.0,26.3
2026-02-12 17:00:00,402.0,24.0
2026-02-12 18:00:00,365.0,22.2
2026-02-12 19:00:00,335.0,20.8
2026-02-12 20:00:00,306.0,19.9
2026-02-12 21:00:00,290.0,20.8
2026-02-12 22:00:00,294.0,25.5
2026-02-12 23:00:00,309.0,31.8
2026-02-13 00:00:00,322.0,37.6
2026-02-13 01:00:00,325.0,32.3
2026-02-13 02:00:00,325.0,25.0
2026-02-13 03:00:00,326.0,19.1
2026-02-13 04:00:00,330.0,15.9
2026-02-13 05:00:00,334.0,14.0
2026-02-13 06:00:00,335.0,13.5
2026-02-13 07:00:00,327.0,13.8
2026-02-13 08:00:00,316.0,15.4
2026-02-13 09:00:00,310.0,19.3
2026-02-13 10:00:00,313.0,27.7
2026-02-13 11:00:00,321.0,38.3
2026-02-13 12:00:00,331.0,60.6
2026-02-13 13:00:00,344.0,58.5
2026-02-13 14:00:00,360.0,55.4
2026-02-13 15:00:00,372.0,51.2
2026-02-13 16:00:00,376.0,45.0
2026-02-13 17:00:00,377.0,37.6
2026-02-13 18:00:00,378.0,31.7
2026-02-13 19:00:00,381.0,28.1
2026-02-13 20:00:00,384.0,25.9
2026-02-13 21:00:00,387.0,25.3
2026-02-13 22:00:00,391.0,28.0
2026-02-13 23:00:00,394.0,32.3
2026-02-14 00:00:00,397.0,45.9
2026-02-14 01:00:00,401.0,36.5
2026-02-14 02:00:00,404.0,23.6
2026-02-14 03:00:00,399.0,13.6
2026-02-14 04:00:00,380.0,9.2
2026-02-14 05:00:00,353.0,7.8
2026-02-14 06:00:00,328.0,8.1
2026-02-14 07:00:00,304.0,9.5
2026-02-14 08:00:00,282.0,12.6
2026-02-14 09:00:00,278.0,17.9
2026-02-14 10:00:00,305.0,25.7
2026-02-14 11:00:00,351.0,35.5
2026-02-14 12:00:00,395.0,44.7
2026-02-14 13:00:00,433.0,48.5
2026-02-14 14:00:00,468.0,53.6
2026-02-14 15:00:00,490.0,56.7
2026-02-14 16:00:00,493.0,55.8
2026-02-14 17:00:00,483.0,52.8
2026-02-14 18:00:00,469.0,50.0
2026-02-14 19:00:00,450.0,48.6
2026-02-14 20:00:00,427.0,47.3
2026-02-14 21:00:00,407.0,45.1
2026-02-14 22:00:00,397.0,41.2
2026-02-14 23:00:00,391.0,36.4
2026-02-15 00:00:00,380.0,39.6
2026-02-15 01:00:00,359.0,32.3
2026-02-15 02:00:00,333.0,22.0
2026-02-15 03:00:00,311.0,13.8
2026-02-15 04:00:00,296.0,9.1
2026-02-15 05:00:00,285.0,6.4
2026-02-15 06:00:00,270.0,5.7
2026-02-15 07:00:00,237.0,6.8
2026-02-15 08:00:00,201.0,9.9
2026-02-15 09:00:00,198.0,15.8
2026-02-15 10:00:00,258.0,27.2
2026-02-15 11:00:00,351.0,41.4
2026-02-15 12:00:00,420.0,48.0
2026-02-15 13:00:00,443.0,52.5
2026-02-15 14:00:00,443.0,58.6
2026-02-15 15:00:00,432.0,62.4
2026-02-15 16:00:00,407.0,61.9
2026-02-15 17:00:00,371.0,59.2
2026-02-15 18:00:00,352.0,55.9
2026-02-15 19:00:00,365.0,52.2
2026-02-15 20:00:00,395.0,48.1
2026-02-15 21:00:00,418.0,45.0
2026-02-15 22:00:00,427.0,44.8
2026-02-15 23:00:00,430.0,45.7
2026-02-16 00:00:00,428.0,44.7
2026-02-16 01:00:00,423.0,37.6
2026-02-16 02:00:00,413.0,27.7
2026-02-16 03:00:00,390.0,19.4
2026-02-16 04:00:00,344.0,13.7
2026-02-16 05:00:00,286.0,9.6
2026-02-16 06:00:00,240.0,8.1
2026-02-16 07:00:00,212.0,9.3
2026-02-16 08:00:00,195.0,13.2
2026-02-16 09:00:00,195.0,20.3
2026-02-16 10:00:00,225.0,33.5
2026-02-16 11:00:00,271.0,50.0
2026-02-16 12:00:00,302.0,49.5
2026-02-16 13:00:00,299.0,53.7
2026-02-16 14:00:00,280.0,59.6
2026-02-16 15:00:00,271.0,63.6
2026-02-16 16:00:00,281.0,64.4
2026-02-16 17:00:00,302.0,63.5
2026-02-16 18:00:00,331.0,61.8
2026-02-16 19:00:00,373.0,59.4
2026-02-16 20:00:00,424.0,56.2
2026-02-16 21:00:00,466.0,53.1
2026-02-16 22:00:00,497.0,51.2
2026-02-16 23:00:00,519.0,49.5
2026-02-17 00:00:00,521.0,45.6
2026-02-17 01:00:00,495.0,36.0
2026-02-17 02:00:00,449.0,22.7
2026-02-17 03:00:00,395.0,12.5
2026-02-17 04:00:00,327.0,8.3
2026-02-17 05:00:00,250.0,7.2
2026-02-17 06:00:00,196.0,7.3
2026-02-17 07:00:00,181.0,6.4
2026-02-17 08:00:00,188.0,6.8
2026-02-17 09:00:00,198.0,13.4
2026-02-17 10:00:00,204.0,32.7
2026-02-17 11:00:00,213.0,58.2
2026-02-17 12:00:00,226.0,72.8
2026-02-17 13:00:00,245.0,72.8
2026-02-17 14:00:00,268.0,72.4
2026-02-17 15:00:00,285.0,69.8
2026-02-17 16:00:00,293.0,63.6
2026-02-17 17:00:00,295.0,55.1
2026-02-17 18:00:00,294.0,46.6
2026-02-17 19:00:00,289.0,37.7
2026-02-17 20:00:00,280.0,28.8
2026-02-17 21:00:00,273.0,23.2
2026-02-17 22:00:00,272.0,23.8
2026-02-17 23:00:00,273.0,27.7
2026-02-18 00:00:00,267.0,37.3
2026-02-18 01:00:00,249.0,31.5
2026-02-18 02:00:00,224.0,23.6
2026-02-18 03:00:00,205.0,17.2
2026-02-18 04:00:00,196.0,13.9
2026-02-18 05:00:00,191.0,12.3
2026-02-18 06:00:00,188.0,11.7
2026-02-18 07:00:00,183.0,11.3
2026-02-18 08:00:00,180.0,12.0
2026-02-18 09:00:00,182.0,16.0
2026-02-18 10:00:00,192.0,26.0
2026-02-18 11:00:00,207.0,39.3
2026-02-18 12:00:00,225.0,53.7
2026-02-18 13:00:00,245.0,55.1
2026-02-18 14:00:00,268.0,56.8
2026-02-18 15:00:00,294.0,56.5
2026-02-18 16:00:00,324.0,52.6
2026-02-18 17:00:00,357.0,46.7
2026-02-18 18:00:00,394.0,41.6
2026-02-18 19:00:00,447.0,37.9
2026-02-18 20:00:00,503.0,35.1
2026-02-18 21:00:00,527.0,34.1
2026-02-18 22:00:00,493.0,37.3
2026-02-18 23:00:00,428.0,42.4
2026-02-19 00:00:00,373.0,42.9
2026-02-19 01:00:00,351.0,35.7
2026-02-19 02:00:00,341.0,25.6
2026-02-19 03:00:00,319.0,17.5
2026-02-19 04:00:00,269.0,12.9
2026-02-19 05:00:00,208.0,10.3
2026-02-19 06:00:00,166.0,9.8
2026-02-19 07:00:00,150.0,11.1
2026-02-19 08:00:00,153.0,14.5
2026-02-19 09:00:00,179.0,20.9
2026-02-19 10:00:00,243.0,32.7
2026-02-19 11:00:00,329.0,47.5
2026-02-19 12:00:00,399.0,48.9
2026-02-19 13:00:00,431.0,54.6
2026-02-19 14:00:00,446.0,62.1
2026-02-19 15:00:00,464.0,65.1
2026-02-19 16:00:00,508.0,59.4
2026-02-19 17:00:00,556.0,49.1
2026-02-19 18:00:00,556.0,40.4
2026-02-19 19:00:00,463.0,35.7
2026-02-19 20:00:00,323.0,32.5
2026-02-19 21:00:00,223.0,29.9
2026-02-19 22:00:00,210.0,27.8
2026-02-19 23:00:00,237.0,26.2
2026-02-20 00:00:00,256.0,21.9
2026-02-20 01:00:00,248.0,19.4
2026-02-20 02:00:00,232.0,15.9
2026-02-20 03:00:00,215.0,12.7
2026-02-20 04:00:00,198.0,10.0
2026-02-20 05:00:00,181.0,7.6
2026-02-20 06:00:00,171.0,6.8
2026-02-20 07:00:00,171.0,7.7
2026-02-20 08:00:00,179.0,10.2
2026-02-20 09:00:00,192.0,14.6
2026-02-20 10:00:00,212.0,22.9
2026-02-20 11:00:00,237.0,33.1
2026-02-20 12:00:00,267.0,30.4
2026-02-20 13:00:00,311.0,30.0
2026-02-20 14:00:00,360.0,29.3
2026-02-20 15:00:00,380.0,28.4
2026-02-20 16:00:00,345.0,27.0
2026-02-20 17:00:00,281.0,25.3
2026-02-20 18:00:00,235.0,24.1
2026-02-20 19:00:00,226.0,23.3
2026-02-20 20:00:00,236.0,22.9
2026-02-20 21:00:00,248.0,23.7
2026-02-20 22:00:00,265.0,27.5
2026-02-20 23:00:00,285.0,32.5
2026-02-21 00:00:00,292.0,37.2
2026-02-21 01:00:00,276.0,31.2
2026-02-21 02:00:00,248.0,22.9
2026-02-21 03:00:00,223.0,16.1
2026-02-21 04:00:00,205.0,11.9
2026-02-21 05:00:00,191.0,9.1
2026-02-21 06:00:00,180.0,8.1
2026-02-21 07:00:00,172.0,9.4
2026-02-21 08:00:00,167.0,12.5
2026-02-21 09:00:00,171.0,16.6
2026-02-21 10:00:00,186.0,22.4
2026-02-21 11:00:00,210.0,29.3
2026-02-21 12:00:00,234.0,35.9
2026-02-21 13:00:00,256.0,35.9
2026-02-21 14:00:00,278.0,35.7
2026-02-21 15:00:00,303.0,34.8
2026-02-21 16:00:00,339.0,32.7
2026-02-21 17:00:00,378.0,29.9
2026-02-21 18:00:00,394.0,27.3
2026-02-21 19:00:00,366.0,24.6
2026-02-21 20:00:00,316.0,22.2
2026-02-21 21:00:00,284.0,21.8
2026-02-21 22:00:00,292.0,26.0
2026-02-21 23:00:00,318.0,32.3
2026-02-22 00:00:00,335.0,35.0
2026-02-22 01:00:00,331.0,29.5
2026-02-22 02:00:00,318.0,21.9
2026-02-22 03:00:00,303.0,15.6
2026-02-22 04:00:00,281.0,11.4
2026-02-22 05:00:00,258.0,8.5
2026-02-22 06:00:00,251.0,8.1
2026-02-22 07:00:00,274.0,10.7
2026-02-22 08:00:00,314.0,15.7
2026-02-22 09:00:00,352.0,22.4
2026-02-22 10:00:00,378.0,31.6
2026-02-22 11:00:00,401.0,42.4
2026-02-22 12:00:00,430.0,79.1
2026-02-22 13:00:00,473.0,72.8
2026-02-22 14:00:00,522.0,63.8
2026-02-22 15:00:00,562.0,54.9
2026-02-22 16:00:00,588.0,46.5
2026-02-22 17:00:00,605.0,38.2
2026-02-22 18:00:00,608.0,31.7
2026-02-22 19:00:00,590.0,27.5
2026-02-22 20:00:00,558.0,25.0
2026-02-22 21:00:00,530.0,24.1
2026-02-22 22:00:00,515.0,25.8
2026-02-22 23:00:00,504.0,29.1
2026-02-23 00:00:00,484.0,32.0
2026-02-23 01:00:00,447.0,26.9
2026-02-23 02:00:00,401.0,19.8
2026-02-23 03:00:00,364.0,14.0
2026-02-23 04:00:00,343.0,10.3
2026-02-23 05:00:00,330.0,7.9
2026-02-23 06:00:00,322.0,7.5
2026-02-23 07:00:00,313.0,9.8
2026-02-23 08:00:00,308.0,14.2
2026-02-23 09:00:00,321.0,19.6
2026-02-23 10:00:00,369.0,27.0
2026-02-23 11:00:00,434.0,35.3
2026-02-23 12:00:00,479.0,33.6
2026-02-23 13:00:00,483.0,32.9
2026-02-23 14:00:00,466.0,31.9
2026-02-23 15:00:00,454.0,30.6
2026-02-23 16:00:00,465.0,28.5
2026-02-23 17:00:00,480.0,26.2
2026-02-23 18:00:00,473.0,24.8
2026-02-23 19:00:00,415.0,24.9
2026-02-23 20:00:00,335.0,25.9
2026-02-23 21:00:00,286.0,27.9
2026-02-23 22:00:00,304.0,32.2
2026-02-23 23:00:00,354.0,37.5
2026-02-24 00:00:00,387.0,59.6
2026-02-24 01:00:00,379.0,51.9
2026-02-24 02:00:00,354.0,41.2
2026-02-24 03:00:00,335.0,32.3
2026-02-24 04:00:00,330.0,26.8
2026-02-24 05:00:00,329.0,23.2
2026-02-24 06:00:00,331.0,21.6
2026-02-24 07:00:00,316.0,20.2
2026-02-24 08:00:00,302.0,21.0
2026-02-24 09:00:00,342.0,29.7
2026-02-24 10:00:00,505.0,55.3
2026-02-24 11:00:00,722.0,89.0
2026-02-24 12:00:00,840.0,193.4
2026-02-24 13:00:00,764.0,176.8
2026-02-24 14:00:00,590.0,153.4
2026-02-24 15:00:00,450.0,131.3
2026-02-24 16:00:00,397.0,113.2
2026-02-24 17:00:00,378.0,96.5
2026-02-24 18:00:00,368.0,82.0
2026-02-24 19:00:00,358.0,70.2
2026-02-24 20:00:00,356.0,60.6
2026-02-24 21:00:00,370.0,52.9
2026-02-24 22:00:00,414.0,48.1
2026-02-24 23:00:00,472.0,45.2
2026-02-25 00:00:00,505.0,51.3
2026-02-25 01:00:00,491.0,40.0
2026-02-25 02:00:00,452.0,24.3
2026-02-25 03:00:00,414.0,12.2
2026-02-25 04:00:00,384.0,6.7
2026-02-25 05:00:00,355.0,4.9
2026-02-25 06:00:00,335.0,5.8
2026-02-25 07:00:00,328.0,9.9
2026-02-25 08:00:00,330.0,16.8
2026-02-25 09:00:00,337.0,23.9
2026-02-25 10:00:00,344.0,31.3
2026-02-25 11:00:00,357.0,39.0
2026-02-25 12:00:00,383.0,40.5
2026-02-25 13:00:00,431.0,42.9
2026-02-25 14:00:00,493.0,46.1
2026-02-25 15:00:00,555.0,47.2
2026-02-25 16:00:00,626.0,44.5
2026-02-25 17:00:00,697.0,39.8
2026-02-25 18:00:00,723.0,35.8
2026-02-25 19:00:00,671.0,33.3
2026-02-25 20:00:00,575.0,31.5
2026-02-25 21:00:00,487.0,30.8
2026-02-25 22:00:00,427.0,32.8
2026-02-25 23:00:00,376.0,35.9
2026-02-26 00:00:00,333.0,38.3
2026-02-26 01:00:00,299.0,35.0
2026-02-26 02:00:00,273.0,30.3
2026-02-26 03:00:00,247.0,25.7
2026-02-26 04:00:00,213.0,21.1
2026-02-26 05:00:00,179.0,16.6
2026-02-26 06:00:00,166.0,14.5
2026-02-26 07:00:00,189.0,15.6
2026-02-26 08:00:00,233.0,19.0
2026-02-26 09:00:00,269.0,24.2
2026-02-26 10:00:00,284.0,32.9
2026-02-26 11:00:00,291.0,43.3
2026-02-26 12:00:00,308.0,54.6
2026-02-26 13:00:00,347.0,53.0
2026-02-26 14:00:00,395.0,50.7
2026-02-26 15:00:00,428.0,47.8
2026-02-26 16:00:00,433.0,44.1
2026-02-26 17:00:00,423.0,39.8
2026-02-26 18:00:00,415.0,36.1
2026-02-26 19:00:00,419.0,32.9
2026-02-26 20:00:00,424.0,30.3
2026-02-26 21:00:00,418.0,29.5
2026-02-26 22:00:00,390.0,32.8
2026-02-26 23:00:00,350.0,37.9
2026-02-27 00:00:00,313.0,37.7
2026-02-27 01:00:00,282.0,31.3
2026-02-27 02:00:00,255.0,22.3
2026-02-27 03:00:00,238.0,15.0
2026-02-27 04:00:00,238.0,10.5
2026-02-27 05:00:00,249.0,7.7
2026-02-27 06:00:00,258.0,6.7
2026-02-27 07:00:00,257.0,7.4
2026-02-27 08:00:00,254.0,10.1
2026-02-27 09:00:00,259.0,15.2
2026-02-27 10:00:00,277.0,25.4
2026-02-27 11:00:00,303.0,38.1
2026-02-27 12:00:00,335.0,76.1
2026-02-27 13:00:00,379.0,69.0
2026-02-27 14:00:00,429.0,59.0
2026-02-27 15:00:00,467.0,50.6
2026-02-27 16:00:00,482.0,45.6
2026-02-27 17:00:00,485.0,42.2
2026-02-27 18:00:00,484.0,39.1
2026-02-27 19:00:00,482.0,35.7
2026-02-27 20:00:00,476.0,32.7
2026-02-27 21:00:00,469.0,30.5
2026-02-27 22:00:00,463.0,30.2
2026-02-27 23:00:00,456.0,30.7
2026-02-28 00:00:00,443.0,41.4
2026-02-28 01:00:00,419.0,33.0
2026-02-28 02:00:00,389.0,21.3
2026-02-28 03:00:00,361.0,12.2
2026-02-28 04:00:00,338.0,7.9
2026-02-28 05:00:00,316.0,6.1
2026-02-28 06:00:00,296.0,5.9
2026-02-28 07:00:00,271.0,6.9
2026-02-28 08:00:00,248.0,9.5
2026-02-28 09:00:00,245.0,13.7
2026-02-28 10:00:00,282.0,21.0
2026-02-28 11:00:00,339.0,30.0
2026-02-28 12:00:00,371.0,34.0
2026-02-28 13:00:00,338.0,34.8
2026-02-28 14:00:00,280.0,35.7
2026-02-28 15:00:00,268.0,35.5
2026-02-28 16:00:00,355.0,33.2
2026-02-28 17:00:00,488.0,29.7
2026-02-28 18:00:00,577.0,26.9
2026-02-28 19:00:00,578.0,25.0
2026-02-28 20:00:00,534.0,23.7
2026-02-28 21:00:00,489.0,24.1
2026-02-28 22:00:00,453.0,28.2
2026-02-28 23:00:00,416.0,34.1
2026-03-01 00:00:00,383.0,30.7
2026-03-01 01:00:00,359.0,25.4
2026-03-01 02:00:00,341.0,18.1
2026-03-01 03:00:00,322.0,12.2
2026-03-01 04:00:00,298.0,8.9
2026-03-01 05:00:00,274.0,7.1
2026-03-01 06:00:00,260.0,6.8
2026-03-01 07:00:00,263.0,8.0
2026-03-01 08:00:00,275.0,10.7
2026-03-01 09:00:00,289.0,15.2
2026-03-01 10:00:00,298.0,23.3
2026-03-01 11:00:00,307.0,33.3
2026-03-01 12:00:00,329.0,31.4
2026-03-01 13:00:00,375.0,32.2
2026-03-01 14:00:00,432.0,33.2
2026-03-01 15:00:00,475.0,33.5
2026-03-01 16:00:00,493.0,32.4
2026-03-01 17:00:00,496.0,30.5
2026-03-01 18:00:00,494.0,28.7
2026-03-01 19:00:00,486.0,26.9
2026-03-01 20:00:00,472.0,25.3
2026-03-01 21:00:00,459.0,25.2
2026-03-01 22:00:00,450.0,28.8
2026-03-01 23:00:00,441.0,34.0
2026-03-02 00:00:00,433.0,41.3
2026-03-02 01:00:00,426.0,33.5
2026-03-02 02:00:00,419.0,22.7
2026-03-02 03:00:00,406.0,14.3
2026-03-02 04:00:00,378.0,9.9
2026-03-02 05:00:00,343.0,8.0
2026-03-02 06:00:00,319.0,8.9
2026-03-02 07:00:00,309.0,13.9
2026-03-02 08:00:00,310.0,21.7
2026-03-02 09:00:00,323.0,29.2
2026-03-02 10:00:00,353.0,35.9
2026-03-02 11:00:00,396.0,42.2
2026-03-02 12:00:00,445.0,61.2
2026-03-02 13:00:00,507.0,60.2
2026-03-02 14:00:00,574.0,58.4
2026-03-02 15:00:00,615.0,54.9
2026-03-02 16:00:00,611.0,48.1
2026-03-02 17:00:00,580.0,39.5
2026-03-02 18:00:00,550.0,32.8
2026-03-02 19:00:00,529.0,29.3
2026-03-02 20:00:00,509.0,27.8
2026-03-02 21:00:00,488.0,27.7
2026-03-02 22:00:00,467.0,30.7
2026-03-02 23:00:00,446.0,35.1
2026-03-03 00:00:00,425.0,42.7
2026-03-03 01:00:00,406.0,33.9
2026-03-03 02:00:00,386.0,21.8
2026-03-03 03:00:00,357.0,12.5
2026-03-03 04:00:00,309.0,8.5
2026-03-03 05:00:00,252.0,7.4
2026-03-03 06:00:00,211.0,7.7
2026-03-03 07:00:00,198.0,8.6
2026-03-03 08:00:00,200.0,10.9
2026-03-03 09:00:00,203.0,16.3
2026-03-03 10:00:00,200.0,28.0
2026-03-03 11:00:00,199.0,42.8
2026-03-03 12:00:00,209.0,59.9
2026-03-03 13:00:00,238.0,59.0
2026-03-03 14:00:00,278.0,57.4
2026-03-03 15:00:00,313.0,54.6
2026-03-03 16:00:00,338.0,49.4
2026-03-03 17:00:00,357.0,43.0
2026-03-03 18:00:00,366.0,37.7
2026-03-03 19:00:00,355.0,34.8
2026-03-03 20:00:00,334.0,33.0
2026-03-03 21:00:00,321.0,31.2
2026-03-03 22:00:00,330.0,29.3
2026-03-03 23:00:00,347.0,27.3
2026-03-04 00:00:00,358.0,29.7
2026-03-04 01:00:00,358.0,24.7
2026-03-04 02:00:00,350.0,17.8
2026-03-04 03:00:00,330.0,12.4
2026-03-04 04:00:00,288.0,9.6
2026-03-04 05:00:00,233.0,8.4
2026-03-04 06:00:00,193.0,8.7
2026-03-04 07:00:00,179.0,10.8
2026-03-04 08:00:00,180.0,14.5
2026-03-04 09:00:00,183.0,19.5
2026-03-04 10:00:00,184.0,27.1
2026-03-04 11:00:00,188.0,36.0
2026-03-04 12:00:00,199.0,33.1
2026-03-04 13:00:00,223.0,32.1
2026-03-04 14:00:00,253.0,30.6
2026-03-04 15:00:00,274.0,29.0
2026-03-04 16:00:00,277.0,27.5
2026-03-04 17:00:00,270.0,25.9
2026-03-04 18:00:00,265.0,24.4
2026-03-04 19:00:00,266.0,22.8
2026-03-04 20:00:00,269.0,21.2
2026-03-04 21:00:00,269.0,20.3
2026-03-04 22:00:00,262.0,21.0
2026-03-04 23:00:00,254.0,22.5
2026-03-05 00:00:00,254.0,18.1
2026-03-05 01:00:00,273.0,16.0
2026-03-05 02:00:00,302.0,13.0
2026-03-05 03:00:00,319.0,10.3
2026-03-05 04:00:00,315.0,8.0
2026-03-05 05:00:00,300.0,6.1
2026-03-05 06:00:00,284.0,5.7
2026-03-05 07:00:00,268.0,7.5
2026-03-05 08:00:00,251.0,10.8
2026-03-05 09:00:00,242.0,15.0
2026-03-05 10:00:00,249.0,20.9
2026-03-05 11:00:00,264.0,27.6
2026-03-05 12:00:00,276.0,30.6
2026-03-05 13:00:00,276.0,29.4
2026-03-05 14:00:00,272.0,27.6
2026-03-05 15:00:00,277.0,25.4
2026-03-05 16:00:00,302.0,22.2
2026-03-05 17:00:00,336.0,18.6
2026-03-05 18:00:00,355.0,15.9
2026-03-05 19:00:00,343.0,14.8
2026-03-05 20:00:00,317.0,14.6
2026-03-05 21:00:00,301.0,15.5
2026-03-05 22:00:00,312.0,18.5
2026-03-05 23:00:00,333.0,22.5
2026-03-06 00:00:00,341.0,25.4
2026-03-06 01:00:00,325.0,22.0
2026-03-06 02:00:00,296.0,17.1
2026-03-06 03:00:00,261.0,13.0
2026-03-06 04:00:00,217.0,10.0
2026-03-06 05:00:00,169.0,7.6
2026-03-06 06:00:00,135.0,6.7
2026-03-06 07:00:00,126.0,7.8
2026-03-06 08:00:00,132.0,10.4
2026-03-06 09:00:00,145.0,13.6
2026-03-06 10:00:00,163.0,17.9
2026-03-06 11:00:00,188.0,22.8
2026-03-06 12:00:00,215.0,29.8
2026-03-06 13:00:00,245.0,29.1
2026-03-06 14:00:00,277.0,28.2
2026-03-06 15:00:00,301.0,27.0
2026-03-06 16:00:00,314.0,25.5
2026-03-06 17:00:00,320.0,23.7
2026-03-06 18:00:00,318.0,22.3
2026-03-06 19:00:00,303.0,21.5
2026-03-06 20:00:00,281.0,21.0
2026-03-06 21:00:00,269.0,20.9
2026-03-06 22:00:00,276.0,21.9
2026-03-06 23:00:00,291.0,23.3
2026-03-07 00:00:00,305.0,23.4
2026-03-07 01:00:00,317.0,19.5
2026-03-07 02:00:00,326.0,14.2
2026-03-07 03:00:00,319.0,10.1
2026-03-07 04:00:00,280.0,8.3
2026-03-07 05:00:00,225.0,7.6
2026-03-07 06:00:00,185.0,7.7
2026-03-07 07:00:00,172.0,8.2
2026-03-07 08:00:00,174.0,9.4
2026-03-07 09:00:00,191.0,11.7
2026-03-07 10:00:00,228.0,16.0
2026-03-07 11:00:00,280.0,21.3
2026-03-07 12:00:00,330.0,31.1
2026-03-07 13:00:00,380.0,33.4
2026-03-07 14:00:00,429.0,36.4
2026-03-07 15:00:00,453.0,37.1
2026-03-07 16:00:00,437.0,33.4
2026-03-07 17:00:00,398.0,27.5
2026-03-07 18:00:00,361.0,23.1
2026-03-07 19:00:00,334.0,21.7
2026-03-07 20:00:00,310.0,21.8
2026-03-07 21:00:00,296.0,22.1
2026-03-07 22:00:00,300.0,22.9
2026-03-07 23:00:00,315.0,24.0
2026-03-08 00:00:00,321.0,34.4
2026-03-08 01:00:00,311.0,31.1
2026-03-08 02:00:00,294.0,26.5
2026-03-08 03:00:00,275.0,21.5
2026-03-08 04:00:00,255.0,15.5
2026-03-08 05:00:00,234.0,9.3
2026-03-08 06:00:00,218.0,6.1
2026-03-08 07:00:00,207.0,7.3
2026-03-08 08:00:00,202.0,11.6
2026-03-08 09:00:00,206.0,18.7
2026-03-08 10:00:00,223.0,30.0
2026-03-08 11:00:00,250.0,44.0
2026-03-08 12:00:00,286.0,36.6
2026-03-08 13:00:00,334.0,41.0
2026-03-08 14:00:00,392.0,46.9
2026-03-08 15:00:00,447.0,49.5
2026-03-08 16:00:00,509.0,45.8
2026-03-08 17:00:00,569.0,38.9
2026-03-08 18:00:00,588.0,33.0
2026-03-08 19:00:00,528.0,29.2
2026-03-08 20:00:00,428.0,26.5
2026-03-08 21:00:00,362.0,26.3
2026-03-08 22:00:00,365.0,31.4
2026-03-08 23:00:00,402.0,38.9
2026-03-09 00:00:00,443.0,41.5
2026-03-09 01:00:00,489.0,33.6
2026-03-09 02:00:00,538.0,22.7
2026-03-09 03:00:00,556.0,14.2
2026-03-09 04:00:00,514.0,10.3
2026-03-09 05:00:00,440.0,8.7
2026-03-09 06:00:00,387.0,8.4
2026-03-09 07:00:00,381.0,8.3
2026-03-09 08:00:00,396.0,9.4
2026-03-09 09:00:00,403.0,13.9
2026-03-09 10:00:00,384.0,24.2
2026-03-09 11:00:00,357.0,37.9
2026-03-09 12:00:00,346.0,48.3
2026-03-09 13:00:00,357.0,55.2
2026-03-09 14:00:00,384.0,64.5
2026-03-09 15:00:00,427.0,71.1
2026-03-09 16:00:00,504.0,71.8
2026-03-09 17:00:00,597.0,69.7
2026-03-09 18:00:00,656.0,68.4
2026-03-09 19:00:00,647.0,70.4
2026-03-09 20:00:00,603.0,73.2
2026-03-09 21:00:00,575.0,72.8
2026-03-09 22:00:00,592.0,67.1
2026-03-09 23:00:00,624.0,58.1
2026-03-10 00:00:00,629.0,61.4
2026-03-10 01:00:00,580.0,50.4
2026-03-10 02:00:00,504.0,35.0
2026-03-10 03:00:00,438.0,22.5
2026-03-10 04:00:00,391.0,15.5
2026-03-10 05:00:00,354.0,11.4
2026-03-10 06:00:00,332.0,9.4
2026-03-10 07:00:00,333.0,8.6
2026-03-10 08:00:00,350.0,9.9
2026-03-10 09:00:00,361.0,15.2
2026-03-10 10:00:00,354.0,28.2
2026-03-10 11:00:00,343.0,45.2
2026-03-10 12:00:00,344.0,64.2
2026-03-10 13:00:00,374.0,60.1
2026-03-10 14:00:00,418.0,54.3
2026-03-10 15:00:00,442.0,48.5
2026-03-10 16:00:00,421.0,43.0
2026-03-10 17:00:00,381.0,37.5
2026-03-10 18:00:00,371.0,33.1
2026-03-10 19:00:00,429.0,30.2
2026-03-10 20:00:00,518.0,28.5
2026-03-10 21:00:00,571.0,28.1
2026-03-10 22:00:00,559.0,30.4
2026-03-10 23:00:00,512.0,34.0
2026-03-11 00:00:00,454.0,40.4
2026-03-11 01:00:00,382.0,33.0
2026-03-11 02:00:00,300.0,22.7
2026-03-11 03:00:00,242.0,14.4
2026-03-11 04:00:00,227.0,9.9
2026-03-11 05:00:00,237.0,7.5
2026-03-11 06:00:00,243.0,6.7
2026-03-11 07:00:00,233.0,5.9
2026-03-11 08:00:00,221.0,6.8
2026-03-11 09:00:00,220.0,13.4
2026-03-11 10:00:00,239.0,31.9
2026-03-11 11:00:00,270.0,56.2
2026-03-11 12:00:00,298.0,70.2
2026-03-11 13:00:00,325.0,77.2
2026-03-11 14:00:00,350.0,86.3
2026-03-11 15:00:00,359.0,89.5
2026-03-11 16:00:00,342.0,81.9
2026-03-11 17:00:00,309.0,68.5
2026-03-11 18:00:00,280.0,55.8
2026-03-11 19:00:00,256.0,45.3
2026-03-11 20:00:00,236.0,35.5
2026-03-11 21:00:00,232.0,29.0
2026-03-11 22:00:00,261.0,28.4
2026-03-11 23:00:00,306.0,31.0
2026-03-12 00:00:00,333.0,39.3
2026-03-12 01:00:00,325.0,31.5
2026-03-12 02:00:00,298.0,20.7
2026-03-12 03:00:00,270.0,12.2
2026-03-12 04:00:00,240.0,8.2
2026-03-12 05:00:00,208.0,6.6
2026-03-12 06:00:00,195.0,6.5
2026-03-12 07:00:00,217.0,7.5
2026-03-12 08:00:00,257.0,10.1
2026-03-12 09:00:00,287.0,14.5
2026-03-12 10:00:00,295.0,22.5
2026-03-12 11:00:00,293.0,32.3
2026-03-12 12:00:00,287.0,42.2
2026-03-12 13:00:00,275.0,43.4
2026-03-12 14:00:00,260.0,45.0
2026-03-12 15:00:00,251.0,45.6
2026-03-12 16:00:00,247.0,44.4
2026-03-12 17:00:00,251.0,42.1
2026-03-12 18:00:00,275.0,39.9
2026-03-12 19:00:00,345.0,37.7
2026-03-12 20:00:00,436.0,35.6
2026-03-12 21:00:00,491.0,34.6
2026-03-12 22:00:00,476.0,36.7
2026-03-12 23:00:00,425.0,40.0
2026-03-13 00:00:00,385.0,41.2
2026-03-13 01:00:00,380.0,32.9
2026-03-13 02:00:00,386.0,21.3
2026-03-13 03:00:00,382.0,12.4
2026-03-13 04:00:00,356.0,8.5
2026-03-13 05:00:00,319.0,7.2
2026-03-13 06:00:00,290.0,7.1
2026-03-13 07:00:00,272.0,7.4
2026-03-13 08:00:00,261.0,8.9
2026-03-13 09:00:00,259.0,12.9
2026-03-13 10:00:00,266.0,20.6
2026-03-13 11:00:00,282.0,30.8
2026-03-13 12:00:00,309.0,54.8
2026-03-13 13:00:00,353.0,63.3
2026-03-13 14:00:00,409.0,75.0
2026-03-13 15:00:00,454.0,83.6
2026-03-13 16:00:00,484.0,86.9
2026-03-13 17:00:00,505.0,87.0
2026-03-13 18:00:00,513.0,84.2
2026-03-13 19:00:00,497.0,77.0
2026-03-13 20:00:00,467.0,67.0
2026-03-13 21:00:00,453.0,58.7
2026-03-13 22:00:00,478.0,55.3
2026-03-13 23:00:00,519.0,53.6
2026-03-14 00:00:00,534.0,53.7
2026-03-14 01:00:00,499.0,41.7
2026-03-14 02:00:00,439.0,25.1
2026-03-14 03:00:00,380.0,12.5
2026-03-14 04:00:00,329.0,7.5
2026-03-14 05:00:00,280.0,6.5
2026-03-14 06:00:00,242.0,7.0
2026-03-14 07:00:00,217.0,7.7
2026-03-14 08:00:00,204.0,9.9
2026-03-14 09:00:00,209.0,14.5
2026-03-14 10:00:00,242.0,23.8
2026-03-14 11:00:00,293.0,35.4
2026-03-14 12:00:00,333.0,52.9
2026-03-14 13:00:00,344.0,58.4
2026-03-14 14:00:00,345.0,65.6
2026-03-14 15:00:00,355.0,68.7
2026-03-14 16:00:00,391.0,63.6
2026-03-14 17:00:00,438.0,54.4
2026-03-14 18:00:00,470.0,47.6
2026-03-14 19:00:00,475.0,46.4
2026-03-14 20:00:00,465.0,47.5
2026-03-14 21:00:00,453.0,47.5
2026-03-14 22:00:00,446.0,45.5
2026-03-14 23:00:00,438.0,42.5
2026-03-15 00:00:00,420.0,38.0
2026-03-15 01:00:00,384.0,30.8
2026-03-15 02:00:00,339.0,20.8
2026-03-15 03:00:00,304.0,12.9
2026-03-15 04:00:00,290.0,9.0
2026-03-15 05:00:00,286.0,7.2
2026-03-15 06:00:00,282.0,7.1
2026-03-15 07:00:00,274.0,7.7
2026-03-15 08:00:00,266.0,9.9
2026-03-15 09:00:00,263.0,15.8
2026-03-15 10:00:00,265.0,28.4
2026-03-15 11:00:00,273.0,44.6
2026-03-15 12:00:00,289.0,41.2
2026-03-15 13:00:00,314.0,47.4
2026-03-15 14:00:00,347.0,55.8
2026-03-15 15:00:00,392.0,61.7
2026-03-15 16:00:00,463.0,62.6
2026-03-15 17:00:00,545.0,60.9
2026-03-15 18:00:00,600.0,59.4
2026-03-15 19:00:00,604.0,59.2
2026-03-15 20:00:00,580.0,59.1
2026-03-15 21:00:00,559.0,58.0
2026-03-15 22:00:00,555.0,55.8
2026-03-15 23:00:00,554.0,52.5
2026-03-16 00:00:00,542.0,60.4
2026-03-16 01:00:00,513.0,50.2
2026-03-16 02:00:00,473.0,35.9
2026-03-16 03:00:00,429.0,24.0
2026-03-16 04:00:00,382.0,16.4
2026-03-16 05:00:00,331.0,11.2
2026-03-16 06:00:00,285.0,8.4
2026-03-16 07:00:00,229.0,7.8
2026-03-16 08:00:00,178.0,9.8
2026-03-16 09:00:00,184.0,15.3
2026-03-16 10:00:00,274.0,27.1
2026-03-16 11:00:00,420.0,42.5
2026-03-16 12:00:00,593.0,52.8
2026-03-16 13:00:00,837.0,50.0
2026-03-16 14:00:00,1109.0,46.2
2026-03-16 15:00:00,1246.0,44.2
2026-03-16 16:00:00,1134.0,45.8
2026-03-16 17:00:00,888.0,49.2
2026-03-16 18:00:00,692.0,52.1
2026-03-16 19:00:00,623.0,53.7
2026-03-16 20:00:00,604.0,54.7
2026-03-16 21:00:00,592.0,55.5
2026-03-16 22:00:00,580.0,56.9
2026-03-16 23:00:00,575.0,58.0
2026-03-17 00:00:00,557.0,54.8
2026-03-17 01:00:00,509.0,46.7
2026-03-17 02:00:00,448.0,35.4
2026-03-17 03:00:00,402.0,25.6
2026-03-17 04:00:00,385.0,18.3
2026-03-17 05:00:00,383.0,12.5
2026-03-17 06:00:00,379.0,9.5
2026-03-17 07:00:00,363.0,10.2
2026-03-17 08:00:00,344.0,13.8
2026-03-17 09:00:00,335.0,18.5
2026-03-17 10:00:00,346.0,24.1
2026-03-17 11:00:00,365.0,30.8
2026-03-17 12:00:00,375.0,51.1
2026-03-17 13:00:00,357.0,55.5
2026-03-17 14:00:00,329.0,61.5
2026-03-17 15:00:00,322.0,65.3
2026-03-17 16:00:00,349.0,64.9
2026-03-17 17:00:00,396.0,62.3
2026-03-17 18:00:00,458.0,60.2
2026-03-17 19:00:00,559.0,59.5
2026-03-17 20:00:00,674.0,59.3
2026-03-17 21:00:00,723.0,58.7
2026-03-17 22:00:00,648.0,58.3
2026-03-17 23:00:00,506.0,57.5
2026-03-18 00:00:00,386.0,74.0
2026-03-18 01:00:00,319.0,61.1
2026-03-18 02:00:00,273.0,43.3
2026-03-18 03:00:00,244.0,28.7
2026-03-18 04:00:00,220.0,20.3
2026-03-18 05:00:00,212.0,15.2
2026-03-18 06:00:00,252.0,13.3
2026-03-18 07:00:00,385.0,14.4
2026-03-18 08:00:00,566.0,18.7
2026-03-18 09:00:00,687.0,26.0
2026-03-18 10:00:00,698.0,37.5
2026-03-18 11:00:00,650.0,52.0
2026-03-18 12:00:00,589.0,47.0
2026-03-18 13:00:00,525.0,52.9
2026-03-18 14:00:00,449.0,61.2
2026-03-18 15:00:00,379.0,68.1
2026-03-18 16:00:00,311.0,72.9
2026-03-18 17:00:00,248.0,76.4
2026-03-18 18:00:00,221.0,77.1
2026-03-18 19:00:00,255.0,72.7
2026-03-18 20:00:00,325.0,65.5
2026-03-18 21:00:00,386.0,60.6
2026-03-18 22:00:00,432.0,61.7
2026-03-18 23:00:00,469.0,65.0
2026-03-19 00:00:00,475.0,79.8
2026-03-19 01:00:00,425.0,67.2
2026-03-19 02:00:00,343.0,49.7
2026-03-19 03:00:00,277.0,34.7
2026-03-19 04:00:00,244.0,24.6
2026-03-19 05:00:00,228.0,17.2
2026-03-19 06:00:00,225.0,13.0
2026-03-19 07:00:00,229.0,11.3
2026-03-19 08:00:00,246.0,12.9
2026-03-19 09:00:00,291.0,20.9
2026-03-19 10:00:00,396.0,41.4
2026-03-19 11:00:00,530.0,68.3
2026-03-19 12:00:00,611.0,51.3
2026-03-19 13:00:00,592.0,47.8
2026-03-19 14:00:00,521.0,42.9
2026-03-19 15:00:00,462.0,38.7
2026-03-19 16:00:00,437.0,35.7
2026-03-19 17:00:00,423.0,33.5
2026-03-19 18:00:00,416.0,32.4
2026-03-19 19:00:00,409.0,32.7
2026-03-19 20:00:00,409.0,34.1
2026-03-19 21:00:00,432.0,36.5
2026-03-19 22:00:00,509.0,41.4
2026-03-19 23:00:00,609.0,47.4
2026-03-20 00:00:00,660.0,43.4
2026-03-20 01:00:00,619.0,38.7
2026-03-20 02:00:00,529.0,32.1
2026-03-20 03:00:00,448.0,26.1
2026-03-20 04:00:00,393.0,20.9
2026-03-20 05:00:00,347.0,16.2
2026-03-20 06:00:00,310.0,14.3
2026-03-20 07:00:00,263.0,16.2
2026-03-20 08:00:00,227.0,20.8
2026-03-20 09:00:00,262.0,26.7
2026-03-20 10:00:00,452.0,33.9
2026-03-20 11:00:00,713.0,42.4
2026-03-20 12:00:00,858.0,45.9
2026-03-20 13:00:00,766.0,46.9
2026-03-20 14:00:00,559.0,48.4
2026-03-20 15:00:00,411.0,49.7
2026-03-20 16:00:00,383.0,51.1
2026-03-20 17:00:00,415.0,52.5
2026-03-20 18:00:00,502.0,52.5
2026-03-20 19:00:00,705.0,50.0
2026-03-20 20:00:00,964.0,46.3
2026-03-20 21:00:00,1093.0,43.6
2026-03-20 22:00:00,964.0,43.8
2026-03-20 23:00:00,704.0,45.0
2026-03-21 00:00:00,510.0,41.8
2026-03-21 01:00:00,476.0,39.0
2026-03-21 02:00:00,506.0,35.0
2026-03-21 03:00:00,515.0,30.4
2026-03-21 04:00:00,454.0,24.4
2026-03-21 05:00:00,370.0,17.9
2026-03-21 06:00:00,320.0,14.2
2026-03-21 07:00:00,338.0,14.9
2026-03-21 08:00:00,388.0,18.3
2026-03-21 09:00:00,421.0,23.2
2026-03-21 10:00:00,414.0,30.8
2026-03-21 11:00:00,390.0,39.8
2026-03-21 12:00:00,359.0,54.8
2026-03-21 13:00:00,315.0,56.4
2026-03-21 14:00:00,266.0,58.5
2026-03-21 15:00:00,242.0,59.0
2026-03-21 16:00:00,265.0,56.4
2026-03-21 17:00:00,315.0,52.2
2026-03-21 18:00:00,360.0,49.3
2026-03-21 19:00:00,396.0,48.2
2026-03-21 20:00:00,427.0,48.4
2026-03-21 21:00:00,438.0,50.5
2026-03-21 22:00:00,413.0,57.3
2026-03-21 23:00:00,368.0,66.1
2026-03-22 00:00:00,331.0,52.5
2026-03-22 01:00:00,315.0,47.6
2026-03-22 02:00:00,307.0,40.6
2026-03-22 03:00:00,295.0,34.0
2026-03-22 04:00:00,269.0,28.0
2026-03-22 05:00:00,240.0,22.4
2026-03-22 06:00:00,227.0,18.4
2026-03-22 07:00:00,235.0,15.6
2026-03-22 08:00:00,259.0,14.5
2026-03-22 09:00:00,304.0,17.9
2026-03-22 10:00:00,400.0,30.0
2026-03-22 11:00:00,517.0,46.6
2026-03-22 12:00:00,574.0,52.1
2026-03-22 13:00:00,511.0,57.6
2026-03-22 14:00:00,388.0,65.3
2026-03-22 15:00:00,305.0,72.6
2026-03-22 16:00:00,307.0,79.7
2026-03-22 17:00:00,350.0,86.3
2026-03-22 18:00:00,396.0,88.5
2026-03-22 19:00:00,440.0,82.9
2026-03-22 20:00:00,487.0,72.9
2026-03-22 21:00:00,522.0,64.6
2026-03-22 22:00:00,543.0,61.6
2026-03-22 23:00:00,551.0,60.4
2026-03-23 00:00:00,537.0,52.2
2026-03-23 01:00:00,483.0,44.4
2026-03-23 02:00:00,406.0,33.5
2026-03-23 03:00:00,345.0,24.0
2026-03-23 04:00:00,315.0,17.1
2026-03-23 05:00:00,301.0,11.6
2026-03-23 06:00:00,292.0,8.5
2026-03-23 07:00:00,287.0,7.5
2026-03-23 08:00:00,286.0,8.9
2026-03-23 09:00:00,282.0,14.3
2026-03-23 10:00:00,267.0,27.4
2026-03-23 11:00:00,249.0,44.6
2026-03-23 12:00:00,237.0,84.8
2026-03-23 13:00:00,238.0,79.6
2026-03-23 14:00:00,246.0,72.2
2026-03-23 15:00:00,250.0,65.3
2026-03-23 16:00:00,241.0,59.7
2026-03-23 17:00:00,229.0,54.5
2026-03-23 18:00:00,225.0,49.5
2026-03-23 19:00:00,234.0,44.1
2026-03-23 20:00:00,252.0,39.0
2026-03-23 21:00:00,281.0,35.7
2026-03-23 22:00:00,336.0,36.5
2026-03-23 23:00:00,401.0,39.1
2026-03-24 00:00:00,437.0,40.9
2026-03-24 01:00:00,417.0,32.5
2026-03-24 02:00:00,367.0,20.9
2026-03-24 03:00:00,323.0,12.1
2026-03-24 04:00:00,297.0,8.4
2026-03-24 05:00:00,278.0,7.5
2026-03-24 06:00:00,265.0,7.9
2026-03-24 07:00:00,255.0,8.7
2026-03-24 08:00:00,251.0,10.8
2026-03-24 09:00:00,265.0,16.0
2026-03-24 10:00:00,319.0,27.0
2026-03-24 11:00:00,391.0,41.1
2026-03-24 12:00:00,431.0,54.0
2026-03-24 13:00:00,408.0,55.5
2026-03-24 14:00:00,353.0,57.3
2026-03-24 15:00:00,310.0,56.4
2026-03-24 16:00:00,296.0,50.8
2026-03-24 17:00:00,294.0,42.6
2026-03-24 18:00:00,296.0,35.3
2026-03-24 19:00:00,301.0,29.7
2026-03-24 20:00:00,311.0,25.0
2026-03-24 21:00:00,323.0,22.5
2026-03-24 22:00:00,341.0,24.3
2026-03-24 23:00:00,360.0,28.3
2026-03-25 00:00:00,366.0,37.0
2026-03-25 01:00:00,350.0,30.8
2026-03-25 02:00:00,320.0,22.1
2026-03-25 03:00:00,289.0,15.0
2026-03-25 04:00:00,255.0,10.8
2026-03-25 05:00:00,219.0,8.1
2026-03-25 06:00:00,195.0,7.2
2026-03-25 07:00:00,188.0,8.1
2026-03-25 08:00:00,192.0,10.7
2026-03-25 09:00:00,208.0,15.0
2026-03-25 10:00:00,245.0,22.2
2026-03-25 11:00:00,293.0,31.1
2026-03-25 12:00:00,323.0,46.3
2026-03-25 13:00:00,317.0,48.2
2026-03-25 14:00:00,294.0,50.8
2026-03-25 15:00:00,273.0,51.8
2026-03-25 16:00:00,258.0,50.1
2026-03-25 17:00:00,245.0,46.9
2026-03-25 18:00:00,252.0,43.6
2026-03-25 19:00:00,296.0,40.1
2026-03-25 20:00:00,359.0,36.5
2026-03-25 21:00:00,399.0,34.5
2026-03-25 22:00:00,393.0,36.3
2026-03-25 23:00:00,364.0,39.7
2026-03-26 00:00:00,340.0,51.8
2026-03-26 01:00:00,337.0,41.7
2026-03-26 02:00:00,339.0,27.6
2026-03-26 03:00:00,328.0,16.4
2026-03-26 04:00:00,286.0,10.3
2026-03-26 05:00:00,231.0,7.0
2026-03-26 06:00:00,192.0,6.5
2026-03-26 07:00:00,183.0,8.9
2026-03-26 08:00:00,191.0,14.0
2026-03-26 09:00:00,209.0,21.2
2026-03-26 10:00:00,241.0,32.0
2026-03-26 11:00:00,283.0,44.9
2026-03-26 12:00:00,316.0,63.7
2026-03-26 13:00:00,334.0,72.4
2026-03-26 14:00:00,344.0,84.0
2026-03-26 15:00:00,347.0,89.3
2026-03-26 16:00:00,335.0,82.9
2026-03-26 17:00:00,316.0,70.3
2026-03-26 18:00:00,315.0,58.8
2026-03-26 19:00:00,351.0,50.3
2026-03-26 20:00:00,404.0,43.0
2026-03-26 21:00:00,439.0,38.4
2026-03-26 22:00:00,442.0,38.7
2026-03-26 23:00:00,427.0,41.7
2026-03-27 00:00:00,405.0,53.8
2026-03-27 01:00:00,376.0,44.6
2026-03-27 02:00:00,339.0,31.7
2026-03-27 03:00:00,302.0,21.4
2026-03-27 04:00:00,264.0,15.8
2026-03-27 05:00:00,227.0,12.7
2026-03-27 06:00:00,200.0,11.4
2026-03-27 07:00:00,190.0,10.8
2026-03-27 08:00:00,191.0,12.1
2026-03-27 09:00:00,197.0,17.6
2026-03-27 10:00:00,192.0,31.4
2026-03-27 11:00:00,192.0,49.5
2026-03-27 12:00:00,237.0,51.2
2026-03-27 13:00:00,355.0,51.3
2026-03-27 14:00:00,518.0,51.4
2026-03-27 15:00:00,688.0,51.4
2026-03-27 16:00:00,868.0,51.5
2026-03-27 17:00:00,1054.0,51.3
2026-03-27 18:00:00,1194.0,50.2
2026-03-27 19:00:00,1276.0,46.9
2026-03-27 20:00:00,1311.0,42.6
2026-03-27 21:00:00,1281.0,39.6
2026-03-27 22:00:00,1150.0,39.7
2026-03-27 23:00:00,953.0,41.1
2026-03-28 00:00:00,786.0,54.6
2026-03-28 01:00:00,690.0,46.8
2026-03-28 02:00:00,623.0,35.9
2026-03-28 03:00:00,549.0,27.2
2026-03-28 04:00:00,445.0,22.4
2026-03-28 05:00:00,333.0,19.6
2026-03-28 06:00:00,251.0,18.7
2026-03-28 07:00:00,209.0,19.2
2026-03-28 08:00:00,195.0,21.5
2026-03-28 09:00:00,212.0,26.2
2026-03-28 10:00:00,235.0,35.4
2026-03-28 11:00:00,288.0,47.0
2026-03-28 12:00:00,451.0,55.8
2026-03-28 13:00:00,813.0,48.9
2026-03-28 14:00:00,1284.0,39.4
2026-03-28 15:00:00,1673.0,32.5
2026-03-28 16:00:00,1951.0,31.0
2026-03-28 17:00:00,2147.0,32.0
2026-03-28 18:00:00,2153.0,32.7
2026-03-28 19:00:00,1826.0,31.5
2026-03-28 20:00:00,1309.0,29.8
2026-03-28 21:00:00,920.0,29.2
2026-03-28 22:00:00,811.0,31.1
2026-03-28 23:00:00,830.0,34.1
2026-03-29 00:00:00,842.0,38.6
2026-03-29 01:00:00,800.0,32.9
2026-03-29 02:00:00,751.0,24.9
2026-03-29 03:00:00,696.0,18.1
2026-03-29 04:00:00,635.0,13.4
2026-03-29 05:00:00,567.0,9.9
2026-03-29 06:00:00,496.0,8.5
2026-03-29 07:00:00,396.0,9.5
2026-03-29 08:00:00,292.0,12.6
2026-03-29 09:00:00,259.0,17.5
2026-03-29 10:00:00,348.0,25.8
2026-03-29 11:00:00,507.0,35.9
2026-03-29 12:00:00,663.0,65.0
2026-03-29 13:00:00,829.0,66.5
2026-03-29 14:00:00,991.0,68.6
2026-03-29 15:00:00,1030.0,70.2
2026-03-29 16:00:00,837.0,71.6
2026-03-29 17:00:00,522.0,72.6
2026-03-29 18:00:00,292.0,71.3
2026-03-29 19:00:00,240.0,65.7
2026-03-29 20:00:00,274.0,57.9
2026-03-29 21:00:00,323.0,52.0
2026-03-29 22:00:00,372.0,50.9
2026-03-29 23:00:00,437.0,51.6
2026-03-30 00:00:00,489.0,43.4
2026-03-30 01:00:00,530.0,39.0
2026-03-30 02:00:00,558.0,32.8
2026-03-30 03:00:00,545.0,26.9
2026-03-30 04:00:00,455.0,21.2
2026-03-30 05:00:00,323.0,15.8
2026-03-30 06:00:00,227.0,12.9
2026-03-30 07:00:00,197.0,13.3
2026-03-30 08:00:00,202.0,16.1
2026-03-30 09:00:00,230.0,21.1
2026-03-30 10:00:00,257.0,30.4
2026-03-30 11:00:00,308.0,41.9
2026-03-30 12:00:00,441.0,40.8
2026-03-30 13:00:00,747.0,43.0
2026-03-30 14:00:00,1135.0,46.3
2026-03-30 15:00:00,1398.0,50.0
2026-03-30 16:00:00,1420.0,54.9
2026-03-30 17:00:00,1316.0,60.3
2026-03-30 18:00:00,1220.0,63.6
2026-03-30 19:00:00,1185.0,62.8
2026-03-30 20:00:00,1158.0,59.9
2026-03-30 21:00:00,1110.0,57.8
2026-03-30 22:00:00,1037.0,59.1
2026-03-30 23:00:00,943.0,61.2
2026-03-31 00:00:00,819.0,66.0
2026-03-31 01:00:00,633.0,53.4
2026-03-31 02:00:00,416.0,35.8
2026-03-31 03:00:00,253.0,21.7
2026-03-31 04:00:00,186.0,14.1
2026-03-31 05:00:00,174.0,9.9
2026-03-31 06:00:00,171.0,8.1
2026-03-31 07:00:00,167.0,7.0
2026-03-31 08:00:00,173.0,8.4
2026-03-31 09:00:00,180.0,16.4
2026-03-31 10:00:00,184.0,37.4
2026-03-31 11:00:00,190.0,65.1
2026-03-31 12:00:00,200.0,74.6
2026-03-31 13:00:00,215.0,68.2
2026-03-31 14:00:00,235.0,59.3
2026-03-31 15:00:00,260.0,52.7
2026-03-31 16:00:00,247.0,51.0
2026-03-31 17:00:00,241.0,51.6
2026-03-31 18:00:00,373.0,50.9
2026-03-31 19:00:00,827.0,47.3
2026-03-31 20:00:00,1419.0,42.5
2026-03-31 21:00:00,1739.0,38.3
2026-03-31 22:00:00,1533.0,35.9
2026-03-31 23:00:00,1054.0,34.0
2026-04-01 00:00:00,648.0,28.6
2026-04-01 01:00:00,437.0,23.0
2026-04-01 02:00:00,299.0,15.4
2026-04-01 03:00:00,208.0,9.4
2026-04-01 04:00:00,174.0,6.7
2026-04-01 05:00:00,187.0,5.7
2026-04-01 06:00:00,198.0,5.8
2026-04-01 07:00:00,187.0,6.1
2026-04-01 08:00:00,174.0,7.6
2026-04-01 09:00:00,164.0,12.0
2026-04-01 10:00:00,159.0,21.7
2026-04-01 11:00:00,159.0,34.3
2026-04-01 12:00:00,165.0,46.6
2026-04-01 13:00:00,182.0,47.3
2026-04-01 14:00:00,206.0,48.5
2026-04-01 15:00:00,228.0,50.2
2026-04-01 16:00:00,244.0,53.4
2026-04-01 17:00:00,259.0,57.2
2026-04-01 18:00:00,273.0,58.9
2026-04-01 19:00:00,292.0,56.6
2026-04-01 20:00:00,311.0,52.2
2026-04-01 21:00:00,317.0,48.9
2026-04-01 22:00:00,297.0,49.1
2026-04-01 23:00:00,264.0,50.4
2026-04-02 00:00:00,243.0,59.0
2026-04-02 01:00:00,251.0,48.2
2026-04-02 02:00:00,271.0,33.2
2026-04-02 03:00:00,277.0,21.1
2026-04-02 04:00:00,252.0,14.5
2026-04-02 05:00:00,214.0,10.7
2026-04-02 06:00:00,186.0,8.9
2026-04-02 07:00:00,180.0,6.7
2026-04-02 08:00:00,185.0,6.5
2026-04-02 09:00:00,193.0,14.2
2026-04-02 10:00:00,199.0,38.0
2026-04-02 11:00:00,207.0,69.7
2026-04-02 12:00:00,226.0,68.2
2026-04-02 13:00:00,270.0,59.0
2026-04-02 14:00:00,325.0,46.2
2026-04-02 15:00:00,354.0,36.6
2026-04-02 16:00:00,327.0,33.4
2026-04-02 17:00:00,273.0,33.4
2026-04-02 18:00:00,251.0,32.8
2026-04-02 19:00:00,292.0,29.8
2026-04-02 20:00:00,364.0,26.3
2026-04-02 21:00:00,424.0,24.7
2026-04-02 22:00:00,465.0,27.3
2026-04-02 23:00:00,493.0,31.8
2026-04-03 00:00:00,488.0,31.0
2026-04-03 01:00:00,426.0,26.8
2026-04-03 02:00:00,330.0,20.9
2026-04-03 03:00:00,252.0,15.6
2026-04-03 04:00:00,210.0,11.3
2026-04-03 05:00:00,185.0,7.7
2026-04-03 06:00:00,173.0,6.3
2026-04-03 07:00:00,180.0,6.5
2026-04-03 08:00:00,200.0,8.9
2026-04-03 09:00:00,212.0,16.3
2026-04-03 10:00:00,202.0,33.8
2026-04-03 11:00:00,184.0,56.4
2026-04-03 12:00:00,176.0,62.4
2026-04-03 13:00:00,190.0,60.9
2026-04-03 14:00:00,213.0,58.6
2026-04-03 15:00:00,225.0,55.9
2026-04-03 16:00:00,214.0,52.6
2026-04-03 17:00:00,192.0,48.8
2026-04-03 18:00:00,175.0,45.0
2026-04-03 19:00:00,167.0,41.2
2026-04-03 20:00:00,164.0,37.5
2026-04-03 21:00:00,171.0,34.4
2026-04-03 22:00:00,199.0,33.0
2026-04-03 23:00:00,237.0,32.3
2026-04-04 00:00:00,257.0,29.0
2026-04-04 01:00:00,243.0,23.4
2026-04-04 02:00:00,212.0,15.6
2026-04-04 03:00:00,186.0,9.6
2026-04-04 04:00:00,172.0,6.8
2026-04-04 05:00:00,163.0,5.8
2026-04-04 06:00:00,158.0,6.0
2026-04-04 07:00:00,154.0,5.0
2026-04-04 08:00:00,154.0,5.3
2026-04-04 09:00:00,169.0,13.9
2026-04-04 10:00:00,211.0,38.9
2026-04-04 11:00:00,268.0,72.3
2026-04-04 12:00:00,315.0,80.2
2026-04-04 13:00:00,322.0,80.5
2026-04-04 14:00:00,320.0,81.1
2026-04-04 15:00:00,370.0,82.7
2026-04-04 16:00:00,508.0,86.4
2026-04-04 17:00:00,699.0,91.1
2026-04-04 18:00:00,902.0,94.1
2026-04-04 19:00:00,1151.0,93.9
2026-04-04 20:00:00,1411.0,92.1
2026-04-04 21:00:00,1536.0,90.3
2026-04-04 22:00:00,1439.0,91.6
2026-04-04 23:00:00,1208.0,92.9
2026-04-05 00:00:00,960.0,60.0
2026-04-05 01:00:00,706.0,46.6
2026-04-05 02:00:00,435.0,28.0
2026-04-05 03:00:00,239.0,13.9
2026-04-05 04:00:00,171.0,8.3
2026-04-05 05:00:00,177.0,7.1
2026-04-05 06:00:00,188.0,7.3
2026-04-05 07:00:00,182.0,6.1
2026-04-05 08:00:00,181.0,6.3
2026-04-05 09:00:00,185.0,13.4
2026-04-05 10:00:00,190.0,33.8
2026-04-05 11:00:00,200.0,61.1
2026-04-05 12:00:00,225.0,77.5
2026-04-05 13:00:00,272.0,76.3
2026-04-05 14:00:00,334.0,74.8
2026-04-05 15:00:00,395.0,74.4
2026-04-05 16:00:00,463.0,77.3
2026-04-05 17:00:00,530.0,81.3
2026-04-05 18:00:00,561.0,81.6
2026-04-05 19:00:00,516.0,74.8
2026-04-05 20:00:00,434.0,64.3
2026-04-05 21:00:00,403.0,55.5
2026-04-05 22:00:00,496.0,51.2
2026-04-05 23:00:00,638.0,48.6
2026-04-06 00:00:00,695.0,59.5
2026-04-06 01:00:00,575.0,49.4
2026-04-06 02:00:00,369.0,35.4
2026-04-06 03:00:00,212.0,24.2
2026-04-06 04:00:00,164.0,18.4
2026-04-06 05:00:00,165.0,15.5
2026-04-06 06:00:00,171.0,14.6
2026-04-06 07:00:00,154.0,15.0
2026-04-06 08:00:00,142.0,17.5
2026-04-06 09:00:00,173.0,23.5
2026-04-06 10:00:00,298.0,36.5
2026-04-06 11:00:00,467.0,52.9
2026-04-06 12:00:00,566.0,71.0
2026-04-06 13:00:00,530.0,68.7
2026-04-06 14:00:00,424.0,65.6
2026-04-06 15:00:00,331.0,64.1
2026-04-06 16:00:00,274.0,66.1
2026-04-06 17:00:00,229.0,69.6
2026-04-06 18:00:00,208.0,71.4
2026-04-06 19:00:00,221.0,69.8
2026-04-06 20:00:00,257.0,66.5
2026-04-06 21:00:00,296.0,63.3
2026-04-06 22:00:00,340.0,61.2
2026-04-06 23:00:00,387.0,59.2
2026-04-07 00:00:00,407.0,69.0
2026-04-07 01:00:00,382.0,57.1
2026-04-07 02:00:00,330.0,40.5
2026-04-07 03:00:00,281.0,27.3
2026-04-07 04:00:00,243.0,20.5
2026-04-07 05:00:00,208.0,17.2
2026-04-07 06:00:00,180.0,15.9
2026-04-07 07:00:00,154.0,15.9
2026-04-07 08:00:00,136.0,18.0
2026-04-07 09:00:00,147.0,23.7
2026-04-07 10:00:00,210.0,36.8
2026-04-07 11:00:00,302.0,53.5
2026-04-07 12:00:00,376.0,55.1
2026-04-07 13:00:00,414.0,50.8
2026-04-07 14:00:00,434.0,45.0
2026-04-07 15:00:00,441.0,41.4
2026-04-07 16:00:00,433.0,42.2
2026-04-07 17:00:00,411.0,45.3
2026-04-07 18:00:00,386.0,48.1
2026-04-07 19:00:00,357.0,50.0
2026-04-07 20:00:00,326.0,51.6
2026-04-07 21:00:00,304.0,52.1
2026-04-07 22:00:00,305.0,51.1
2026-04-07 23:00:00,317.0,48.9
2026-04-08 00:00:00,312.0,44.2
2026-04-08 01:00:00,272.0,40.4
2026-04-08 02:00:00,215.0,35.1
2026-04-08 03:00:00,172.0,30.5
2026-04-08 04:00:00,155.0,27.1
2026-04-08 05:00:00,152.0,24.4
2026-04-08 06:00:00,151.0,22.6
2026-04-08 07:00:00,143.0,19.0
2026-04-08 08:00:00,138.0,16.4
2026-04-08 09:00:00,149.0,22.8
2026-04-08 10:00:00,128.0,47.3
2026-04-08 11:00:00,123.0,80.9
2026-04-08 12:00:00,294.0,82.3
2026-04-08 13:00:00,856.0,80.5
2026-04-08 14:00:00,1595.0,77.4
2026-04-08 15:00:00,2023.0,70.8
2026-04-08 16:00:00,1854.0,57.0
2026-04-08 17:00:00,1375.0,39.7
2026-04-08 18:00:00,963.0,27.6
2026-04-08 19:00:00,736.0,24.9
2026-04-08 20:00:00,575.0,27.4
2026-04-08 21:00:00,500.0,30.8
2026-04-08 22:00:00,564.0,34.7
2026-04-08 23:00:00,713.0,39.4
2026-04-09 00:00:00,806.0,43.5
2026-04-09 01:00:00,786.0,39.2
2026-04-09 02:00:00,710.0,33.1
2026-04-09 03:00:00,612.0,28.0
2026-04-09 04:00:00,485.0,24.7
2026-04-09 05:00:00,335.0,22.3
2026-04-09 06:00:00,222.0,20.9
2026-04-09 07:00:00,121.0,19.9
2026-04-09 08:00:00,57.0,20.0
2026-04-09 09:00:00,154.0,23.0
2026-04-09 10:00:00,572.0,32.0
2026-04-09 11:00:00,1151.0,44.0
2026-04-09 12:00:00,1546.0,56.2
2026-04-09 13:00:00,1576.0,55.8
2026-04-09 14:00:00,1422.0,55.2
2026-04-09 15:00:00,1272.0,54.6
2026-04-09 16:00:00,1188.0,53.9
2026-04-09 17:00:00,1109.0,53.2
2026-04-09 18:00:00,1044.0,53.4
2026-04-09 19:00:00,1005.0,54.9
2026-04-09 20:00:00,980.0,57.3
2026-04-09 21:00:00,942.0,59.9
2026-04-09 22:00:00,889.0,64.1
2026-04-09 23:00:00,823.0,68.6
2026-04-10 00:00:00,724.0,57.2
2026-04-10 01:00:00,554.0,48.7
2026-04-10 02:00:00,350.0,36.8
2026-04-10 03:00:00,202.0,27.2
2026-04-10 04:00:00,158.0,21.7
2026-04-10 05:00:00,170.0,18.3
2026-04-10 06:00:00,185.0,17.2
2026-04-10 07:00:00,139.0,16.3
2026-04-10 08:00:00,96.0,17.5
2026-04-10 09:00:00,190.0,27.0
2026-04-10 10:00:00,563.0,53.6
2026-04-10 11:00:00,1073.0,88.5
2026-04-10 12:00:00,1430.0,44.5
2026-04-10 13:00:00,1507.0,42.8
2026-04-10 14:00:00,1430.0,40.3
2026-04-10 15:00:00,1289.0,37.5
2026-04-10 16:00:00,1045.0,34.0
2026-04-10 17:00:00,737.0,30.2
2026-04-10 18:00:00,575.0,27.5
2026-04-10 19:00:00,733.0,26.5
2026-04-10 20:00:00,1037.0,26.5
2026-04-10 21:00:00,1176.0,27.8
2026-04-10 22:00:00,954.0,31.4
2026-04-10 23:00:00,568.0,36.1
2026-04-11 00:00:00,295.0,37.5
2026-04-11 01:00:00,278.0,36.1
2026-04-11 02:00:00,374.0,33.9
2026-04-11 03:00:00,433.0,30.8
2026-04-11 04:00:00,386.0,25.2
2026-04-11 05:00:00,301.0,18.7
2026-04-11 06:00:00,236.0,15.5
2026-04-11 07:00:00,184.0,17.0
2026-04-11 08:00:00,152.0,21.9
2026-04-11 09:00:00,216.0,30.7
2026-04-11 10:00:00,450.0,46.8
2026-04-11 11:00:00,780.0,66.9
2026-04-11 12:00:00,1055.0,69.9
2026-04-11 13:00:00,1255.0,64.0
2026-04-11 14:00:00,1399.0,55.8
2026-04-11 15:00:00,1396.0,49.4
2026-04-11 16:00:00,1130.0,47.0
2026-04-11 17:00:00,717.0,46.4
2026-04-11 18:00:00,410.0,44.9
2026-04-11 19:00:00,335.0,40.5
2026-04-11 20:00:00,366.0,35.1
2026-04-11 21:00:00,383.0,31.8
2026-04-11 22:00:00,332.0,32.8
2026-04-11 23:00:00,267.0,35.8
2026-04-12 00:00:00,221.0,25.8
2026-04-12 01:00:00,217.0,23.8
2026-04-12 02:00:00,233.0,21.0
2026-04-12 03:00:00,240.0,18.1
2026-04-12 04:00:00,220.0,14.5
2026-04-12 05:00:00,191.0,10.7
2026-04-12 06:00:00,175.0,9.2
2026-04-12 07:00:00,167.0,11.1
2026-04-12 08:00:00,172.0,15.2
2026-04-12 09:00:00,227.0,21.0
2026-04-12 10:00:00,386.0,29.7
2026-04-12 11:00:00,596.0,40.1
2026-04-12 12:00:00,729.0,41.9
2026-04-12 13:00:00,711.0,43.6
2026-04-12 14:00:00,618.0,46.4
2026-04-12 15:00:00,549.0,51.6
2026-04-12 16:00:00,540.0,61.9
2026-04-12 17:00:00,555.0,74.5
2026-04-12 18:00:00,590.0,82.6
2026-04-12 19:00:00,652.0,82.5
2026-04-12 20:00:00,734.0,77.8
2026-04-12 21:00:00,806.0,72.7
2026-04-12 22:00:00,884.0,69.7
2026-04-12 23:00:00,953.0,66.3
2026-04-13 00:00:00,935.0,62.5
2026-04-13 01:00:00,756.0,47.9
2026-04-13 02:00:00,491.0,27.7
2026-04-13 03:00:00,289.0,12.5
2026-04-13 04:00:00,217.0,6.9
2026-04-13 05:00:00,208.0,6.1
2026-04-13 06:00:00,205.0,6.8
2026-04-13 07:00:00,192.0,7.1
2026-04-13 08:00:00,185.0,8.7
2026-04-13 09:00:00,181.0,13.4
2026-04-13 10:00:00,172.0,24.2
2026-04-13 11:00:00,165.0,38.0
2026-04-13 12:00:00,178.0,30.4
2026-04-13 13:00:00,234.0,30.0
2026-04-13 14:00:00,309.0,29.4
2026-04-13 15:00:00,355.0,28.5
2026-04-13 16:00:00,344.0,26.7
2026-04-13 17:00:00,303.0,24.7
2026-04-13 18:00:00,264.0,23.6
2026-04-13 19:00:00,232.0,24.3
2026-04-13 20:00:00,202.0,26.0
2026-04-13 21:00:00,185.0,27.9
2026-04-13 22:00:00,194.0,30.9
2026-04-13 23:00:00,216.0,34.1
2026-04-14 00:00:00,226.0,25.8
2026-04-14 01:00:00,211.0,20.5
2026-04-14 02:00:00,184.0,13.2
2026-04-14 03:00:00,163.0,7.7
2026-04-14 04:00:00,156.0,5.5
2026-04-14 05:00:00,156.0,5.1
2026-04-14 06:00:00,156.0,5.6
2026-04-14 07:00:00,145.0,5.9
2026-04-14 08:00:00,134.0,7.1
2026-04-14 09:00:00,157.0,11.6
2026-04-14 10:00:00,250.0,22.7
2026-04-14 11:00:00,376.0,37.1
2026-04-14 12:00:00,454.0,41.3
2026-04-14 13:00:00,428.0,41.1
2026-04-14 14:00:00,353.0,40.7
2026-04-14 15:00:00,317.0,40.3
2026-04-14 16:00:00,373.0,39.5
2026-04-14 17:00:00,467.0,38.5
2026-04-14 18:00:00,525.0,38.5
2026-04-14 19:00:00,511.0,40.0
2026-04-14 20:00:00,460.0,42.5
2026-04-14 21:00:00,410.0,45.0
2026-04-14 22:00:00,371.0,49.1
2026-04-14 23:00:00,332.0,53.3
2026-04-15 00:00:00,295.0,42.3
2026-04-15 01:00:00,256.0,33.3
2026-04-15 02:00:00,219.0,20.8
2026-04-15 03:00:00,193.0,11.3
2026-04-15 04:00:00,186.0,7.3
2026-04-15 05:00:00,190.0,6.2
2026-04-15 06:00:00,190.0,6.4
2026-04-15 07:00:00,179.0,6.7
2026-04-15 08:00:00,165.0,8.4
2026-04-15 09:00:00,154.0,13.5
2026-04-15 10:00:00,141.0,25.5
2026-04-15 11:00:00,132.0,41.0
2026-04-15 12:00:00,152.0,47.4
2026-04-15 13:00:00,232.0,46.8
2026-04-15 14:00:00,341.0,46.2
2026-04-15 15:00:00,410.0,46.7
2026-04-15 16:00:00,399.0,49.6
2026-04-15 17:00:00,347.0,53.7
2026-04-15 18:00:00,305.0,56.4
2026-04-15 19:00:00,293.0,56.3
2026-04-15 20:00:00,291.0,54.8
2026-04-15 21:00:00,291.0,54.0
2026-04-15 22:00:00,293.0,56.5
2026-04-15 23:00:00,296.0,59.6
2026-04-16 00:00:00,288.0,51.3
2026-04-16 01:00:00,256.0,39.3
2026-04-16 02:00:00,212.0,22.8
2026-04-16 03:00:00,181.0,10.5
2026-04-16 04:00:00,179.0,6.1
2026-04-16 05:00:00,190.0,5.9
2026-04-16 06:00:00,195.0,7.0
2026-04-16 07:00:00,179.0,8.3
2026-04-16 08:00:00,156.0,10.9
2026-04-16 09:00:00,153.0,15.9
2026-04-16 10:00:00,188.0,25.3
2026-04-16 11:00:00,243.0,37.1
2026-04-16 12:00:00,287.0,42.8
2026-04-16 13:00:00,312.0,41.8
2026-04-16 14:00:00,326.0,40.5
2026-04-16 15:00:00,323.0,40.5
2026-04-16 16:00:00,291.0,42.9
2026-04-16 17:00:00,241.0,46.6
2026-04-16 18:00:00,210.0,49.5
2026-04-16 19:00:00,214.0,50.7
2026-04-16 20:00:00,235.0,51.2
2026-04-16 21:00:00,255.0,51.3
2026-04-16 22:00:00,272.0,52.5
2026-04-16 23:00:00,288.0,53.3
2026-04-17 00:00:00,293.0,36.4
2026-04-17 01:00:00,280.0,28.9
2026-04-17 02:00:00,255.0,18.6
2026-04-17 03:00:00,234.0,10.8
2026-04-17 04:00:00,220.0,7.6
2026-04-17 05:00:00,209.0,6.8
2026-04-17 06:00:00,200.0,7.3
2026-04-17 07:00:00,194.0,7.8
2026-04-17 08:00:00,191.0,9.5
2026-04-17 09:00:00,190.0,14.9
2026-04-17 10:00:00,187.0,27.1
2026-04-17 11:00:00,186.0,43.0
2026-04-17 12:00:00,193.0,61.5
2026-04-17 13:00:00,217.0,58.0
2026-04-17 14:00:00,248.0,53.5
2026-04-17 15:00:00,269.0,52.5
2026-04-17 16:00:00,269.0,58.6
2026-04-17 17:00:00,257.0,68.2
2026-04-17 18:00:00,245.0,74.7
2026-04-17 19:00:00,222.0,75.7
2026-04-17 20:00:00,197.0,73.5
2026-04-17 21:00:00,212.0,69.3
2026-04-17 22:00:00,316.0,62.7
2026-04-17 23:00:00,459.0,54.0
2026-04-18 00:00:00,533.0,33.7
2026-04-18 01:00:00,470.0,28.3
2026-04-18 02:00:00,338.0,20.8
2026-04-18 03:00:00,232.0,14.6
2026-04-18 04:00:00,192.0,10.9
2026-04-18 05:00:00,178.0,8.5
2026-04-18 06:00:00,172.0,7.9
2026-04-18 07:00:00,165.0,7.1
2026-04-18 08:00:00,165.0,8.0
2026-04-18 09:00:00,175.0,16.8
2026-04-18 10:00:00,205.0,41.8
2026-04-18 11:00:00,246.0,74.7
2026-04-18 12:00:00,271.0,76.6
2026-04-18 13:00:00,262.0,69.0
2026-04-18 14:00:00,238.0,58.5
2026-04-18 15:00:00,225.0,50.5
2026-04-18 16:00:00,240.0,47.5
2026-04-18 17:00:00,266.0,46.9
2026-04-18 18:00:00,285.0,47.2
2026-04-18 19:00:00,279.0,47.8
2026-04-18 20:00:00,267.0,49.3
2026-04-18 21:00:00,279.0,50.9
2026-04-18 22:00:00,348.0,54.3
2026-04-18 23:00:00,442.0,57.9
2026-04-19 00:00:00,500.0,54.2
2026-04-19 01:00:00,491.0,43.2
2026-04-19 02:00:00,447.0,28.0
2026-04-19 03:00:00,396.0,16.3
2026-04-19 04:00:00,344.0,11.3
2026-04-19 05:00:00,287.0,9.8
2026-04-19 06:00:00,240.0,10.0
2026-04-19 07:00:00,210.0,7.1
2026-04-19 08:00:00,192.0,5.9
2026-04-19 09:00:00,180.0,18.7
2026-04-19 10:00:00,175.0,58.6
2026-04-19 11:00:00,177.0,112.5
2026-04-19 12:00:00,185.0,116.3
2026-04-19 13:00:00,193.0,110.0
2026-04-19 14:00:00,206.0,101.0
2026-04-19 15:00:00,241.0,92.5
2026-04-19 16:00:00,325.0,85.8
2026-04-19 17:00:00,431.0,79.6
2026-04-19 18:00:00,495.0,72.8
2026-04-19 19:00:00,470.0,63.5
2026-04-19 20:00:00,402.0,53.7
2026-04-19 21:00:00,367.0,48.4
2026-04-19 22:00:00,412.0,53.1
2026-04-19 23:00:00,490.0,62.4
2026-04-20 00:00:00,532.0,66.1
2026-04-20 01:00:00,503.0,54.2
2026-04-20 02:00:00,437.0,37.7
2026-04-20 03:00:00,376.0,24.2
2026-04-20 04:00:00,329.0,16.6
2026-04-20 05:00:00,287.0,12.1
2026-04-20 06:00:00,254.0,9.8
2026-04-20 07:00:00,237.0,5.1
2026-04-20 08:00:00,230.0,2.7
2026-04-20 09:00:00,222.0,15.9
2026-04-20 10:00:00,206.0,60.5
2026-04-20 11:00:00,189.0,120.6
2026-04-20 12:00:00,187.0,122.0
2026-04-20 13:00:00,206.0,115.4
2026-04-20 14:00:00,241.0,106.3
2026-04-20 15:00:00,287.0,98.4
2026-04-20 16:00:00,360.0,93.6
2026-04-20 17:00:00,445.0,90.2
2026-04-20 18:00:00,493.0,86.6
2026-04-20 19:00:00,469.0,81.6
2026-04-20 20:00:00,409.0,76.5
2026-04-20 21:00:00,368.0,73.3
2026-04-20 22:00:00,372.0,75.1
2026-04-20 23:00:00,394.0,78.8
2026-04-21 00:00:00,417.0,65.6
2026-04-21 01:00:00,444.0,53.2
2026-04-21 02:00:00,471.0,36.0
2026-04-21 03:00:00,463.0,22.1
2026-04-21 04:00:00,388.0,14.6
2026-04-21 05:00:00,279.0,10.5
2026-04-21 06:00:00,198.0,8.9
2026-04-21 07:00:00,173.0,9.8
2026-04-21 08:00:00,175.0,13.3
2026-04-21 09:00:00,188.0,18.7
2026-04-21 10:00:00,208.0,27.7
2026-04-21 11:00:00,237.0,38.5
2026-04-21 12:00:00,266.0,56.4
2026-04-21 13:00:00,296.0,52.0
2026-04-21 14:00:00,325.0,45.9
2026-04-21 15:00:00,338.0,41.0
2026-04-21 16:00:00,325.0,38.5
2026-04-21 17:00:00,295.0,37.2
2026-04-21 18:00:00,267.0,36.5
2026-04-21 19:00:00,243.0,36.1
2026-04-21 20:00:00,221.0,36.2
2026-04-21 21:00:00,206.0,36.7
2026-04-21 22:00:00,206.0,38.2
2026-04-21 23:00:00,213.0,40.0
2026-04-22 00:00:00,214.0,46.9
2026-04-22 01:00:00,200.0,41.8
2026-04-22 02:00:00,178.0,34.7
2026-04-22 03:00:00,161.0,29.2
2026-04-22 04:00:00,148.0,26.4
2026-04-22 05:00:00,139.0,25.1
2026-04-22 06:00:00,143.0,25.5
2026-04-22 07:00:00,176.0,27.3
2026-04-22 08:00:00,223.0,30.7
2026-04-22 09:00:00,248.0,36.2
2026-04-22 10:00:00,221.0,46.1
2026-04-22 11:00:00,173.0,58.1
2026-04-22 12:00:00,154.0,68.0
2026-04-22 13:00:00,206.0,62.1
2026-04-22 14:00:00,287.0,53.9
2026-04-22 15:00:00,332.0,47.5
2026-04-22 16:00:00,299.0,45.0
2026-04-22 17:00:00,228.0,44.3
2026-04-22 18:00:00,175.0,43.6
2026-04-22 19:00:00,160.0,41.7
2026-04-22 20:00:00,162.0,39.7
2026-04-22 21:00:00,170.0,39.1
2026-04-22 22:00:00,187.0,42.4
2026-04-22 23:00:00,210.0,47.1
2026-04-23 00:00:00,223.0,51.8
2026-04-23 01:00:00,215.0,40.8
2026-04-23 02:00:00,195.0,25.6
2026-04-23 03:00:00,179.0,14.6
2026-04-23 04:00:00,167.0,11.6
2026-04-23 05:00:00,157.0,12.8
2026-04-23 06:00:00,161.0,14.7
2026-04-23 07:00:00,189.0,15.0
2026-04-23 08:00:00,229.0,16.0
2026-04-23 09:00:00,261.0,21.8
2026-04-23 10:00:00,274.0,37.6
2026-04-23 11:00:00,278.0,58.0
2026-04-23 12:00:00,280.0,65.5
2026-04-23 13:00:00,284.0,63.4
2026-04-23 14:00:00,285.0,60.3
2026-04-23 15:00:00,281.0,56.8
2026-04-23 16:00:00,266.0,53.0
2026-04-23 17:00:00,246.0,48.9
2026-04-23 18:00:00,227.0,44.9
2026-04-23 19:00:00,210.0,40.9
2026-04-23 20:00:00,196.0,36.9
2026-04-23 21:00:00,189.0,33.6
2026-04-23 22:00:00,199.0,31.9
2026-04-23 23:00:00,217.0,30.9
2026-04-24 00:00:00,223.0,28.8
2026-04-24 01:00:00,203.0,23.1
2026-04-24 02:00:00,170.0,15.3
2026-04-24 03:00:00,145.0,9.6
2026-04-24 04:00:00,136.0,7.7
2026-04-24 05:00:00,135.0,7.9
2026-04-24 06:00:00,136.0,9.2
2026-04-24 07:00:00,131.0,10.3
2026-04-24 08:00:00,129.0,12.5
2026-04-24 09:00:00,153.0,18.3
2026-04-24 10:00:00,231.0,31.7
2026-04-24 11:00:00,336.0,48.8
2026-04-24 12:00:00,408.0,57.4
2026-04-24 13:00:00,420.0,56.0
2026-04-24 14:00:00,399.0,53.8
2026-04-24 15:00:00,366.0,50.9
2026-04-24 16:00:00,317.0,46.6
2026-04-24 17:00:00,255.0,41.6
2026-04-24 18:00:00,211.0,37.9
2026-04-24 19:00:00,198.0,36.3
2026-04-24 20:00:00,203.0,36.0
2026-04-24 21:00:00,213.0,37.3
2026-04-24 22:00:00,230.0,42.6
2026-04-24 23:00:00,251.0,49.4
2026-04-25 00:00:00,257.0,31.8
2026-04-25 01:00:00,232.0,25.1
2026-04-25 02:00:00,192.0,15.7
2026-04-25 03:00:00,159.0,8.7
2026-04-25 04:00:00,143.0,6.0
2026-04-25 05:00:00,135.0,5.6
2026-04-25 06:00:00,134.0,6.1
2026-04-25 07:00:00,138.0,6.3
2026-04-25 08:00:00,150.0,7.4
2026-04-25 09:00:00,176.0,11.5
2026-04-25 10:00:00,231.0,21.9
2026-04-25 11:00:00,300.0,35.4
2026-04-25 12:00:00,352.0,47.1
2026-04-25 13:00:00,371.0,43.5
2026-04-25 14:00:00,373.0,38.5
2026-04-25 15:00:00,371.0,33.7
2026-04-25 16:00:00,370.0,29.4
2026-04-25 17:00:00,365.0,25.5
2026-04-25 18:00:00,353.0,23.1
2026-04-25 19:00:00,328.0,23.1
2026-04-25 20:00:00,296.0,24.8
2026-04-25 21:00:00,274.0,26.6
2026-04-25 22:00:00,277.0,29.3
2026-04-25 23:00:00,290.0,32.2
2026-04-26 00:00:00,287.0,31.1
2026-04-26 01:00:00,249.0,25.8
2026-04-26 02:00:00,195.0,18.4
2026-04-26 03:00:00,153.0,12.5
2026-04-26 04:00:00,133.0,9.1
2026-04-26 05:00:00,125.0,7.2
2026-04-26 06:00:00,125.0,7.1
2026-04-26 07:00:00,132.0,9.0
2026-04-26 08:00:00,148.0,12.8
2026-04-26 09:00:00,175.0,18.7
2026-04-26 10:00:00,186.0,29.1
2026-04-26 11:00:00,209.0,41.7
2026-04-26 12:00:00,322.0,45.3
2026-04-26 13:00:00,647.0,42.4
2026-04-26 14:00:00,1064.0,38.3
2026-04-26 15:00:00,1290.0,35.1
2026-04-26 16:00:00,1156.0,33.4
2026-04-26 17:00:00,831.0,32.6
2026-04-26 18:00:00,546.0,32.7
2026-04-26 19:00:00,370.0,33.6
2026-04-26 20:00:00,234.0,35.4
2026-04-26 21:00:00,154.0,38.3
2026-04-26 22:00:00,159.0,43.7
2026-04-26 23:00:00,222.0,50.3
2026-04-27 00:00:00,273.0,67.4
2026-04-27 01:00:00,292.0,56.5
2026-04-27 02:00:00,299.0,41.5
2026-04-27 03:00:00,293.0,29.6
2026-04-27 04:00:00,263.0,23.5
2026-04-27 05:00:00,219.0,20.6
2026-04-27 06:00:00,188.0,20.4
2026-04-27 07:00:00,181.0,23.4
2026-04-27 08:00:00,187.0,29.1
2026-04-27 09:00:00,203.0,35.8
2026-04-27 10:00:00,225.0,44.3
2026-04-27 11:00:00,256.0,53.9
2026-04-27 12:00:00,301.0,85.0
2026-04-27 13:00:00,387.0,73.1
2026-04-27 14:00:00,488.0,56.6
2026-04-27 15:00:00,530.0,43.5
2026-04-27 16:00:00,460.0,37.6
2026-04-27 17:00:00,331.0,35.2
2026-04-27 18:00:00,229.0,33.2
2026-04-27 19:00:00,189.0,29.8
2026-04-27 20:00:00,177.0,26.9
2026-04-27 21:00:00,176.0,27.0
2026-04-27 22:00:00,187.0,33.8
2026-04-27 23:00:00,208.0,43.6
2026-04-28 00:00:00,222.0,29.6
2026-04-28 01:00:00,221.0,25.2
2026-04-28 02:00:00,211.0,19.1
2026-04-28 03:00:00,198.0,14.2
2026-04-28 04:00:00,177.0,11.1
2026-04-28 05:00:00,151.0,9.1
2026-04-28 06:00:00,137.0,9.4
2026-04-28 07:00:00,144.0,12.9
2026-04-28 08:00:00,163.0,18.7
2026-04-28 09:00:00,181.0,25.1
2026-04-28 10:00:00,194.0,32.4
2026-04-28 11:00:00,205.0,40.3
2026-04-28 12:00:00,215.0,55.4
2026-04-28 13:00:00,224.0,50.0
2026-04-28 14:00:00,231.0,42.5
2026-04-28 15:00:00,236.0,35.5
2026-04-28 16:00:00,241.0,29.8
2026-04-28 17:00:00,244.0,24.7
2026-04-28 18:00:00,235.0,21.2
2026-04-28 19:00:00,203.0,19.6
2026-04-28 20:00:00,160.0,19.6
2026-04-28 21:00:00,132.0,21.5
2026-04-28 22:00:00,134.0,27.5
2026-04-28 23:00:00,150.0,35.3
2026-04-29 00:00:00,160.0,45.3
2026-04-29 01:00:00,154.0,36.8
2026-04-29 02:00:00,142.0,25.1
2026-04-29 03:00:00,132.0,16.3
2026-04-29 04:00:00,118.0,12.9
2026-04-29 05:00:00,106.0,12.5
2026-04-29 06:00:00,120.0,13.5
2026-04-29 07:00:00,185.0,15.4
2026-04-29 08:00:00,276.0,18.8
2026-04-29 09:00:00,337.0,23.6
2026-04-29 10:00:00,340.0,31.4
2026-04-29 11:00:00,313.0,40.7
2026-04-29 12:00:00,288.0,52.4
2026-04-29 13:00:00,279.0,55.1
2026-04-29 14:00:00,272.0,58.6
2026-04-29 15:00:00,257.0,60.3
2026-04-29 16:00:00,225.0,59.1
2026-04-29 17:00:00,186.0,56.2
2026-04-29 18:00:00,156.0,51.8
2026-04-29 19:00:00,143.0,44.5
2026-04-29 20:00:00,139.0,35.8
2026-04-29 21:00:00,141.0,30.7
2026-04-29 22:00:00,151.0,33.3
2026-04-29 23:00:00,168.0,39.7
2026-04-30 00:00:00,178.0,30.4
2026-04-30 01:00:00,177.0,26.7
2026-04-30 02:00:00,170.0,21.5
2026-04-30 03:00:00,163.0,17.4
2026-04-30 04:00:00,155.0,14.8
2026-04-30 05:00:00,146.0,13.2
2026-04-30 06:00:00,142.0,13.4
2026-04-30 07:00:00,141.0,14.6
2026-04-30 08:00:00,145.0,17.6
2026-04-30 09:00:00,169.0,25.6
2026-04-30 10:00:00,212.0,44.2
2026-04-30 11:00:00,274.0,67.8
2026-04-30 12:00:00,368.0,86.0
2026-04-30 13:00:00,551.0,85.3
2026-04-30 14:00:00,766.0,84.4
2026-04-30 15:00:00,858.0,83.4
2026-04-30 16:00:00,707.0,82.6
2026-04-30 17:00:00,432.0,81.8
2026-04-30 18:00:00,235.0,80.5
2026-04-30 19:00:00,215.0,78.8
2026-04-30 20:00:00,274.0,76.6
2026-04-30 21:00:00,316.0,72.8
2026-04-30 22:00:00,306.0,66.1
2026-04-30 23:00:00,280.0,57.7
2026-05-01 00:00:00,252.0,68.2
2026-05-01 01:00:00,224.0,60.2
2026-05-01 02:00:00,195.0,48.8
2026-05-01 03:00:00,175.0,38.3
2026-05-01 04:00:00,167.0,29.2
2026-05-01 05:00:00,167.0,20.8
2026-05-01 06:00:00,175.0,15.5
2026-05-01 07:00:00,191.0,13.4
2026-05-01 08:00:00,214.0,14.3
2026-05-01 09:00:00,240.0,19.6
2026-05-01 10:00:00,276.0,31.9
2026-05-01 11:00:00,315.0,48.5
2026-05-01 12:00:00,337.0,55.6
2026-05-01 13:00:00,324.0,54.1
2026-05-01 14:00:00,294.0,51.9
2026-05-01 15:00:00,273.0,48.8
2026-05-01 16:00:00,274.0,44.0
2026-05-01 17:00:00,285.0,38.3
2026-05-01 18:00:00,299.0,34.4
2026-05-01 19:00:00,319.0,33.6
2026-05-01 20:00:00,342.0,34.7
2026-05-01 21:00:00,353.0,36.3
2026-05-01 22:00:00,346.0,39.5
2026-05-01 23:00:00,329.0,43.3
2026-05-02 00:00:00,305.0,31.2
2026-05-02 01:00:00,273.0,26.0
2026-05-02 02:00:00,235.0,18.7
2026-05-02 03:00:00,206.0,12.9
2026-05-02 04:00:00,192.0,9.7
2026-05-02 05:00:00,187.0,8.0
2026-05-02 06:00:00,183.0,8.2
2026-05-02 07:00:00,174.0,8.9
2026-05-02 08:00:00,166.0,11.6
2026-05-02 09:00:00,166.0,20.8
2026-05-02 10:00:00,165.0,44.7
2026-05-02 11:00:00,172.0,75.2
2026-05-02 12:00:00,225.0,75.8
2026-05-02 13:00:00,374.0,69.8
2026-05-02 14:00:00,569.0,61.6
2026-05-02 15:00:00,690.0,55.4
2026-05-02 16:00:00,658.0,53.0
2026-05-02 17:00:00,553.0,52.6
2026-05-02 18:00:00,492.0,53.2
2026-05-02 19:00:00,530.0,55.1
2026-05-02 20:00:00,612.0,58.0
2026-05-02 21:00:00,693.0,59.8
2026-05-02 22:00:00,790.0,60.5
2026-05-02 23:00:00,886.0,60.1
2026-05-03 00:00:00,882.0,45.6
2026-05-03 01:00:00,688.0,37.5
2026-05-03 02:00:00,395.0,26.3
2026-05-03 03:00:00,178.0,17.2
2026-05-03 04:00:00,119.0,12.0
2026-05-03 05:00:00,136.0,8.9
2026-05-03 06:00:00,158.0,8.0
2026-05-03 07:00:00,161.0,8.1
2026-05-03 08:00:00,168.0,10.3
2026-05-03 09:00:00,181.0,18.1
2026-05-03 10:00:00,155.0,37.5
2026-05-03 11:00:00,134.0,62.5
2026-05-03 12:00:00,253.0,73.8
2026-05-03 13:00:00,685.0,69.2
2026-05-03 14:00:00,1257.0,63.0
2026-05-03 15:00:00,1577.0,59.1
2026-05-03 16:00:00,1391.0,59.6
2026-05-03 17:00:00,954.0,62.3
2026-05-03 18:00:00,642.0,64.6
2026-05-03 19:00:00,635.0,66.0
2026-05-03 20:00:00,753.0,67.0
2026-05-03 21:00:00,838.0,66.8
2026-05-03 22:00:00,841.0,66.1
2026-05-03 23:00:00,811.0,64.2
2026-05-04 00:00:00,734.0,58.5
2026-05-04 01:00:00,570.0,45.7
2026-05-04 02:00:00,358.0,28.0
2026-05-04 03:00:00,203.0,14.5
2026-05-04 04:00:00,157.0,8.9
2026-05-04 05:00:00,168.0,7.5
2026-05-04 06:00:00,180.0,7.9
2026-05-04 07:00:00,177.0,6.9
2026-05-04 08:00:00,176.0,7.8
2026-05-04 09:00:00,174.0,17.7
2026-05-04 10:00:00,134.0,47.5
2026-05-04 11:00:00,94.0,86.4
2026-05-04 12:00:00,160.0,99.0
2026-05-04 13:00:00,456.0,82.6
2026-05-04 14:00:00,858.0,60.3
2026-05-04 15:00:00,1104.0,45.6
2026-05-04 16:00:00,1049.0,46.2
2026-05-04 17:00:00,837.0,54.5
2026-05-04 18:00:00,639.0,60.7
2026-05-04 19:00:00,505.0,60.6
2026-05-04 20:00:00,386.0,58.6
2026-05-04 21:00:00,301.0,57.6
2026-05-04 22:00:00,271.0,61.1
2026-05-04 23:00:00,276.0,65.8
2026-05-05 00:00:00,276.0,54.6
2026-05-05 01:00:00,252.0,43.1
2026-05-05 02:00:00,223.0,27.2
2026-05-05 03:00:00,201.0,14.9
2026-05-05 04:00:00,191.0,9.5
2026-05-05 05:00:00,188.0,7.7
2026-05-05 06:00:00,188.0,7.5
2026-05-05 07:00:00,190.0,7.7
2026-05-05 08:00:00,196.0,9.6
2026-05-05 09:00:00,204.0,14.9
2026-05-05 10:00:00,217.0,27.2
2026-05-05 11:00:00,233.0,43.0
2026-05-05 12:00:00,248.0,53.9
2026-05-05 13:00:00,265.0,51.1
2026-05-05 14:00:00,281.0,47.2
2026-05-05 15:00:00,285.0,43.5
2026-05-05 16:00:00,268.0,40.7
2026-05-05 17:00:00,239.0,38.1
2026-05-05 18:00:00,215.0,35.4
2026-05-05 19:00:00,199.0,31.5
2026-05-05 20:00:00,188.0,27.4
2026-05-05 21:00:00,187.0,25.7
2026-05-05 22:00:00,208.0,29.2
2026-05-05 23:00:00,240.0,35.1
2026-05-06 00:00:00,256.0,41.6
2026-05-06 01:00:00,240.0,33.3
2026-05-06 02:00:00,209.0,21.8
2026-05-06 03:00:00,185.0,12.8
2026-05-06 04:00:00,179.0,8.7
2026-05-06 05:00:00,181.0,7.1
2026-05-06 06:00:00,182.0,7.1
2026-05-06 07:00:00,175.0,7.7
2026-05-06 08:00:00,168.0,10.0
2026-05-06 09:00:00,173.0,15.5
2026-05-06 10:00:00,202.0,27.5
2026-05-06 11:00:00,243.0,42.8
2026-05-06 12:00:00,271.0,50.3
2026-05-06 13:00:00,275.0,48.0
2026-05-06 14:00:00,267.0,45.0
2026-05-06 15:00:00,258.0,43.8
2026-05-06 16:00:00,250.0,46.2
2026-05-06 17:00:00,241.0,50.5
2026-05-06 18:00:00,233.0,53.8
2026-05-06 19:00:00,204.0,54.9
2026-05-06 20:00:00,177.0,55.2
2026-05-06 21:00:00,218.0,55.5
2026-05-06 22:00:00,412.0,58.0
2026-05-06 23:00:00,675.0,60.6
2026-05-07 00:00:00,822.0,48.6
2026-05-07 01:00:00,742.0,39.0
2026-05-07 02:00:00,545.0,25.8
2026-05-07 03:00:00,378.0,15.3
2026-05-07 04:00:00,293.0,10.2
2026-05-07 05:00:00,237.0,8.0
2026-05-07 06:00:00,201.0,7.4
2026-05-07 07:00:00,186.0,7.3
2026-05-07 08:00:00,191.0,8.9
2026-05-07 09:00:00,205.0,14.4
2026-05-07 10:00:00,233.0,27.8
2026-05-07 11:00:00,271.0,45.2
2026-05-07 12:00:00,294.0,64.7
2026-05-07 13:00:00,290.0,60.9
2026-05-07 14:00:00,271.0,55.6
2026-05-07 15:00:00,256.0,51.3
2026-05-07 16:00:00,228.0,49.4
2026-05-07 17:00:00,203.0,48.5
2026-05-07 18:00:00,244.0,47.1
2026-05-07 19:00:00,425.0,43.6
2026-05-07 20:00:00,671.0,39.5
2026-05-07 21:00:00,822.0,38.0
2026-05-07 22:00:00,789.0,42.8
2026-05-07 23:00:00,662.0,50.2
2026-05-08 00:00:00,542.0,41.4
2026-05-08 01:00:00,466.0,34.2
2026-05-08 02:00:00,398.0,24.1
2026-05-08 03:00:00,336.0,15.9
2026-05-08 04:00:00,277.0,11.1
2026-05-08 05:00:00,223.0,8.2
2026-05-08 06:00:00,186.0,7.3
2026-05-08 07:00:00,165.0,7.5
2026-05-08 08:00:00,160.0,9.8
2026-05-08 09:00:00,180.0,17.0
2026-05-08 10:00:00,248.0,35.2
2026-05-08 11:00:00,341.0,58.3
2026-05-08 12:00:00,396.0,48.1
2026-05-08 13:00:00,378.0,42.3
2026-05-08 14:00:00,322.0,34.4
2026-05-08 15:00:00,276.0,28.1
2026-05-08 16:00:00,258.0,24.8
2026-05-08 17:00:00,250.0,23.3
2026-05-08 18:00:00,240.0,23.6
2026-05-08 19:00:00,219.0,26.3
2026-05-08 20:00:00,196.0,30.9
2026-05-08 21:00:00,192.0,36.1
2026-05-08 22:00:00,219.0,43.7
2026-05-08 23:00:00,264.0,52.0
2026-05-09 00:00:00,306.0,54.3
2026-05-09 01:00:00,347.0,44.2
2026-05-09 02:00:00,385.0,30.1
2026-05-09 03:00:00,391.0,18.9
2026-05-09 04:00:00,337.0,12.9
2026-05-09 05:00:00,252.0,9.8
2026-05-09 06:00:00,192.0,8.8
2026-05-09 07:00:00,186.0,8.7
2026-05-09 08:00:00,205.0,10.9
2026-05-09 09:00:00,219.0,18.6
2026-05-09 10:00:00,210.0,37.8
2026-05-09 11:00:00,197.0,62.6
2026-05-09 12:00:00,204.0,129.2
2026-05-09 13:00:00,260.0,117.5
2026-05-09 14:00:00,337.0,101.3
2026-05-09 15:00:00,374.0,88.0
2026-05-09 16:00:00,324.0,81.2
2026-05-09 17:00:00,234.0,77.3
2026-05-09 18:00:00,186.0,73.5
2026-05-09 19:00:00,212.0,67.9
2026-05-09 20:00:00,279.0,62.4
2026-05-09 21:00:00,375.0,59.6
2026-05-09 22:00:00,536.0,63.2
2026-05-09 23:00:00,724.0,69.5
2026-05-10 00:00:00,815.0,68.6
2026-05-10 01:00:00,725.0,55.3
2026-05-10 02:00:00,537.0,36.8
2026-05-10 03:00:00,379.0,22.1
2026-05-10 04:00:00,298.0,14.5
2026-05-10 05:00:00,248.0,10.6
2026-05-10 06:00:00,211.0,9.1
2026-05-10 07:00:00,186.0,9.4
2026-05-10 08:00:00,175.0,12.0
2026-05-10 09:00:00,170.0,17.2
2026-05-10 10:00:00,167.0,27.8
2026-05-10 11:00:00,169.0,40.9
2026-05-10 12:00:00,178.0,48.7
2026-05-10 13:00:00,198.0,46.1
2026-05-10 14:00:00,224.0,38.1
2026-05-10 15:00:00,241.0,31.6
2026-05-10 16:00:00,240.0,29.1
2026-05-10 17:00:00,229.0,28.1
2026-05-10 18:00:00,221.0,28.5
2026-05-10 19:00:00,216.0,30.6
2026-05-10 20:00:00,213.0,34.2
2026-05-10 21:00:00,218.0,37.7
2026-05-10 22:00:00,239.0,42.5
2026-05-10 23:00:00,267.0,47.3
2026-05-11 00:00:00,281.0,38.1
2026-05-11 01:00:00,264.0,29.9
2026-05-11 02:00:00,233.0,18.7
2026-05-11 03:00:00,212.0,10.1
2026-05-11 04:00:00,216.0,6.6
2026-05-11 05:00:00,231.0,5.8
2026-05-11 06:00:00,235.0,6.3
2026-05-11 07:00:00,208.0,6.9
2026-05-11 08:00:00,171.0,8.8
2026-05-11 09:00:00,166.0,14.1
2026-05-11 10:00:00,228.0,26.4
2026-05-11 11:00:00,322.0,42.1
2026-05-11 12:00:00,380.0,57.9
2026-05-11 13:00:00,364.0,54.5
2026-05-11 14:00:00,313.0,49.7
2026-05-11 15:00:00,274.0,45.9
2026-05-11 16:00:00,260.0,44.0
2026-05-11 17:00:00,258.0,43.0
2026-05-11 18:00:00,276.0,42.1
2026-05-11 19:00:00,316.0,40.7
2026-05-11 20:00:00,375.0,39.4
2026-05-11 21:00:00,454.0,39.6
2026-05-11 22:00:00,587.0,44.0
2026-05-11 23:00:00,738.0,50.0
2026-05-12 00:00:00,803.0,38.7
2026-05-12 01:00:00,707.0,31.5
2026-05-12 02:00:00,525.0,21.5
2026-05-12 03:00:00,372.0,13.7
2026-05-12 04:00:00,289.0,9.8
2026-05-12 05:00:00,236.0,8.1
2026-05-12 06:00:00,207.0,8.0
2026-05-12 07:00:00,207.0,8.8
2026-05-12 08:00:00,231.0,11.3
2026-05-12 09:00:00,254.0,17.2
2026-05-12 10:00:00,270.0,30.4
2026-05-12 11:00:00,286.0,47.1
2026-05-12 12:00:00,294.0,57.7
2026-05-12 13:00:00,288.0,56.1
2026-05-12 14:00:00,274.0,48.4
2026-05-12 15:00:00,264.0,42.9
2026-05-12 16:00:00,261.0,43.0
2026-05-12 17:00:00,263.0,45.3
2026-05-12 18:00:00,272.0,47.8
2026-05-12 19:00:00,288.0,49.8
2026-05-12 20:00:00,312.0,51.9
2026-05-12 21:00:00,350.0,54.1
2026-05-12 22:00:00,422.0,58.1
2026-05-12 23:00:00,508.0,62.2
2026-05-13 00:00:00,554.0,38.6
2026-05-13 01:00:00,516.0,32.6
2026-05-13 02:00:00,437.0,24.3
2026-05-13 03:00:00,396.0,17.2
2026-05-13 04:00:00,446.0,12.5
2026-05-13 05:00:00,534.0,9.1
2026-05-13 06:00:00,572.0,7.5
2026-05-13 07:00:00,507.0,7.7
2026-05-13 08:00:00,393.0,9.7
2026-05-13 09:00:00,302.0,13.5
2026-05-13 10:00:00,263.0,20.6
2026-05-13 11:00:00,248.0,29.5
2026-05-13 12:00:00,238.0,43.9
2026-05-13 13:00:00,224.0,41.7
2026-05-13 14:00:00,216.0,38.8
2026-05-13 15:00:00,230.0,37.3
2026-05-13 16:00:00,298.0,38.5
2026-05-13 17:00:00,388.0,41.2
2026-05-13 18:00:00,425.0,43.7
2026-05-13 19:00:00,348.0,45.4
2026-05-13 20:00:00,217.0,47.0
2026-05-13 21:00:00,143.0,48.0
2026-05-13 22:00:00,190.0,49.2
2026-05-13 23:00:00,293.0,49.9
2026-05-14 00:00:00,369.0,45.9
2026-05-14 01:00:00,387.0,40.6
2026-05-14 02:00:00,378.0,33.1
2026-05-14 03:00:00,356.0,26.4
2026-05-14 04:00:00,316.0,20.9
2026-05-14 05:00:00,262.0,16.1
2026-05-14 06:00:00,221.0,13.4
2026-05-14 07:00:00,201.0,12.5
2026-05-14 08:00:00,194.0,13.7
2026-05-14 09:00:00,198.0,19.3
2026-05-14 10:00:00,195.0,33.5
2026-05-14 11:00:00,204.0,52.0
2026-05-14 12:00:00,278.0,47.5
2026-05-14 13:00:00,497.0,45.2
2026-05-14 14:00:00,783.0,42.3
2026-05-14 15:00:00,950.0,41.9
2026-05-14 16:00:00,889.0,46.3
2026-05-14 17:00:00,710.0,53.3
2026-05-14 18:00:00,560.0,58.8
2026-05-14 19:00:00,501.0,61.8
2026-05-14 20:00:00,470.0,63.3
2026-05-14 21:00:00,430.0,62.9
2026-05-14 22:00:00,357.0,59.8
2026-05-14 23:00:00,274.0,54.8
2026-05-15 00:00:00,216.0,39.5
2026-05-15 01:00:00,204.0,35.2
2026-05-15 02:00:00,218.0,29.1
2026-05-15 03:00:00,227.0,23.3
2026-05-15 04:00:00,218.0,17.8
2026-05-15 05:00:00,205.0,12.7
2026-05-15 06:00:00,198.0,9.8
2026-05-15 07:00:00,195.0,9.8
2026-05-15 08:00:00,198.0,12.2
2026-05-15 09:00:00,223.0,17.2
2026-05-15 10:00:00,260.0,27.2
2026-05-15 11:00:00,318.0,39.8
2026-05-15 12:00:00,445.0,38.4
2026-05-15 13:00:00,748.0,42.8
2026-05-15 14:00:00,1119.0,48.8
2026-05-15 15:00:00,1280.0,52.8
2026-05-15 16:00:00,1024.0,52.6
2026-05-15 17:00:00,558.0,50.3
2026-05-15 18:00:00,219.0,48.8
2026-05-15 19:00:00,157.0,49.2
2026-05-15 20:00:00,223.0,50.4
2026-05-15 21:00:00,307.0,51.4
2026-05-15 22:00:00,399.0,52.6
2026-05-15 23:00:00,509.0,53.6
2026-05-16 00:00:00,554.0,48.4
2026-05-16 01:00:00,475.0,42.8
2026-05-16 02:00:00,332.0,35.0
2026-05-16 03:00:00,217.0,28.0
2026-05-16 04:00:00,168.0,22.5
2026-05-16 05:00:00,149.0,17.8
2026-05-16 06:00:00,139.0,15.6
2026-05-16 07:00:00,132.0,16.5
2026-05-16 08:00:00,134.0,19.8
2026-05-16 09:00:00,151.0,25.0
2026-05-16 10:00:00,194.0,33.8
2026-05-16 11:00:00,252.0,44.6
2026-05-16 12:00:00,293.0,63.3
2026-05-16 13:00:00,306.0,59.4
2026-05-16 14:00:00,303.0,53.9
2026-05-16 15:00:00,284.0,50.0
2026-05-16 16:00:00,238.0,49.4
2026-05-16 17:00:00,176.0,50.2
2026-05-16 18:00:00,138.0,50.1
2026-05-16 19:00:00,147.0,47.1
2026-05-16 20:00:00,179.0,43.2
2026-05-16 21:00:00,207.0,41.4
2026-05-16 22:00:00,220.0,44.6
2026-05-16 23:00:00,228.0,50.0
2026-05-17 00:00:00,234.0,51.5
2026-05-17 01:00:00,241.0,46.3
2026-05-17 02:00:00,247.0,39.0
2026-05-17 03:00:00,241.0,32.2
2026-05-17 04:00:00,214.0,26.3
2026-05-17 05:00:00,176.0,20.9
2026-05-17 06:00:00,150.0,17.8
2026-05-17 07:00:00,148.0,18.3
2026-05-17 08:00:00,158.0,21.0
2026-05-17 09:00:00,171.0,24.1
2026-05-17 10:00:00,189.0,27.4
2026-05-17 11:00:00,209.0,31.0
2026-05-17 12:00:00,222.0,37.4
2026-05-17 13:00:00,217.0,37.1
2026-05-17 14:00:00,203.0,36.7
2026-05-17 15:00:00,199.0,36.9
2026-05-17 16:00:00,202.0,38.5
2026-05-17 17:00:00,214.0,40.7
2026-05-17 18:00:00,258.0,42.2
2026-05-17 19:00:00,363.0,41.9
2026-05-17 20:00:00,500.0,40.9
2026-05-17 21:00:00,607.0,40.8
2026-05-17 22:00:00,666.0,43.7
2026-05-17 23:00:00,694.0,47.5
2026-05-18 00:00:00,680.0,46.0
2026-05-18 01:00:00,598.0,41.8
2026-05-18 02:00:00,474.0,35.8
2026-05-18 03:00:00,373.0,30.1
2026-05-18 04:00:00,321.0,24.5
2026-05-18 05:00:00,291.0,19.1
2026-05-18 06:00:00,269.0,16.3
2026-05-18 07:00:00,252.0,15.7
2026-05-18 08:00:00,242.0,17.7
2026-05-18 09:00:00,229.0,25.4
2026-05-18 10:00:00,203.0,44.5
2026-05-18 11:00:00,174.0,69.3
2026-05-18 12:00:00,162.0,77.8
2026-05-18 13:00:00,185.0,74.4
2026-05-18 14:00:00,225.0,69.4
2026-05-18 15:00:00,254.0,64.0
2026-05-18 16:00:00,254.0,57.7
2026-05-18 17:00:00,243.0,50.8
2026-05-18 18:00:00,247.0,45.9
2026-05-18 19:00:00,279.0,43.1
2026-05-18 20:00:00,326.0,42.2
2026-05-18 21:00:00,376.0,44.7
2026-05-18 22:00:00,439.0,55.2
2026-05-18 23:00:00,507.0,69.0
2026-05-19 00:00:00,538.0,42.7
2026-05-19 01:00:00,511.0,38.3
2026-05-19 02:00:00,448.0,32.0
2026-05-19 03:00:00,379.0,26.1
2026-05-19 04:00:00,303.0,21.0
2026-05-19 05:00:00,220.0,16.4
2026-05-19 06:00:00,163.0,13.4
2026-05-19 07:00:00,149.0,11.0
2026-05-19 08:00:00,162.0,10.3
2026-05-19 09:00:00,181.0,16.0
2026-05-19 10:00:00,202.0,34.9
2026-05-19 11:00:00,230.0,60.2
2026-05-19 12:00:00,259.0,70.3
2026-05-19 13:00:00,291.0,68.4
2026-05-19 14:00:00,323.0,65.6
2026-05-19 15:00:00,342.0,63.1
2026-05-19 16:00:00,339.0,61.5
2026-05-19 17:00:00,322.0,60.0
2026-05-19 18:00:00,304.0,57.8
2026-05-19 19:00:00,284.0,53.1
2026-05-19 20:00:00,263.0,47.6
2026-05-19 21:00:00,257.0,45.1
2026-05-19 22:00:00,285.0,50.0
2026-05-19 23:00:00,327.0,57.9
2026-05-20 00:00:00,341.0,52.4
2026-05-20 01:00:00,296.0,42.1
2026-05-20 02:00:00,222.0,27.9
2026-05-20 03:00:00,165.0,16.8
2026-05-20 04:00:00,146.0,11.7
2026-05-20 05:00:00,143.0,9.7
2026-05-20 06:00:00,141.0,9.4
2026-05-20 07:00:00,123.0,9.7
2026-05-20 08:00:00,105.0,11.7
2026-05-20 09:00:00,121.0,17.2
2026-05-20 10:00:00,208.0,29.4
2026-05-20 11:00:00,329.0,45.1
2026-05-20 12:00:00,407.0,57.9
2026-05-20 13:00:00,393.0,57.9
2026-05-20 14:00:00,337.0,57.7
2026-05-20 15:00:00,310.0,56.9
2026-05-20 16:00:00,358.0,55.7
2026-05-20 17:00:00,436.0,53.8
2026-05-20 18:00:00,478.0,50.0
2026-05-20 19:00:00,444.0,42.2
2026-05-20 20:00:00,373.0,32.5
2026-05-20 21:00:00,319.0,25.6
2026-05-20 22:00:00,309.0,24.9
2026-05-20 23:00:00,314.0,27.1
2026-05-21 00:00:00,305.0,23.3
2026-05-21 01:00:00,261.0,19.1
2026-05-21 02:00:00,203.0,13.4
2026-05-21 03:00:00,157.0,9.2
2026-05-21 04:00:00,132.0,7.7
2026-05-21 05:00:00,120.0,7.6
2026-05-21 06:00:00,121.0,8.7
2026-05-21 07:00:00,108.0,10.0
2026-05-21 08:00:00,109.0,12.4
2026-05-21 09:00:00,205.0,17.9
2026-05-21 10:00:00,495.0,29.6
2026-05-21 11:00:00,880.0,44.5
2026-05-21 12:00:00,1149.0,64.3
2026-05-21 13:00:00,1215.0,62.6
2026-05-21 14:00:00,1166.0,60.1
2026-05-21 15:00:00,1052.0,57.8
2026-05-21 16:00:00,852.0,55.9
2026-05-21 17:00:00,588.0,54.2
2026-05-21 18:00:00,374.0,52.5
2026-05-21 19:00:00,257.0,51.3
2026-05-21 20:00:00,191.0,50.2
2026-05-21 21:00:00,155.0,47.7
2026-05-21 22:00:00,156.0,42.6
2026-05-21 23:00:00,188.0,36.1
2026-05-22 00:00:00,209.0,29.5
2026-05-22 01:00:00,203.0,26.4
2026-05-22 02:00:00,186.0,22.1
2026-05-22 03:00:00,173.0,18.4
2026-05-22 04:00:00,160.0,15.5
2026-05-22 05:00:00,149.0,13.4
2026-05-22 06:00:00,165.0,13.5
2026-05-22 07:00:00,223.0,16.1
2026-05-22 08:00:00,306.0,21.0
2026-05-22 09:00:00,390.0,29.2
2026-05-22 10:00:00,474.0,43.9
2026-05-22 11:00:00,559.0,61.9
2026-05-22 12:00:00,620.0,76.5
2026-05-22 13:00:00,651.0,74.9
2026-05-22 14:00:00,658.0,72.6
2026-05-22 15:00:00,636.0,69.6
2026-05-22 16:00:00,563.0,65.3
2026-05-22 17:00:00,461.0,60.4
2026-05-22 18:00:00,391.0,56.8
2026-05-22 19:00:00,385.0,55.4
2026-05-22 20:00:00,411.0,55.2
2026-05-22 21:00:00,440.0,55.6
2026-05-22 22:00:00,468.0,57.5
2026-05-22 23:00:00,498.0,59.8
2026-05-23 00:00:00,509.0,52.5
2026-05-23 01:00:00,490.0,46.7
2026-05-23 02:00:00,451.0,38.4
2026-05-23 03:00:00,400.0,30.5
2026-05-23 04:00:00,330.0,23.2
2026-05-23 05:00:00,249.0,16.4
2026-05-23 06:00:00,188.0,12.4
2026-05-23 07:00:00,162.0,11.9
2026-05-23 08:00:00,157.0,14.3
2026-05-23 09:00:00,158.0,20.1
2026-05-23 10:00:00,161.0,30.8
2026-05-23 11:00:00,171.0,45.0
2026-05-23 12:00:00,186.0,84.1
2026-05-23 13:00:00,209.0,83.4
2026-05-23 14:00:00,237.0,82.4
2026-05-23 15:00:00,259.0,81.6
2026-05-23 16:00:00,262.0,81.5
2026-05-23 17:00:00,260.0,81.5
2026-05-23 18:00:00,282.0,80.8
2026-05-23 19:00:00,356.0,78.1
2026-05-23 20:00:00,453.0,74.6
2026-05-23 21:00:00,521.0,72.9
2026-05-23 22:00:00,541.0,76.9
2026-05-23 23:00:00,530.0,82.8
2026-05-24 00:00:00,489.0,55.7
2026-05-24 01:00:00,396.0,47.2
2026-05-24 02:00:00,272.0,35.4
2026-05-24 03:00:00,179.0,25.3
2026-05-24 04:00:00,145.0,18.4
2026-05-24 05:00:00,142.0,13.1
2026-05-24 06:00:00,146.0,10.3
2026-05-24 07:00:00,141.0,10.3
2026-05-24 08:00:00,143.0,12.7
2026-05-24 09:00:00,178.0,17.1
2026-05-24 10:00:00,280.0,25.0
2026-05-24 11:00:00,415.0,34.8
2026-05-24 12:00:00,503.0,61.2
2026-05-24 13:00:00,505.0,63.3
2026-05-24 14:00:00,461.0,66.1
2026-05-24 15:00:00,405.0,67.0
2026-05-24 16:00:00,337.0,64.6
2026-05-24 17:00:00,259.0,60.3
2026-05-24 18:00:00,206.0,55.9
2026-05-24 19:00:00,194.0,51.3
2026-05-24 20:00:00,208.0,46.6
2026-05-24 21:00:00,243.0,43.2
2026-05-24 22:00:00,317.0,42.6
2026-05-24 23:00:00,411.0,43.3
2026-05-25 00:00:00,466.0,43.3
2026-05-25 01:00:00,449.0,39.4
2026-05-25 02:00:00,392.0,33.8
2026-05-25 03:00:00,339.0,28.0
2026-05-25 04:00:00,302.0,21.3
2026-05-25 05:00:00,267.0,14.5
2026-05-25 06:00:00,238.0,10.5
2026-05-25 07:00:00,198.0,10.6
2026-05-25 08:00:00,164.0,13.7
2026-05-25 09:00:00,188.0,19.5
2026-05-25 10:00:00,331.0,30.2
2026-05-25 11:00:00,533.0,43.6
2026-05-25 12:00:00,664.0,62.6
2026-05-25 13:00:00,650.0,70.1
2026-05-25 14:00:00,566.0,80.3
2026-05-25 15:00:00,507.0,87.1
2026-05-25 16:00:00,520.0,87.6
2026-05-25 17:00:00,557.0,84.7
2026-05-25 18:00:00,570.0,81.4
2026-05-25 19:00:00,518.0,78.0
2026-05-25 20:00:00,443.0,74.2
2026-05-25 21:00:00,419.0,72.0
2026-05-25 22:00:00,507.0,74.1
2026-05-25 23:00:00,647.0,77.8
2026-05-26 00:00:00,737.0,63.4
2026-05-26 01:00:00,728.0,54.7
2026-05-26 02:00:00,670.0,42.4
2026-05-26 03:00:00,610.0,31.9
2026-05-26 04:00:00,567.0,24.6
2026-05-26 05:00:00,523.0,18.9
2026-05-26 06:00:00,466.0,15.8
2026-05-26 07:00:00,377.0,15.3
2026-05-26 08:00:00,276.0,17.3
2026-05-26 09:00:00,208.0,22.2
2026-05-26 10:00:00,200.0,32.6
2026-05-26 11:00:00,226.0,45.9
2026-05-26 12:00:00,253.0,66.7
2026-05-26 13:00:00,268.0,69.0
2026-05-26 14:00:00,285.0,72.1
2026-05-26 15:00:00,305.0,73.7
2026-05-26 16:00:00,337.0,72.2
2026-05-26 17:00:00,374.0,69.2
2026-05-26 18:00:00,396.0,66.7
2026-05-26 19:00:00,377.0,64.6
2026-05-26 20:00:00,343.0,63.0
2026-05-26 21:00:00,360.0,64.8
2026-05-26 22:00:00,502.0,75.4
2026-05-26 23:00:00,693.0,89.4
2026-05-27 00:00:00,773.0,47.4
2026-05-27 01:00:00,631.0,39.7
2026-05-27 02:00:00,377.0,29.0
2026-05-27 03:00:00,183.0,20.3
2026-05-27 04:00:00,122.0,15.2
2026-05-27 05:00:00,121.0,12.0
2026-05-27 06:00:00,128.0,10.7
2026-05-27 07:00:00,109.0,10.8
2026-05-27 08:00:00,97.0,12.7
2026-05-27 09:00:00,143.0,17.8
2026-05-27 10:00:00,319.0,27.9
2026-05-27 11:00:00,552.0,41.0
2026-05-27 12:00:00,676.0,64.9
2026-05-27 13:00:00,579.0,71.5
2026-05-27 14:00:00,372.0,80.6
2026-05-27 15:00:00,219.0,87.9
2026-05-27 16:00:00,187.0,91.6
2026-05-27 17:00:00,209.0,93.4
2026-05-27 18:00:00,246.0,93.8
2026-05-27 19:00:00,287.0,92.4
2026-05-27 20:00:00,342.0,89.6
2026-05-27 21:00:00,408.0,86.8
2026-05-27 22:00:00,501.0,86.3
2026-05-27 23:00:00,603.0,85.7
2026-05-28 00:00:00,659.0,62.5
2026-05-28 01:00:00,629.0,50.0
2026-05-28 02:00:00,553.0,32.7
2026-05-28 03:00:00,490.0,19.3
2026-05-28 04:00:00,470.0,13.4
2026-05-28 05:00:00,464.0,11.5
2026-05-28 06:00:00,445.0,11.8
2026-05-28 07:00:00,390.0,12.8
2026-05-28 08:00:00,321.0,15.9
2026-05-28 09:00:00,278.0,23.8
2026-05-28 10:00:00,289.0,40.7
2026-05-28 11:00:00,325.0,62.5
2026-05-28 12:00:00,341.0,87.8
2026-05-28 13:00:00,314.0,83.1
2026-05-28 14:00:00,267.0,76.5
2026-05-28 15:00:00,227.0,70.1
2026-05-28 16:00:00,203.0,64.0
2026-05-28 17:00:00,186.0,58.3
2026-05-28 18:00:00,181.0,55.1
2026-05-28 19:00:00,181.0,56.5
2026-05-28 20:00:00,193.0,60.5
2026-05-28 21:00:00,236.0,63.6
2026-05-28 22:00:00,345.0,65.5
2026-05-28 23:00:00,486.0,66.6
2026-05-29 00:00:00,578.0,47.6
2026-05-29 01:00:00,579.0,42.2
2026-05-29 02:00:00,532.0,34.6
2026-05-29 03:00:00,483.0,27.6
2026-05-29 04:00:00,444.0,21.7
2026-05-29 05:00:00,404.0,16.4
2026-05-29 06:00:00,375.0,13.5
2026-05-29 07:00:00,369.0,11.4
2026-05-29 08:00:00,375.0,11.6
2026-05-29 09:00:00,368.0,21.3
2026-05-29 10:00:00,334.0,49.8
2026-05-29 11:00:00,288.0,87.7
2026-05-29 12:00:00,254.0,84.4
2026-05-29 13:00:00,244.0,80.7
2026-05-29 14:00:00,247.0,75.4
2026-05-29 15:00:00,251.0,70.7
2026-05-29 16:00:00,254.0,67.3
2026-05-29 17:00:00,259.0,64.5
2026-05-29 18:00:00,262.0,62.1
2026-05-29 19:00:00,243.0,60.3
2026-05-29 20:00:00,221.0,59.0
2026-05-29 21:00:00,252.0,57.2
2026-05-29 22:00:00,391.0,55.3
2026-05-29 23:00:00,582.0,52.9
2026-05-30 00:00:00,718.0,40.9
2026-05-30 01:00:00,743.0,33.9
2026-05-30 02:00:00,713.0,24.3
2026-05-30 03:00:00,679.0,16.6
2026-05-30 04:00:00,668.0,12.6
2026-05-30 05:00:00,653.0,10.6
2026-05-30 06:00:00,614.0,10.1
2026-05-30 07:00:00,517.0,8.7
2026-05-30 08:00:00,395.0,8.7
2026-05-30 09:00:00,322.0,16.9
2026-05-30 10:00:00,341.0,41.8
2026-05-30 11:00:00,408.0,74.8
2026-05-30 12:00:00,470.0,58.1
2026-05-30 13:00:00,519.0,58.3
2026-05-30 14:00:00,563.0,58.2
2026-05-30 15:00:00,569.0,56.1
2026-05-30 16:00:00,508.0,50.2
2026-05-30 17:00:00,408.0,42.3
2026-05-30 18:00:00,325.0,35.8
2026-05-30 19:00:00,268.0,31.8
2026-05-30 20:00:00,227.0,29.2
2026-05-30 21:00:00,231.0,28.7
2026-05-30 22:00:00,327.0,32.5
2026-05-30 23:00:00,467.0,38.4
2026-05-31 00:00:00,536.0,39.3
2026-05-31 01:00:00,461.0,31.0
2026-05-31 02:00:00,315.0,19.6
2026-05-31 03:00:00,200.0,11.0
2026-05-31 04:00:00,157.0,7.7
2026-05-31 05:00:00,144.0,7.1
2026-05-31 06:00:00,142.0,7.5
2026-05-31 07:00:00,145.0,7.9
2026-05-31 08:00:00,158.0,9.2
2026-05-31 09:00:00,179.0,12.4
2026-05-31 10:00:00,214.0,19.4
2026-05-31 11:00:00,256.0,28.3
2026-05-31 12:00:00,290.0,26.4
2026-05-31 13:00:00,309.0,25.6
2026-05-31 14:00:00,318.0,24.4
2026-05-31 15:00:00,320.0,23.2
2026-05-31 16:00:00,308.0,22.1
2026-05-31 17:00:00,287.0,21.1
2026-05-31 18:00:00,276.0,20.3
2026-05-31 19:00:00,275.0,19.8
2026-05-31 20:00:00,284.0,19.6
2026-05-31 21:00:00,317.0,20.1
2026-05-31 22:00:00,410.0,22.4
2026-05-31 23:00:00,527.0,25.5
2026-06-01 00:00:00,572.0,22.9
2026-06-01 01:00:00,474.0,20.4
2026-06-01 02:00:00,305.0,16.8
2026-06-01 03:00:00,181.0,13.6
2026-06-01 04:00:00,158.0,10.9
2026-06-01 05:00:00,180.0,8.6
2026-06-01 06:00:00,200.0,7.7
2026-06-01 07:00:00,192.0,8.9
2026-06-01 08:00:00,181.0,11.6
2026-06-01 09:00:00,192.0,15.1
2026-06-01 10:00:00,251.0,20.1
2026-06-01 11:00:00,333.0,26.0
2026-06-01 12:00:00,382.0,34.4
2026-06-01 13:00:00,368.0,33.9
2026-06-01 14:00:00,321.0,33.1
2026-06-01 15:00:00,285.0,32.4
2026-06-01 16:00:00,272.0,31.4
2026-06-01 17:00:00,268.0,30.5
2026-06-01 18:00:00,278.0,30.3
2026-06-01 19:00:00,307.0,31.3
2026-06-01 20:00:00,350.0,33.1
2026-06-01 21:00:00,386.0,35.2
2026-06-01 22:00:00,412.0,38.6
2026-06-01 23:00:00,431.0,42.3
2026-06-02 00:00:00,442.0,38.6
2026-06-02 01:00:00,439.0,33.2
2026-06-02 02:00:00,426.0,25.7
2026-06-02 03:00:00,416.0,19.3
2026-06-02 04:00:00,420.0,14.7
2026-06-02 05:00:00,426.0,11.2
2026-06-02 06:00:00,411.0,9.5
2026-06-02 07:00:00,346.0,9.9
2026-06-02 08:00:00,259.0,12.0
2026-06-02 09:00:00,209.0,16.1
2026-06-02 10:00:00,235.0,23.7
2026-06-02 11:00:00,298.0,33.1
2026-06-02 12:00:00,335.0,35.8
2026-06-02 13:00:00,310.0,33.1
2026-06-02 14:00:00,259.0,29.4
2026-06-02 15:00:00,225.0,27.0
2026-06-02 16:00:00,227.0,26.7
2026-06-02 17:00:00,246.0,27.6
2026-06-02 18:00:00,266.0,29.2
2026-06-02 19:00:00,270.0,31.3
2026-06-02 20:00:00,274.0,34.1
2026-06-02 21:00:00,312.0,37.1
2026-06-02 22:00:00,428.0,41.8
2026-06-02 23:00:00,577.0,46.8
2026-06-03 00:00:00,663.0,37.1
2026-06-03 01:00:00,632.0,32.2
2026-06-03 02:00:00,537.0,25.3
2026-06-03 03:00:00,438.0,19.2
2026-06-03 04:00:00,344.0,14.6
2026-06-03 05:00:00,247.0,10.9
2026-06-03 06:00:00,182.0,9.0
2026-06-03 07:00:00,172.0,9.6
2026-06-03 08:00:00,194.0,12.1
2026-06-03 09:00:00,220.0,15.5
2026-06-03 10:00:00,243.0,20.2
2026-06-03 11:00:00,270.0,25.8
2026-06-03 12:00:00,291.0,32.0
2026-06-03 13:00:00,303.0,30.1
2026-06-03 14:00:00,309.0,27.4
2026-06-03 15:00:00,310.0,25.1
2026-06-03 16:00:00,302.0,23.4
2026-06-03 17:00:00,289.0,22.2
2026-06-03 18:00:00,278.0,21.7
2026-06-03 19:00:00,269.0,21.9
2026-06-03 20:00:00,262.0,23.0
2026-06-03 21:00:00,264.0,25.6
2026-06-03 22:00:00,285.0,32.3
2026-06-03 23:00:00,314.0,40.5
2026-06-04 00:00:00,325.0,34.5
2026-06-04 01:00:00,299.0,28.6
2026-06-04 02:00:00,254.0,20.5
2026-06-04 03:00:00,219.0,13.9
2026-06-04 04:00:00,207.0,10.2
2026-06-04 05:00:00,205.0,8.0
2026-06-04 06:00:00,205.0,7.2
2026-06-04 07:00:00,201.0,7.6
2026-06-04 08:00:00,198.0,9.2
2026-06-04 09:00:00,204.0,12.6
2026-06-04 10:00:00,228.0,19.0
2026-06-04 11:00:00,261.0,27.1
2026-06-04 12:00:00,285.0,31.9
2026-06-04 13:00:00,289.0,30.1
2026-06-04 14:00:00,283.0,27.6
2026-06-04 15:00:00,280.0,25.3
2026-06-04 16:00:00,289.0,23.3
2026-06-04 17:00:00,301.0,21.4
2026-06-04 18:00:00,304.0,20.1
2026-06-04 19:00:00,288.0,19.4
2026-06-04 20:00:00,262.0,19.3
2026-06-04 21:00:00,242.0,19.7
2026-06-04 22:00:00,237.0,21.4
2026-06-04 23:00:00,237.0,23.5
2026-06-05 00:00:00,232.0,29.3
2026-06-05 01:00:00,215.0,23.6
2026-06-05 02:00:00,193.0,15.7
2026-06-05 03:00:00,175.0,9.6
2026-06-05 04:00:00,165.0,6.8
2026-06-05 05:00:00,159.0,5.8
2026-06-05 06:00:00,156.0,5.9
2026-06-05 07:00:00,157.0,6.9
2026-06-05 08:00:00,162.0,8.9
2026-06-05 09:00:00,169.0,11.7
2026-06-05 10:00:00,181.0,16.0
2026-06-05 11:00:00,196.0,20.9
2026-06-05 12:00:00,207.0,22.6
2026-06-05 13:00:00,211.0,20.8
2026-06-05 14:00:00,211.0,18.3
2026-06-05 15:00:00,207.0,15.8
2026-06-05 16:00:00,198.0,13.4
2026-06-05 17:00:00,186.0,11.1
2026-06-05 18:00:00,178.0,9.5
2026-06-05 19:00:00,178.0,8.9
2026-06-05 20:00:00,182.0,8.9
2026-06-05 21:00:00,189.0,9.9
2026-06-05 22:00:00,203.0,12.8
2026-06-05 23:00:00,218.0,16.5
2026-06-06 00:00:00,222.0,17.0
2026-06-06 01:00:00,201.0,14.0
2026-06-06 02:00:00,168.0,9.7
2026-06-06 03:00:00,143.0,6.5
2026-06-06 04:00:00,135.0,5.0
2026-06-06 05:00:00,135.0,4.5
2026-06-06 06:00:00,137.0,4.8
2026-06-06 07:00:00,136.0,5.8
2026-06-06 08:00:00,136.0,7.7
2026-06-06 09:00:00,143.0,10.3
2026-06-06 10:00:00,164.0,14.5
2026-06-06 11:00:00,193.0,19.4
2026-06-06 12:00:00,215.0,21.7
2026-06-06 13:00:00,224.0,21.3
2026-06-06 14:00:00,227.0,20.8
2026-06-06 15:00:00,225.0,19.9
2026-06-06 16:00:00,215.0,18.5
2026-06-06 17:00:00,200.0,16.7
2026-06-06 18:00:00,193.0,15.5
2026-06-06 19:00:00,196.0,14.5
2026-06-06 20:00:00,207.0,13.9
2026-06-06 21:00:00,228.0,15.6
2026-06-06 22:00:00,276.0,22.6
2026-06-06 23:00:00,335.0,31.9
2026-06-07 00:00:00,358.0,27.7
2026-06-07 01:00:00,311.0,22.0
2026-06-07 02:00:00,228.0,14.2
2026-06-07 03:00:00,168.0,8.2
2026-06-07 04:00:00,158.0,5.7
2026-06-07 05:00:00,169.0,5.0
2026-06-07 06:00:00,178.0,5.1
2026-06-07 07:00:00,168.0,5.6
2026-06-07 08:00:00,155.0,7.0
2026-06-07 09:00:00,159.0,9.6
2026-06-07 10:00:00,199.0,14.4
2026-06-07 11:00:00,257.0,20.4
2026-06-07 12:00:00,295.0,22.6
2026-06-07 13:00:00,296.0,23.2
2026-06-07 14:00:00,277.0,23.9
2026-06-07 15:00:00,256.0,24.3
2026-06-07 16:00:00,231.0,23.9
2026-06-07 17:00:00,203.0,23.1
2026-06-07 18:00:00,192.0,22.9
2026-06-07 19:00:00,201.0,23.8
2026-06-07 20:00:00,227.0,25.3
2026-06-07 21:00:00,280.0,27.1
2026-06-07 22:00:00,381.0,30.0
2026-06-07 23:00:00,508.0,33.2
2026-06-08 00:00:00,605.0,29.6
2026-06-08 01:00:00,663.0,24.7
2026-06-08 02:00:00,690.0,17.9
2026-06-08 03:00:00,656.0,12.5
2026-06-08 04:00:00,511.0,9.4
2026-06-08 05:00:00,304.0,7.7
2026-06-08 06:00:00,156.0,7.4
2026-06-08 07:00:00,128.0,8.3
2026-06-08 08:00:00,159.0,10.5
2026-06-08 09:00:00,186.0,14.8
2026-06-08 10:00:00,172.0,22.4
2026-06-08 11:00:00,153.0,32.0
2026-06-08 12:00:00,174.0,56.4
2026-06-08 13:00:00,285.0,54.3
2026-06-08 14:00:00,435.0,51.2
2026-06-08 15:00:00,521.0,47.2
2026-06-08 16:00:00,471.0,41.6
2026-06-08 17:00:00,355.0,35.0
2026-06-08 18:00:00,283.0,30.0
2026-06-08 19:00:00,283.0,27.0
2026-06-08 20:00:00,327.0,25.5
2026-06-08 21:00:00,434.0,26.2
2026-06-08 22:00:00,683.0,31.6
2026-06-08 23:00:00,995.0,39.2
2026-06-09 00:00:00,1154.0,40.2
2026-06-09 01:00:00,1024.0,33.0
2026-06-09 02:00:00,741.0,23.1
2026-06-09 03:00:00,491.0,15.2
2026-06-09 04:00:00,333.0,11.2
2026-06-09 05:00:00,210.0,9.3
2026-06-09 06:00:00,134.0,8.9
2026-06-09 07:00:00,125.0,9.8
2026-06-09 08:00:00,165.0,12.1
2026-06-09 09:00:00,208.0,15.8
2026-06-09 10:00:00,244.0,22.0
2026-06-09 11:00:00,283.0,29.5
2026-06-09 12:00:00,316.0,32.4
2026-06-09 13:00:00,337.0,31.1
2026-06-09 14:00:00,352.0,29.3
2026-06-09 15:00:00,361.0,27.8
2026-06-09 16:00:00,360.0,26.8
2026-06-09 17:00:00,353.0,26.0
2026-06-09 18:00:00,362.0,25.3
2026-06-09 19:00:00,405.0,24.2
2026-06-09 20:00:00,463.0,23.3
2026-06-09 21:00:00,500.0,23.7
2026-06-09 22:00:00,506.0,27.6
2026-06-09 23:00:00,491.0,32.9
2026-06-10 00:00:00,450.0,30.8
2026-06-10 01:00:00,363.0,25.4
2026-06-10 02:00:00,249.0,18.0
2026-06-10 03:00:00,164.0,12.1
2026-06-10 04:00:00,132.0,9.2
2026-06-10 05:00:00,129.0,7.9
2026-06-10 06:00:00,137.0,7.8
2026-06-10 07:00:00,154.0,8.5
2026-06-10 08:00:00,182.0,10.3
2026-06-10 09:00:00,216.0,14.1
2026-06-10 10:00:00,259.0,22.0
2026-06-10 11:00:00,308.0,31.9
2026-06-10 12:00:00,345.0,45.0
2026-06-10 13:00:00,364.0,43.8
2026-06-10 14:00:00,371.0,41.9
2026-06-10 15:00:00,373.0,39.5
2026-06-10 16:00:00,363.0,35.8
2026-06-10 17:00:00,347.0,31.5
2026-06-10 18:00:00,346.0,28.6
2026-06-10 19:00:00,361.0,27.4
2026-06-10 20:00:00,393.0,27.6
2026-06-10 21:00:00,460.0,29.7
2026-06-10 22:00:00,619.0,36.5
2026-06-10 23:00:00,814.0,45.4
2026-06-11 00:00:00,901.0,38.1
2026-06-11 01:00:00,782.0,31.6
2026-06-11 02:00:00,555.0,22.5
2026-06-11 03:00:00,367.0,15.1
2026-06-11 04:00:00,271.0,10.9
2026-06-11 05:00:00,214.0,8.3
2026-06-11 06:00:00,181.0,7.2
2026-06-11 07:00:00,163.0,7.1
2026-06-11 08:00:00,169.0,8.4
2026-06-11 09:00:00,216.0,12.4
2026-06-11 10:00:00,349.0,21.1
2026-06-11 11:00:00,524.0,32.3
2026-06-11 12:00:00,622.0,44.1
2026-06-11 13:00:00,567.0,43.3
2026-06-11 14:00:00,436.0,42.1
2026-06-11 15:00:00,340.0,40.5
2026-06-11 16:00:00,327.0,38.7
2026-06-11 17:00:00,349.0,36.4
2026-06-11 18:00:00,377.0,33.5
2026-06-11 19:00:00,416.0,28.5
2026-06-11 20:00:00,461.0,22.7
2026-06-11 21:00:00,469.0,20.0
2026-06-11 22:00:00,403.0,23.9
2026-06-11 23:00:00,299.0,30.8
2026-06-12 00:00:00,223.0,25.9
2026-06-12 01:00:00,208.0,22.3
2026-06-12 02:00:00,220.0,17.3
2026-06-12 03:00:00,229.0,13.4
2026-06-12 04:00:00,219.0,11.5
2026-06-12 05:00:00,205.0,10.7
2026-06-12 06:00:00,198.0,11.2
2026-06-12 07:00:00,200.0,12.7
2026-06-12 08:00:00,209.0,15.4
2026-06-12 09:00:00,229.0,20.5
2026-06-12 10:00:00,269.0,30.1
2026-06-12 11:00:00,319.0,42.0
2026-06-12 12:00:00,358.0,51.6
2026-06-12 13:00:00,378.0,52.7
2026-06-12 14:00:00,386.0,54.3
2026-06-12 15:00:00,381.0,55.3
2026-06-12 16:00:00,353.0,55.3
2026-06-12 17:00:00,311.0,54.7
2026-06-12 18:00:00,280.0,53.9
2026-06-12 19:00:00,262.0,52.6
2026-06-12 20:00:00,255.0,51.1
2026-06-12 21:00:00,275.0,50.1
2026-06-12 22:00:00,357.0,51.4
2026-06-12 23:00:00,465.0,53.3
2026-06-13 00:00:00,513.0,41.7
2026-06-13 01:00:00,440.0,33.0
2026-06-13 02:00:00,305.0,21.0
2026-06-13 03:00:00,204.0,11.8
2026-06-13 04:00:00,178.0,7.8
2026-06-13 05:00:00,184.0,6.7
2026-06-13 06:00:00,192.0,7.1
2026-06-13 07:00:00,185.0,8.6
2026-06-13 08:00:00,178.0,11.6
2026-06-13 09:00:00,188.0,16.6
2026-06-13 10:00:00,218.0,24.7
2026-06-13 11:00:00,264.0,34.7
2026-06-13 12:00:00,331.0,52.7
2026-06-13 13:00:00,450.0,53.3
2026-06-13 14:00:00,589.0,53.8
2026-06-13 15:00:00,659.0,52.7
2026-06-13 16:00:00,594.0,48.6
2026-06-13 17:00:00,460.0,42.9
2026-06-13 18:00:00,358.0,37.8
2026-06-13 19:00:00,332.0,33.4
2026-06-13 20:00:00,338.0,29.6
2026-06-13 21:00:00,349.0,28.6
2026-06-13 22:00:00,364.0,33.9
2026-06-13 23:00:00,382.0,42.2
2026-06-14 00:00:00,379.0,36.7
2026-06-14 01:00:00,330.0,29.8
2026-06-14 02:00:00,259.0,20.1
2026-06-14 03:00:00,208.0,12.4
2026-06-14 04:00:00,202.0,8.3
2026-06-14 05:00:00,217.0,6.2
2026-06-14 06:00:00,225.0,5.2
2026-06-14 07:00:00,204.0,5.3
2026-06-14 08:00:00,176.0,6.6
2026-06-14 09:00:00,178.0,8.8
2026-06-14 10:00:00,245.0,12.7
2026-06-14 11:00:00,341.0,17.5
2026-06-14 12:00:00,398.0,21.0
2026-06-14 13:00:00,376.0,21.3
2026-06-14 14:00:00,315.0,21.6
2026-06-14 15:00:00,267.0,21.9
2026-06-14 16:00:00,252.0,21.9
2026-06-14 17:00:00,249.0,21.7
2026-06-14 18:00:00,249.0,21.7
2026-06-14 19:00:00,246.0,21.8
2026-06-14 20:00:00,245.0,22.0
2026-06-14 21:00:00,256.0,22.8
2026-06-14 22:00:00,294.0,25.4
2026-06-14 23:00:00,342.0,28.6
2026-06-15 00:00:00,361.0,25.6
2026-06-15 01:00:00,321.0,21.6
2026-06-15 02:00:00,251.0,16.0
2026-06-15 03:00:00,197.0,11.5
2026-06-15 04:00:00,178.0,8.9
2026-06-15 05:00:00,174.0,7.3
2026-06-15 06:00:00,175.0,7.0
2026-06-15 07:00:00,168.0,7.9
2026-06-15 08:00:00,165.0,10.0
2026-06-15 09:00:00,188.0,13.4
2026-06-15 10:00:00,267.0,19.2
2026-06-15 11:00:00,371.0,26.2
2026-06-15 12:00:00,434.0,27.2
2026-06-15 13:00:00,413.0,26.5
2026-06-15 14:00:00,351.0,25.6
2026-06-15 15:00:00,305.0,25.3
2026-06-15 16:00:00,297.0,26.2
2026-06-15 17:00:00,305.0,27.7
2026-06-15 18:00:00,319.0,29.4
2026-06-15 19:00:00,325.0,30.9
2026-06-15 20:00:00,338.0,32.6
2026-06-15 21:00:00,385.0,35.1
2026-06-15 22:00:00,515.0,40.7
2026-06-15 23:00:00,679.0,47.1
2026-06-16 00:00:00,769.0,36.7
2026-06-16 01:00:00,720.0,31.2
2026-06-16 02:00:00,595.0,23.6
2026-06-16 03:00:00,475.0,17.1
2026-06-16 04:00:00,380.0,12.8
2026-06-16 05:00:00,289.0,9.7
2026-06-16 06:00:00,222.0,8.3
2026-06-16 07:00:00,191.0,8.9
2026-06-16 08:00:00,183.0,11.2
2026-06-16 09:00:00,178.0,14.8
2026-06-16 10:00:00,165.0,20.6
2026-06-16 11:00:00,155.0,27.6
2026-06-16 12:00:00,163.0,40.2
2026-06-16 13:00:00,206.0,43.0
2026-06-16 14:00:00,267.0,46.5
2026-06-16 15:00:00,314.0,47.6
2026-06-16 16:00:00,328.0,43.8
2026-06-16 17:00:00,327.0,37.5
2026-06-16 18:00:00,339.0,32.4
2026-06-16 19:00:00,379.0,29.3
2026-06-16 20:00:00,431.0,27.5
2026-06-16 21:00:00,471.0,28.2
2026-06-16 22:00:00,497.0,34.9
2026-06-16 23:00:00,510.0,44.2
2026-06-17 00:00:00,491.0,42.3
2026-06-17 01:00:00,414.0,34.2
2026-06-17 02:00:00,304.0,23.0
2026-06-17 03:00:00,224.0,14.1
2026-06-17 04:00:00,202.0,9.7
2026-06-17 05:00:00,210.0,7.7
2026-06-17 06:00:00,218.0,7.2
2026-06-17 07:00:00,216.0,7.8
2026-06-17 08:00:00,214.0,9.9
2026-06-17 09:00:00,218.0,14.0
2026-06-17 10:00:00,230.0,22.0
2026-06-17 11:00:00,247.0,32.0
2026-06-17 12:00:00,266.0,35.8
2026-06-17 13:00:00,291.0,35.2
2026-06-17 14:00:00,318.0,34.4
2026-06-17 15:00:00,334.0,33.1
2026-06-17 16:00:00,324.0,30.9
2026-06-17 17:00:00,303.0,28.3
2026-06-17 18:00:00,306.0,26.7
2026-06-17 19:00:00,353.0,26.3
2026-06-17 20:00:00,424.0,26.9
2026-06-17 21:00:00,491.0,29.4
2026-06-17 22:00:00,564.0,36.5
2026-06-17 23:00:00,634.0,45.5
2026-06-18 00:00:00,641.0,38.3
2026-06-18 01:00:00,531.0,32.0
2026-06-18 02:00:00,358.0,23.3
2026-06-18 03:00:00,228.0,16.2
2026-06-18 04:00:00,186.0,12.3
2026-06-18 05:00:00,185.0,10.0
2026-06-18 06:00:00,194.0,9.2
2026-06-18 07:00:00,197.0,9.9
2026-06-18 08:00:00,210.0,11.9
2026-06-18 09:00:00,239.0,15.1
2026-06-18 10:00:00,303.0,20.0
2026-06-18 11:00:00,384.0,26.1
2026-06-18 12:00:00,438.0,30.1
2026-06-18 13:00:00,445.0,32.0
2026-06-18 14:00:00,425.0,34.7
2026-06-18 15:00:00,395.0,36.7
2026-06-18 16:00:00,347.0,37.4
2026-06-18 17:00:00,288.0,37.3
2026-06-18 18:00:00,258.0,36.9
2026-06-18 19:00:00,262.0,35.5
2026-06-18 20:00:00,295.0,33.7
2026-06-18 21:00:00,382.0,33.7
2026-06-18 22:00:00,575.0,38.1
2026-06-18 23:00:00,822.0,44.2
2026-06-19 00:00:00,986.0,39.8
2026-06-19 01:00:00,1014.0,34.0
2026-06-19 02:00:00,960.0,25.8
2026-06-19 03:00:00,848.0,18.8
2026-06-19 04:00:00,643.0,14.0
2026-06-19 05:00:00,381.0,10.5
2026-06-19 06:00:00,194.0,8.7
2026-06-19 07:00:00,149.0,9.0
2026-06-19 08:00:00,180.0,11.1
2026-06-19 09:00:00,216.0,14.5
2026-06-19 10:00:00,238.0,20.1
2026-06-19 11:00:00,265.0,26.9
2026-06-19 12:00:00,287.0,27.0
2026-06-19 13:00:00,298.0,26.6
2026-06-19 14:00:00,303.0,26.1
2026-06-19 15:00:00,312.0,25.4
2026-06-19 16:00:00,331.0,24.2
2026-06-19 17:00:00,353.0,22.9
2026-06-19 18:00:00,368.0,22.5
2026-06-19 19:00:00,366.0,23.3
2026-06-19 20:00:00,357.0,24.9
2026-06-19 21:00:00,353.0,27.6
2026-06-19 22:00:00,370.0,33.3
2026-06-19 23:00:00,392.0,39.9
2026-06-20 00:00:00,390.0,37.2
2026-06-20 01:00:00,340.0,30.2
2026-06-20 02:00:00,265.0,20.4
2026-06-20 03:00:00,208.0,12.8
2026-06-20 04:00:00,188.0,9.2
2026-06-20 05:00:00,186.0,7.7
2026-06-20 06:00:00,189.0,7.3
2026-06-20 07:00:00,190.0,7.9
2026-06-20 08:00:00,196.0,9.6
2026-06-20 09:00:00,213.0,11.9
2026-06-20 10:00:00,253.0,14.6
2026-06-20 11:00:00,304.0,17.9
2026-06-20 12:00:00,333.0,29.5
2026-06-20 13:00:00,320.0,28.7
2026-06-20 14:00:00,285.0,27.5
2026-06-20 15:00:00,260.0,26.6
2026-06-20 16:00:00,248.0,25.9
2026-06-20 17:00:00,246.0,25.5
2026-06-20 18:00:00,275.0,25.7
2026-06-20 19:00:00,361.0,26.9
2026-06-20 20:00:00,478.0,28.8
2026-06-20 21:00:00,574.0,31.1
2026-06-20 22:00:00,643.0,35.3
2026-06-20 23:00:00,691.0,39.9
2026-06-21 00:00:00,677.0,25.8
2026-06-21 01:00:00,551.0,20.8
2026-06-21 02:00:00,364.0,14.0
2026-06-21 03:00:00,225.0,8.6
2026-06-21 04:00:00,188.0,6.1
2026-06-21 05:00:00,200.0,5.1
2026-06-21 06:00:00,207.0,4.9
2026-06-21 07:00:00,178.0,5.3
2026-06-21 08:00:00,144.0,6.6
2026-06-21 09:00:00,145.0,8.5
2026-06-21 10:00:00,218.0,11.5
2026-06-21 11:00:00,325.0,15.2
2026-06-21 12:00:00,393.0,18.5
2026-06-21 13:00:00,379.0,17.4
2026-06-21 14:00:00,326.0,16.0
2026-06-21 15:00:00,293.0,15.1
2026-06-21 16:00:00,304.0,15.3
2026-06-21 17:00:00,334.0,16.0
2026-06-21 18:00:00,370.0,16.5
2026-06-21 19:00:00,423.0,16.6
2026-06-21 20:00:00,480.0,16.5
2026-06-21 21:00:00,493.0,16.6
2026-06-21 22:00:00,421.0,17.5
2026-06-21 23:00:00,303.0,18.6
2026-06-22 00:00:00,210.0,20.2
2026-06-22 01:00:00,169.0,16.8
2026-06-22 02:00:00,153.0,12.0
2026-06-22 03:00:00,145.0,8.3
2026-06-22 04:00:00,144.0,6.4
2026-06-22 05:00:00,151.0,5.5
2026-06-22 06:00:00,156.0,5.5
2026-06-22 07:00:00,150.0,6.3
2026-06-22 08:00:00,143.0,7.9
2026-06-22 09:00:00,151.0,10.5
2026-06-22 10:00:00,192.0,14.8
2026-06-22 11:00:00,249.0,20.1
2026-06-22 12:00:00,288.0,23.2
2026-06-22 13:00:00,291.0,23.0
2026-06-22 14:00:00,277.0,22.6
2026-06-22 15:00:00,267.0,22.7
2026-06-22 16:00:00,273.0,23.5
2026-06-22 17:00:00,282.0,24.8
2026-06-22 18:00:00,281.0,25.4
2026-06-22 19:00:00,257.0,24.7
2026-06-22 20:00:00,223.0,23.4
2026-06-22 21:00:00,199.0,23.1
2026-06-22 22:00:00,197.0,25.4
2026-06-22 23:00:00,204.0,28.6
2026-06-23 00:00:00,210.0,24.6
2026-06-23 01:00:00,208.0,20.8
2026-06-23 02:00:00,203.0,15.5
2026-06-23 03:00:00,200.0,11.2
2026-06-23 04:00:00,201.0,8.7
2026-06-23 05:00:00,203.0,7.3
2026-06-23 06:00:00,200.0,7.3
2026-06-23 07:00:00,183.0,8.7
2026-06-23 08:00:00,160.0,11.5
2026-06-23 09:00:00,151.0,15.6
2026-06-23 10:00:00,167.0,22.0
2026-06-23 11:00:00,197.0,29.7
2026-06-23 12:00:00,226.0,29.7
2026-06-23 13:00:00,251.0,40.4
2026-06-23 14:00:00,276.0,54.6
2026-06-23 15:00:00,290.0,61.8
2026-06-23 16:00:00,289.0,55.2
2026-06-23 17:00:00,278.0,41.6
2026-06-23 18:00:00,265.0,30.3
2026-06-23 19:00:00,247.0,24.4
2026-06-23 20:00:00,226.0,20.7
2026-06-23 21:00:00,216.0,19.5
2026-06-23 22:00:00,231.0,22.8
2026-06-23 23:00:00,256.0,28.4
2026-06-24 00:00:00,268.0,26.2
2026-06-24 01:00:00,250.0,21.0
2026-06-24 02:00:00,219.0,13.8
2026-06-24 03:00:00,194.0,8.3
2026-06-24 04:00:00,185.0,5.9
2026-06-24 05:00:00,182.0,5.2
2026-06-24 06:00:00,179.0,5.4
2026-06-24 07:00:00,170.0,6.4
2026-06-24 08:00:00,161.0,8.3
2026-06-24 09:00:00,165.0,11.3
2026-06-24 10:00:00,192.0,16.2
2026-06-24 11:00:00,232.0,22.2
2026-06-24 12:00:00,264.0,26.8
2026-06-24 13:00:00,281.0,28.7
2026-06-24 14:00:00,291.0,29.2
2026-06-24 15:00:00,296.0,29.5
2026-06-24 16:00:00,297.0,30.0
2026-06-24 17:00:00,292.0,30.4
2026-06-24 18:00:00,286.0,30.9
2026-06-24 19:00:00,274.0,31.3
2026-06-24 20:00:00,260.0,31.9
2026-06-24 21:00:00,255.0,33.5
2026-06-24 22:00:00,272.0,38.5
2026-06-24 23:00:00,300.0,44.6
2026-06-25 00:00:00,311.0,46.0
2026-06-25 01:00:00,290.0,38.4
2026-06-25 02:00:00,254.0,26.2
2026-06-25 03:00:00,225.0,16.2
2026-06-25 04:00:00,214.0,11.1
2026-06-25 05:00:00,211.0,8.4
2026-06-25 06:00:00,208.0,7.1
2026-06-25 07:00:00,200.0,7.0
2026-06-25 08:00:00,194.0,8.5
2026-06-25 09:00:00,198.0,11.7
2026-06-25 10:00:00,224.0,18.0
2026-06-25 11:00:00,261.0,26.1
2026-06-25 12:00:00,289.0,40.2
2026-06-25 13:00:00,298.0,38.4
2026-06-25 14:00:00,299.0,35.9
2026-06-25 15:00:00,297.0,34.0
2026-06-25 16:00:00,294.0,33.5
2026-06-25 17:00:00,290.0,33.6
2026-06-25 18:00:00,290.0,33.8
2026-06-25 19:00:00,300.0,33.7
2026-06-25 20:00:00,315.0,33.7
2026-06-25 21:00:00,325.0,34.6
2026-06-25 22:00:00,329.0,38.5
2026-06-25 23:00:00,328.0,43.4
2026-06-26 00:00:00,317.0,36.4
2026-06-26 01:00:00,285.0,29.5
2026-06-26 02:00:00,242.0,20.0
2026-06-26 03:00:00,213.0,12.4
2026-06-26 04:00:00,215.0,8.5
2026-06-26 05:00:00,232.0,6.6
2026-06-26 06:00:00,238.0,6.0
2026-06-26 07:00:00,212.0,6.6
2026-06-26 08:00:00,174.0,8.5
2026-06-26 09:00:00,167.0,11.5
2026-06-26 10:00:00,224.0,16.5
2026-06-26 11:00:00,310.0,22.6
2026-06-26 12:00:00,363.0,26.0
2026-06-26 13:00:00,348.0,25.8
2026-06-26 14:00:00,300.0,25.5
2026-06-26 15:00:00,261.0,24.5
2026-06-26 16:00:00,248.0,22.3
2026-06-26 17:00:00,244.0,19.5
2026-06-26 18:00:00,243.0,17.3
2026-06-26 19:00:00,245.0,15.6
2026-06-26 20:00:00,250.0,14.5
2026-06-26 21:00:00,257.0,15.9
2026-06-26 22:00:00,271.0,23.1
2026-06-26 23:00:00,287.0,32.9
2026-06-27 00:00:00,288.0,35.1
2026-06-27 01:00:00,258.0,28.1
2026-06-27 02:00:00,213.0,18.3
2026-06-27 03:00:00,186.0,10.8
2026-06-27 04:00:00,199.0,7.4
2026-06-27 05:00:00,230.0,6.1
2026-06-27 06:00:00,246.0,6.1
2026-06-27 07:00:00,225.0,6.9
2026-06-27 08:00:00,189.0,8.9
2026-06-27 09:00:00,172.0,12.1
2026-06-27 10:00:00,194.0,17.1
2026-06-27 11:00:00,235.0,23.3
2026-06-27 12:00:00,268.0,26.8
2026-06-27 13:00:00,285.0,27.7
2026-06-27 14:00:00,293.0,28.8
2026-06-27 15:00:00,286.0,29.6
2026-06-27 16:00:00,243.0,29.6
2026-06-27 17:00:00,186.0,29.3
2026-06-27 18:00:00,172.0,29.0
2026-06-27 19:00:00,243.0,29.0
2026-06-27 20:00:00,358.0,29.0
2026-06-27 21:00:00,449.0,29.4
2026-06-27 22:00:00,503.0,31.1
2026-06-27 23:00:00,532.0,33.0
2026-06-28 00:00:00,512.0,29.8
2026-06-28 01:00:00,402.0,24.8
2026-06-28 02:00:00,241.0,17.8
2026-06-28 03:00:00,125.0,12.1
2026-06-28 04:00:00,96.0,8.8
2026-06-28 05:00:00,111.0,6.7
2026-06-28 06:00:00,132.0,5.8
2026-06-28 07:00:00,150.0,6.1
2026-06-28 08:00:00,173.0,7.6
2026-06-28 09:00:00,194.0,10.3
2026-06-28 10:00:00,205.0,14.9
2026-06-28 11:00:00,214.0,20.7
2026-06-28 12:00:00,227.0,25.8
2026-06-28 13:00:00,246.0,29.8
2026-06-28 14:00:00,270.0,33.1
2026-06-28 15:00:00,306.0,35.0
2026-06-28 16:00:00,363.0,34.6
2026-06-28 17:00:00,432.0,32.7
2026-06-28 18:00:00,487.0,31.1
2026-06-28 19:00:00,519.0,30.3
2026-06-28 20:00:00,536.0,29.7
2026-06-28 21:00:00,544.0,29.8
2026-06-28 22:00:00,542.0,31.7
2026-06-28 23:00:00,530.0,34.3
2026-06-29 00:00:00,510.0,26.7
2026-06-29 01:00:00,484.0,24.0
2026-06-29 02:00:00,450.0,20.2
2026-06-29 03:00:00,400.0,16.6
2026-06-29 04:00:00,315.0,13.0
2026-06-29 05:00:00,214.0,9.5
2026-06-29 06:00:00,146.0,7.8
2026-06-29 07:00:00,131.0,8.1
2026-06-29 08:00:00,150.0,10.2
2026-06-29 09:00:00,193.0,14.7
2026-06-29 10:00:00,280.0,23.7
2026-06-29 11:00:00,390.0,35.1
2026-06-29 12:00:00,457.0,37.5
2026-06-29 13:00:00,436.0,37.0
2026-06-29 14:00:00,371.0,36.4
2026-06-29 15:00:00,326.0,35.5
2026-06-29 16:00:00,324.0,34.2
2026-06-29 17:00:00,341.0,32.7
2026-06-29 18:00:00,379.0,31.8
2026-06-29 19:00:00,447.0,31.7
2026-06-29 20:00:00,534.0,32.2
2026-06-29 21:00:00,608.0,33.7
2026-06-29 22:00:00,664.0,37.8
2026-06-29 23:00:00,707.0,42.8
2026-06-30 00:00:00,719.0,42.5
2026-06-30 01:00:00,678.0,37.1
2026-06-30 02:00:00,605.0,29.5
2026-06-30 03:00:00,553.0,22.8
2026-06-30 04:00:00,559.0,17.8
2026-06-30 05:00:00,585.0,13.6
2026-06-30 06:00:00,566.0,11.4
2026-06-30 07:00:00,437.0,10.5
2026-06-30 08:00:00,263.0,11.5
2026-06-30 09:00:00,177.0,17.0
2026-06-30 10:00:00,273.0,30.8
2026-06-30 11:00:00,457.0,49.0
2026-06-30 12:00:00,572.0,46.2
2026-06-30 13:00:00,519.0,45.5
2026-06-30 14:00:00,398.0,44.5
2026-06-30 15:00:00,349.0,43.1
2026-06-30 16:00:00,469.0,40.6
2026-06-30 17:00:00,661.0,37.7
2026-06-30 18:00:00,776.0,36.9
2026-06-30 19:00:00,736.0,39.7
2026-06-30 20:00:00,619.0,44.6
2026-06-30 21:00:00,515.0,49.4
2026-06-30 22:00:00,455.0,54.7
2026-06-30 23:00:00,407.0,59.8
2026-07-01 00:00:00,373.0,59.9
2026-07-01 01:00:00,357.0,52.0
2026-07-01 02:00:00,354.0,40.8
2026-07-01 03:00:00,348.0,30.8
2026-07-01 04:00:00,330.0,23.1
2026-07-01 05:00:00,309.0,16.6
2026-07-01 06:00:00,291.0,12.5
2026-07-01 07:00:00,278.0,11.4
2026-07-01 08:00:00,269.0,12.6
2026-07-01 09:00:00,260.0,15.9
2026-07-01 10:00:00,242.0,22.2
2026-07-01 11:00:00,225.0,30.6
2026-07-01 12:00:00,240.0,27.4
2026-07-01 13:00:00,318.0,29.3
2026-07-01 14:00:00,427.0,31.9
2026-07-01 15:00:00,502.0,33.0
2026-07-01 16:00:00,486.0,31.3
2026-07-01 17:00:00,435.0,28.1
2026-07-01 18:00:00,452.0,26.1
2026-07-01 19:00:00,622.0,25.6
2026-07-01 20:00:00,859.0,26.2
2026-07-01 21:00:00,1008.0,28.9
2026-07-01 22:00:00,977.0,36.7
2026-07-01 23:00:00,857.0,46.5
2026-07-02 00:00:00,774.0,40.4
2026-07-02 01:00:00,809.0,33.5
2026-07-02 02:00:00,879.0,23.8
2026-07-02 03:00:00,863.0,16.0
2026-07-02 04:00:00,660.0,11.6
2026-07-02 05:00:00,371.0,9.0
2026-07-02 06:00:00,170.0,8.1
2026-07-02 07:00:00,153.0,8.5
2026-07-02 08:00:00,225.0,10.5
2026-07-02 09:00:00,272.0,14.7
2026-07-02 10:00:00,237.0,22.8
2026-07-02 11:00:00,177.0,33.1
2026-07-02 12:00:00,155.0,33.0
2026-07-02 13:00:00,213.0,35.7
2026-07-02 14:00:00,309.0,39.3
2026-07-02 15:00:00,380.0,41.3
2026-07-02 16:00:00,378.0,40.1
2026-07-02 17:00:00,351.0,37.2
2026-07-02 18:00:00,382.0,34.6
2026-07-02 19:00:00,533.0,32.0
2026-07-02 20:00:00,742.0,29.7
2026-07-02 21:00:00,911.0,30.0
2026-07-02 22:00:00,1029.0,36.6
2026-07-02 23:00:00,1107.0,45.9
2026-07-03 00:00:00,1073.0,39.5
2026-07-03 01:00:00,836.0,31.5
2026-07-03 02:00:00,489.0,20.5
2026-07-03 03:00:00,236.0,12.0
2026-07-03 04:00:00,181.0,8.2
2026-07-03 05:00:00,221.0,6.9
2026-07-03 06:00:00,255.0,6.9
2026-07-03 07:00:00,233.0,7.6
2026-07-03 08:00:00,204.0,9.7
2026-07-03 09:00:00,220.0,13.7
2026-07-03 10:00:00,333.0,21.0
2026-07-03 11:00:00,490.0,30.2
2026-07-03 12:00:00,582.0,39.1
2026-07-03 13:00:00,546.0,40.7
2026-07-03 14:00:00,446.0,42.7
2026-07-03 15:00:00,360.0,42.4
2026-07-03 16:00:00,317.0,37.6
2026-07-03 17:00:00,289.0,30.5
2026-07-03 18:00:00,269.0,24.9
2026-07-03 19:00:00,254.0,21.8
2026-07-03 20:00:00,247.0,20.1
2026-07-03 21:00:00,246.0,20.7
2026-07-03 22:00:00,257.0,26.2
2026-07-03 23:00:00,273.0,34.1
2026-07-04 00:00:00,274.0,30.3
2026-07-04 01:00:00,242.0,23.8
2026-07-04 02:00:00,195.0,14.8
2026-07-04 03:00:00,161.0,7.9
2026-07-04 04:00:00,155.0,5.2
2026-07-04 05:00:00,163.0,4.6
2026-07-04 06:00:00,172.0,4.9
2026-07-04 07:00:00,173.0,5.3
2026-07-04 08:00:00,175.0,6.7
2026-07-04 09:00:00,189.0,10.1
2026-07-04 10:00:00,226.0,16.9
2026-07-04 11:00:00,274.0,25.8
2026-07-04 12:00:00,310.0,27.1
2026-07-04 13:00:00,322.0,32.1
2026-07-04 14:00:00,320.0,38.9
2026-07-04 15:00:00,316.0,42.5
2026-07-04 16:00:00,312.0,40.3
2026-07-04 17:00:00,304.0,35.0
2026-07-04 18:00:00,292.0,29.9
2026-07-04 19:00:00,268.0,25.0
2026-07-04 20:00:00,239.0,20.3
2026-07-04 21:00:00,224.0,18.6
2026-07-04 22:00:00,239.0,23.6
2026-07-04 23:00:00,269.0,31.6
2026-07-05 00:00:00,278.0,24.0
2026-07-05 01:00:00,246.0,19.1
2026-07-05 02:00:00,195.0,12.4
2026-07-05 03:00:00,156.0,7.2
2026-07-05 04:00:00,144.0,5.1
2026-07-05 05:00:00,144.0,4.6
2026-07-05 06:00:00,147.0,4.8
2026-07-05 07:00:00,143.0,5.3
2026-07-05 08:00:00,141.0,6.6
2026-07-05 09:00:00,161.0,8.9
2026-07-05 10:00:00,230.0,13.2
2026-07-05 11:00:00,320.0,18.7
2026-07-05 12:00:00,372.0,18.0
2026-07-05 13:00:00,346.0,19.3
2026-07-05 14:00:00,282.0,21.1
2026-07-05 15:00:00,232.0,22.2
2026-07-05 16:00:00,220.0,21.6
2026-07-05 17:00:00,223.0,20.2
2026-07-05 18:00:00,228.0,19.7
2026-07-05 19:00:00,230.0,20.8
2026-07-05 20:00:00,235.0,22.9
2026-07-05 21:00:00,240.0,25.4
2026-07-05 22:00:00,252.0,29.5
2026-07-05 23:00:00,264.0,34.1
2026-07-06 00:00:00,264.0,23.8
2026-07-06 01:00:00,236.0,20.5
2026-07-06 02:00:00,195.0,16.0
2026-07-06 03:00:00,169.0,12.2
2026-07-06 04:00:00,179.0,9.6
2026-07-06 05:00:00,204.0,7.8
2026-07-06 06:00:00,214.0,7.2
2026-07-06 07:00:00,182.0,7.9
2026-07-06 08:00:00,134.0,9.9
2026-07-06 09:00:00,119.0,13.5
2026-07-06 10:00:00,172.0,20.2
2026-07-06 11:00:00,258.0,28.6
2026-07-06 12:00:00,317.0,35.0
2026-07-06 13:00:00,320.0,35.9
2026-07-06 14:00:00,298.0,37.1
2026-07-06 15:00:00,280.0,37.1
2026-07-06 16:00:00,279.0,34.8
2026-07-06 17:00:00,283.0,31.4
2026-07-06 18:00:00,290.0,28.9
2026-07-06 19:00:00,292.0,28.0
2026-07-06 20:00:00,297.0,28.1
2026-07-06 21:00:00,328.0,29.5
2026-07-06 22:00:00,409.0,33.9
2026-07-06 23:00:00,516.0,39.6
2026-07-07 00:00:00,595.0,40.2
2026-07-07 01:00:00,635.0,33.7
2026-07-07 02:00:00,646.0,24.6
2026-07-07 03:00:00,608.0,17.1
2026-07-07 04:00:00,480.0,12.5
2026-07-07 05:00:00,304.0,9.4
2026-07-07 06:00:00,178.0,8.1
2026-07-07 07:00:00,152.0,8.5
2026-07-07 08:00:00,178.0,10.7
2026-07-07 09:00:00,208.0,14.8
2026-07-07 10:00:00,234.0,22.6
2026-07-07 11:00:00,266.0,32.3
2026-07-07 12:00:00,281.0,34.7
2026-07-07 13:00:00,250.0,34.3
2026-07-07 14:00:00,203.0,33.7
2026-07-07 15:00:00,210.0,32.8
2026-07-07 16:00:00,335.0,31.2
2026-07-07 17:00:00,514.0,29.2
2026-07-07 18:00:00,623.0,27.6
2026-07-07 19:00:00,570.0,26.3
2026-07-07 20:00:00,447.0,25.3
2026-07-07 21:00:00,407.0,25.6
2026-07-07 22:00:00,577.0,29.2
2026-07-07 23:00:00,830.0,34.0
2026-07-08 00:00:00,934.0,36.1
2026-07-08 01:00:00,732.0,30.0
2026-07-08 02:00:00,382.0,21.6
2026-07-08 03:00:00,124.0,14.7
2026-07-08 04:00:00,68.0,10.7
2026-07-08 05:00:00,103.0,8.2
2026-07-08 06:00:00,141.0,7.3
2026-07-08 07:00:00,146.0,7.8
2026-07-08 08:00:00,154.0,9.9
2026-07-08 09:00:00,175.0,14.4
2026-07-08 10:00:00,229.0,23.5
2026-07-08 11:00:00,297.0,34.9
2026-07-08 12:00:00,336.0,30.8
2026-07-08 13:00:00,320.0,30.5
2026-07-08 14:00:00,276.0,30.0
2026-07-08 15:00:00,235.0,29.1
2026-07-08 16:00:00,201.0,27.2
2026-07-08 17:00:00,171.0,24.8
2026-07-08 18:00:00,168.0,23.3
2026-07-08 19:00:00,206.0,22.8
2026-07-08 20:00:00,270.0,23.1
2026-07-08 21:00:00,341.0,25.5
2026-07-08 22:00:00,419.0,32.7
2026-07-08 23:00:00,504.0,41.9
2026-07-09 00:00:00,570.0,44.8
2026-07-09 01:00:00,624.0,37.1
2026-07-09 02:00:00,660.0,26.3
2026-07-09 03:00:00,637.0,17.4
2026-07-09 04:00:00,503.0,12.2
2026-07-09 05:00:00,309.0,8.9
2026-07-09 06:00:00,167.0,7.4
2026-07-09 07:00:00,123.0,7.6
2026-07-09 08:00:00,130.0,9.6
2026-07-09 09:00:00,168.0,13.7
2026-07-09 10:00:00,253.0,21.6
2026-07-09 11:00:00,368.0,31.5
2026-07-09 12:00:00,437.0,29.6
2026-07-09 13:00:00,414.0,29.1
2026-07-09 14:00:00,344.0,28.5
2026-07-09 15:00:00,290.0,27.7
2026-07-09 16:00:00,252.0,26.8
2026-07-09 17:00:00,229.0,25.7
2026-07-09 18:00:00,278.0,25.1
2026-07-09 19:00:00,474.0,24.6
2026-07-09 20:00:00,743.0,24.4
2026-07-09 21:00:00,917.0,25.9
2026-07-09 22:00:00,913.0,31.7
2026-07-09 23:00:00,814.0,39.1
2026-07-10 00:00:00,704.0,38.2
2026-07-10 01:00:00,602.0,31.4
2026-07-10 02:00:00,489.0,21.9
2026-07-10 03:00:00,385.0,14.3
2026-07-10 04:00:00,293.0,10.1
2026-07-10 05:00:00,212.0,7.7
2026-07-10 06:00:00,157.0,6.8
2026-07-10 07:00:00,133.0,7.1
2026-07-10 08:00:00,136.0,9.0
2026-07-10 09:00:00,169.0,13.2
2026-07-10 10:00:00,259.0,21.9
2026-07-10 11:00:00,379.0,33.0
2026-07-10 12:00:00,449.0,34.4
2026-07-10 13:00:00,417.0,34.8
2026-07-10 14:00:00,334.0,35.1
2026-07-10 15:00:00,276.0,34.6
2026-07-10 16:00:00,269.0,32.1
2026-07-10 17:00:00,286.0,28.6
2026-07-10 18:00:00,329.0,26.4
2026-07-10 19:00:00,408.0,25.7
2026-07-10 20:00:00,512.0,26.2
2026-07-10 21:00:00,605.0,29.0
2026-07-10 22:00:00,678.0,37.6
2026-07-10 23:00:00,740.0,48.5
2026-07-11 00:00:00,789.0,47.0
2026-07-11 01:00:00,845.0,38.5
2026-07-11 02:00:00,888.0,26.7
2026-07-11 03:00:00,847.0,17.2
2026-07-11 04:00:00,645.0,12.0
2026-07-11 05:00:00,360.0,9.2
2026-07-11 06:00:00,156.0,8.0
2026-07-11 07:00:00,114.0,7.1
2026-07-11 08:00:00,153.0,7.9
2026-07-11 09:00:00,190.0,13.9
2026-07-11 10:00:00,197.0,30.5
2026-07-11 11:00:00,202.0,52.2
2026-07-11 12:00:00,214.0,37.9
2026-07-11 13:00:00,239.0,38.1
2026-07-11 14:00:00,270.0,38.2
2026-07-11 15:00:00,293.0,37.3
2026-07-11 16:00:00,303.0,34.7
2026-07-11 17:00:00,305.0,31.1
2026-07-11 18:00:00,301.0,27.9
2026-07-11 19:00:00,287.0,25.0
2026-07-11 20:00:00,268.0,22.5
2026-07-11 21:00:00,261.0,22.2
2026-07-11 22:00:00,282.0,26.8
2026-07-11 23:00:00,314.0,33.6
2026-07-12 00:00:00,325.0,33.6
2026-07-12 01:00:00,292.0,26.6
2026-07-12 02:00:00,238.0,16.9
2026-07-12 03:00:00,198.0,9.4
2026-07-12 04:00:00,191.0,6.1
2026-07-12 05:00:00,199.0,5.1
2026-07-12 06:00:00,202.0,4.9
2026-07-12 07:00:00,190.0,5.0
2026-07-12 08:00:00,173.0,6.0
2026-07-12 09:00:00,165.0,8.7
2026-07-12 10:00:00,169.0,14.4
2026-07-12 11:00:00,182.0,21.6
2026-07-12 12:00:00,204.0,19.4
2026-07-12 13:00:00,245.0,21.3
2026-07-12 14:00:00,295.0,23.8
2026-07-12 15:00:00,323.0,25.0
2026-07-12 16:00:00,309.0,23.7
2026-07-12 17:00:00,273.0,21.1
2026-07-12 18:00:00,246.0,19.2
2026-07-12 19:00:00,242.0,18.7
2026-07-12 20:00:00,248.0,19.0
2026-07-12 21:00:00,254.0,20.2
2026-07-12 22:00:00,261.0,23.7
2026-07-12 23:00:00,268.0,28.1
2026-07-13 00:00:00,268.0,29.1
2026-07-13 01:00:00,253.0,24.0
2026-07-13 02:00:00,230.0,16.9
2026-07-13 03:00:00,214.0,11.2
2026-07-13 04:00:00,213.0,8.2
2026-07-13 05:00:00,218.0,6.6
2026-07-13 06:00:00,220.0,6.2
2026-07-13 07:00:00,206.0,6.7
2026-07-13 08:00:00,188.0,8.3
2026-07-13 09:00:00,199.0,11.9
2026-07-13 10:00:00,272.0,19.4
2026-07-13 11:00:00,373.0,28.8
2026-07-13 12:00:00,432.0,27.6
2026-07-13 13:00:00,406.0,26.2
2026-07-13 14:00:00,339.0,24.1
2026-07-13 15:00:00,284.0,21.7
2026-07-13 16:00:00,265.0,18.4
2026-07-13 17:00:00,260.0,14.8
2026-07-13 18:00:00,256.0,12.5
2026-07-13 19:00:00,243.0,11.9
2026-07-13 20:00:00,231.0,12.7
2026-07-13 21:00:00,238.0,14.9
2026-07-13 22:00:00,286.0,20.4
2026-07-13 23:00:00,353.0,27.4
2026-07-14 00:00:00,387.0,28.0
2026-07-14 01:00:00,354.0,23.3
2026-07-14 02:00:00,288.0,16.7
2026-07-14 03:00:00,239.0,11.4
2026-07-14 04:00:00,230.0,8.6
2026-07-14 05:00:00,238.0,7.0
2026-07-14 06:00:00,241.0,6.7
2026-07-14 07:00:00,226.0,7.4
2026-07-14 08:00:00,206.0,9.3
2026-07-14 09:00:00,206.0,12.8
2026-07-14 10:00:00,244.0,19.3
2026-07-14 11:00:00,301.0,27.4
2026-07-14 12:00:00,341.0,25.2
2026-07-14 13:00:00,348.0,26.6
2026-07-14 14:00:00,338.0,28.4
2026-07-14 15:00:00,324.0,28.9
2026-07-14 16:00:00,310.0,26.9
2026-07-14 17:00:00,292.0,23.6
2026-07-14 18:00:00,277.0,20.8
2026-07-14 19:00:00,265.0,18.9
2026-07-14 20:00:00,254.0,17.5
2026-07-14 21:00:00,250.0,17.9
2026-07-14 22:00:00,259.0,22.1
2026-07-14 23:00:00,273.0,28.1
2026-07-15 00:00:00,276.0,25.1
2026-07-15 01:00:00,255.0,20.8
2026-07-15 02:00:00,222.0,14.7
2026-07-15 03:00:00,197.0,9.9
2026-07-15 04:00:00,191.0,7.3
2026-07-15 05:00:00,193.0,5.9
2026-07-15 06:00:00,193.0,5.5
2026-07-15 07:00:00,181.0,6.0
2026-07-15 08:00:00,166.0,7.6
2026-07-15 09:00:00,167.0,10.1
2026-07-15 10:00:00,201.0,14.6
2026-07-15 11:00:00,250.0,20.1
2026-07-15 12:00:00,280.0,21.0
2026-07-15 13:00:00,269.0,20.0
2026-07-15 14:00:00,237.0,18.5
2026-07-15 15:00:00,214.0,17.1
2026-07-15 16:00:00,212.0,15.7
2026-07-15 17:00:00,217.0,14.4
2026-07-15 18:00:00,218.0,14.2
2026-07-15 19:00:00,200.0,15.0
2026-07-15 20:00:00,177.0,16.9
2026-07-15 21:00:00,178.0,20.6
2026-07-15 22:00:00,231.0,29.1
2026-07-15 23:00:00,307.0,39.5
2026-07-16 00:00:00,353.0,37.7
2026-07-16 01:00:00,335.0,30.6
2026-07-16 02:00:00,286.0,20.7
2026-07-16 03:00:00,252.0,12.9
2026-07-16 04:00:00,259.0,9.0
2026-07-16 05:00:00,282.0,7.1
2026-07-16 06:00:00,290.0,6.6
2026-07-16 07:00:00,257.0,7.1
2026-07-16 08:00:00,208.0,9.0
2026-07-16 09:00:00,190.0,12.7
2026-07-16 10:00:00,238.0,19.5
2026-07-16 11:00:00,317.0,28.0
2026-07-16 12:00:00,369.0,31.5
2026-07-16 13:00:00,362.0,32.1
2026-07-16 14:00:00,328.0,32.8
2026-07-16 15:00:00,300.0,32.2
2026-07-16 16:00:00,290.0,29.0
2026-07-16 17:00:00,285.0,24.6
2026-07-16 18:00:00,283.0,21.6
2026-07-16 19:00:00,260.0,20.8
2026-07-16 20:00:00,240.0,21.5
2026-07-16 21:00:00,292.0,23.8
2026-07-16 22:00:00,512.0,29.8
2026-07-16 23:00:00,804.0,37.5
2026-07-17 00:00:00,945.0,39.5
2026-07-17 01:00:00,785.0,32.7
2026-07-17 02:00:00,474.0,23.3
2026-07-17 03:00:00,241.0,15.6
2026-07-17 04:00:00,191.0,11.2
2026-07-17 05:00:00,220.0,8.7
2026-07-17 06:00:00,238.0,7.7
2026-07-17 07:00:00,196.0,8.3
2026-07-17 08:00:00,145.0,10.5
2026-07-17 09:00:00,146.0,14.5
2026-07-17 10:00:00,261.0,21.8
2026-07-17 11:00:00,430.0,30.9
2026-07-17 12:00:00,530.0,29.1
2026-07-17 13:00:00,489.0,29.5
2026-07-17 14:00:00,380.0,30.0
2026-07-17 15:00:00,300.0,29.6
2026-07-17 16:00:00,291.0,27.2
2026-07-17 17:00:00,312.0,23.9
2026-07-17 18:00:00,330.0,21.6
2026-07-17 19:00:00,311.0,20.2
2026-07-17 20:00:00,290.0,19.8
2026-07-17 21:00:00,344.0,22.2
2026-07-17 22:00:00,575.0,31.3
2026-07-17 23:00:00,882.0,43.3
2026-07-18 00:00:00,1035.0,39.8
2026-07-18 01:00:00,888.0,32.3
2026-07-18 02:00:00,587.0,21.8
2026-07-18 03:00:00,347.0,13.5
2026-07-18 04:00:00,253.0,9.3
2026-07-18 05:00:00,220.0,7.2
2026-07-18 06:00:00,204.0,6.5
2026-07-18 07:00:00,187.0,6.7
2026-07-18 08:00:00,188.0,8.4
2026-07-18 09:00:00,217.0,12.2
2026-07-18 10:00:00,302.0,20.1
2026-07-18 11:00:00,415.0,30.1
2026-07-18 12:00:00,482.0,38.2
2026-07-18 13:00:00,459.0,37.9
2026-07-18 14:00:00,391.0,37.4
2026-07-18 15:00:00,336.0,35.9
2026-07-18 16:00:00,316.0,32.6
2026-07-18 17:00:00,309.0,28.3
2026-07-18 18:00:00,307.0,25.3
2026-07-18 19:00:00,293.0,24.1
2026-07-18 20:00:00,285.0,24.2
2026-07-18 21:00:00,326.0,26.3
2026-07-18 22:00:00,469.0,33.4
2026-07-18 23:00:00,663.0,42.6
2026-07-19 00:00:00,795.0,40.4
2026-07-19 01:00:00,825.0,32.8
2026-07-19 02:00:00,794.0,22.3
2026-07-19 03:00:00,712.0,13.9
2026-07-19 04:00:00,545.0,9.7
2026-07-19 05:00:00,326.0,7.5
2026-07-19 06:00:00,171.0,6.7
2026-07-19 07:00:00,137.0,6.9
2026-07-19 08:00:00,165.0,8.3
2026-07-19 09:00:00,195.0,10.8
2026-07-19 10:00:00,206.0,15.3
2026-07-19 11:00:00,219.0,20.9
2026-07-19 12:00:00,228.0,24.0
2026-07-19 13:00:00,230.0,23.3
2026-07-19 14:00:00,229.0,22.3
2026-07-19 15:00:00,231.0,21.4
2026-07-19 16:00:00,236.0,20.7
2026-07-19 17:00:00,243.0,20.2
2026-07-19 18:00:00,257.0,20.3
2026-07-19 19:00:00,268.0,21.3
2026-07-19 20:00:00,286.0,22.9
2026-07-19 21:00:00,343.0,24.6
2026-07-19 22:00:00,495.0,26.9
2026-07-19 23:00:00,685.0,29.1
2026-07-20 00:00:00,775.0,25.5
2026-07-20 01:00:00,670.0,22.1
2026-07-20 02:00:00,465.0,17.2
2026-07-20 03:00:00,301.0,13.1
2026-07-20 04:00:00,238.0,10.1
2026-07-20 05:00:00,217.0,7.7
2026-07-20 06:00:00,205.0,6.7
2026-07-20 07:00:00,185.0,7.3
2026-07-20 08:00:00,175.0,9.3
2026-07-20 09:00:00,192.0,12.7
2026-07-20 10:00:00,267.0,18.5
2026-07-20 11:00:00,370.0,25.7
2026-07-20 12:00:00,429.0,25.8
2026-07-20 13:00:00,399.0,25.6
2026-07-20 14:00:00,325.0,25.4
2026-07-20 15:00:00,265.0,25.0
2026-07-20 16:00:00,240.0,24.1
2026-07-20 17:00:00,230.0,23.1
2026-07-20 18:00:00,233.0,22.8
2026-07-20 19:00:00,251.0,23.2
2026-07-20 20:00:00,284.0,24.2
2026-07-20 21:00:00,326.0,26.7
2026-07-20 22:00:00,399.0,33.0
2026-07-20 23:00:00,481.0,40.7
2026-07-21 00:00:00,507.0,28.1
2026-07-21 01:00:00,423.0,24.6
2026-07-21 02:00:00,283.0,19.7
2026-07-21 03:00:00,178.0,15.4
2026-07-21 04:00:00,148.0,11.9
2026-07-21 05:00:00,152.0,9.0
2026-07-21 06:00:00,166.0,7.7
2026-07-21 07:00:00,185.0,8.1
2026-07-21 08:00:00,212.0,10.1
2026-07-21 09:00:00,235.0,14.6
2026-07-21 10:00:00,245.0,23.9
2026-07-21 11:00:00,250.0,35.6
2026-07-21 12:00:00,257.0,34.6
2026-07-21 13:00:00,255.0,33.2
2026-07-21 14:00:00,255.0,31.2
2026-07-21 15:00:00,297.0,29.9
2026-07-21 16:00:00,434.0,29.6
2026-07-21 17:00:00,613.0,30.0
2026-07-21 18:00:00,713.0,30.7
2026-07-21 19:00:00,647.0,31.6
2026-07-21 20:00:00,501.0,32.8
2026-07-21 21:00:00,417.0,34.6
2026-07-21 22:00:00,487.0,38.7
2026-07-21 23:00:00,619.0,43.5
2026-07-22 00:00:00,675.0,35.3
2026-07-22 01:00:00,571.0,30.3
2026-07-22 02:00:00,392.0,23.2
2026-07-22 03:00:00,250.0,17.1
2026-07-22 04:00:00,191.0,12.7
2026-07-22 05:00:00,169.0,9.4
2026-07-22 06:00:00,161.0,7.8
2026-07-22 07:00:00,165.0,8.4
2026-07-22 08:00:00,183.0,10.8
2026-07-22 09:00:00,196.0,14.5
2026-07-22 10:00:00,193.0,20.6
2026-07-22 11:00:00,185.0,28.1
2026-07-22 12:00:00,181.0,30.4
2026-07-22 13:00:00,176.0,31.0
2026-07-22 14:00:00,175.0,31.9
2026-07-22 15:00:00,199.0,32.6
2026-07-22 16:00:00,273.0,32.8
2026-07-22 17:00:00,372.0,32.7
2026-07-22 18:00:00,443.0,33.0
2026-07-22 19:00:00,446.0,33.6
2026-07-22 20:00:00,420.0,34.6
2026-07-22 21:00:00,431.0,35.9
2026-07-22 22:00:00,543.0,39.2
2026-07-22 23:00:00,691.0,42.8
2026-07-23 00:00:00,748.0,34.9
2026-07-23 01:00:00,622.0,29.7
2026-07-23 02:00:00,405.0,22.3
2026-07-23 03:00:00,245.0,16.2
2026-07-23 04:00:00,213.0,12.1
2026-07-23 05:00:00,238.0,9.2
2026-07-23 06:00:00,256.0,8.1
2026-07-23 07:00:00,241.0,9.2
2026-07-23 08:00:00,220.0,12.1
2026-07-23 09:00:00,206.0,15.7
2026-07-23 10:00:00,205.0,20.5
2026-07-23 11:00:00,212.0,26.1
2026-07-23 12:00:00,221.0,31.0
2026-07-23 13:00:00,228.0,30.8
2026-07-23 14:00:00,239.0,30.5
2026-07-23 15:00:00,261.0,29.8
2026-07-23 16:00:00,289.0,28.4
2026-07-23 17:00:00,329.0,26.6
2026-07-23 18:00:00,409.0,25.2
2026-07-23 19:00:00,582.0,24.1
2026-07-23 20:00:00,794.0,23.5
2026-07-23 21:00:00,912.0,24.6
2026-07-23 22:00:00,847.0,29.7
2026-07-23 23:00:00,687.0,36.5
2026-07-24 00:00:00,569.0,33.4
2026-07-24 01:00:00,569.0,27.8
2026-07-24 02:00:00,611.0,19.9
2026-07-24 03:00:00,596.0,13.6
2026-07-24 04:00:00,456.0,10.0
2026-07-24 05:00:00,259.0,8.0
2026-07-24 06:00:00,119.0,7.3
2026-07-24 07:00:00,90.0,7.9
2026-07-24 08:00:00,116.0,10.0
2026-07-24 09:00:00,145.0,13.8
2026-07-24 10:00:00,160.0,21.1
2026-07-24 11:00:00,177.0,30.2
2026-07-24 12:00:00,188.0,27.0
2026-07-24 13:00:00,185.0,25.2
2026-07-24 14:00:00,176.0,22.8
2026-07-24 15:00:00,177.0,21.4
2026-07-24 16:00:00,182.0,21.8
2026-07-24 17:00:00,197.0,23.2
2026-07-24 18:00:00,257.0,24.6
2026-07-24 19:00:00,412.0,25.1
2026-07-24 20:00:00,612.0,25.5
2026-07-24 21:00:00,745.0,27.6
2026-07-24 22:00:00,756.0,34.2
2026-07-24 23:00:00,701.0,42.5
2026-07-25 00:00:00,631.0,34.8
2026-07-25 01:00:00,559.0,28.3
2026-07-25 02:00:00,472.0,19.3
2026-07-25 03:00:00,387.0,12.0
2026-07-25 04:00:00,302.0,8.1
2026-07-25 05:00:00,220.0,6.0
2026-07-25 06:00:00,162.0,5.2
2026-07-25 07:00:00,139.0,5.4
2026-07-25 08:00:00,141.0,6.9
2026-07-25 09:00:00,157.0,9.9
2026-07-25 10:00:00,193.0,15.6
2026-07-25 11:00:00,242.0,22.8
2026-07-25 12:00:00,279.0,20.2
2026-07-25 13:00:00,287.0,20.5
2026-07-25 14:00:00,282.0,20.9
2026-07-25 15:00:00,284.0,21.6
2026-07-25 16:00:00,283.0,22.5
2026-07-25 17:00:00,289.0,23.7
2026-07-25 18:00:00,350.0,25.7
2026-07-25 19:00:00,532.0,28.7
2026-07-25 20:00:00,768.0,32.6
2026-07-25 21:00:00,912.0,37.4
2026-07-25 22:00:00,874.0,45.7
2026-07-25 23:00:00,742.0,54.8
2026-07-26 00:00:00,638.0,48.1
2026-07-26 01:00:00,621.0,38.0
2026-07-26 02:00:00,632.0,24.0
2026-07-26 03:00:00,607.0,13.0
2026-07-26 04:00:00,506.0,7.8
2026-07-26 05:00:00,370.0,5.7
2026-07-26 06:00:00,262.0,4.7
2026-07-26 07:00:00,203.0,4.4
2026-07-26 08:00:00,173.0,5.4
2026-07-26 09:00:00,172.0,7.5
2026-07-26 10:00:00,220.0,11.5
2026-07-26 11:00:00,297.0,16.5
2026-07-26 12:00:00,350.0,16.9
2026-07-26 13:00:00,352.0,16.7
2026-07-26 14:00:00,330.0,16.6
2026-07-26 15:00:00,307.0,16.8
2026-07-26 16:00:00,270.0,17.7
2026-07-26 17:00:00,233.0,19.0
2026-07-26 18:00:00,258.0,20.5
2026-07-26 19:00:00,414.0,22.0
2026-07-26 20:00:00,632.0,23.7
2026-07-26 21:00:00,767.0,25.8
2026-07-26 22:00:00,731.0,29.8
2026-07-26 23:00:00,611.0,34.3
2026-07-27 00:00:00,529.0,29.8
2026-07-27 01:00:00,555.0,24.8
2026-07-27 02:00:00,618.0,17.9
2026-07-27 03:00:00,623.0,12.2
2026-07-27 04:00:00,506.0,8.9
2026-07-27 05:00:00,331.0,6.9
2026-07-27 06:00:00,198.0,6.1
2026-07-27 07:00:00,148.0,6.6
2026-07-27 08:00:00,140.0,8.4
2026-07-27 09:00:00,152.0,11.1
2026-07-27 10:00:00,188.0,15.4
2026-07-27 11:00:00,243.0,20.6
2026-07-27 12:00:00,281.0,22.8
2026-07-27 13:00:00,281.0,22.1
2026-07-27 14:00:00,264.0,21.1
2026-07-27 15:00:00,250.0,20.0
2026-07-27 16:00:00,251.0,18.4
2026-07-27 17:00:00,257.0,16.7
2026-07-27 18:00:00,255.0,16.2
2026-07-27 19:00:00,232.0,17.5
2026-07-27 20:00:00,203.0,19.9
2026-07-27 21:00:00,197.0,23.1
2026-07-27 22:00:00,245.0,28.4
2026-07-27 23:00:00,318.0,34.3
2026-07-28 00:00:00,356.0,27.9
2026-07-28 01:00:00,323.0,23.8
2026-07-28 02:00:00,256.0,18.2
2026-07-28 03:00:00,207.0,13.3
2026-07-28 04:00:00,201.0,9.9
2026-07-28 05:00:00,214.0,7.3
2026-07-28 06:00:00,223.0,6.2
2026-07-28 07:00:00,216.0,7.0
2026-07-28 08:00:00,204.0,9.4
2026-07-28 09:00:00,202.0,12.7
2026-07-28 10:00:00,219.0,17.7
2026-07-28 11:00:00,246.0,23.6
2026-07-28 12:00:00,265.0,25.3
2026-07-28 13:00:00,268.0,24.6
2026-07-28 14:00:00,264.0,23.7
2026-07-28 15:00:00,256.0,23.0
2026-07-28 16:00:00,238.0,22.7
2026-07-28 17:00:00,217.0,22.6
2026-07-28 18:00:00,216.0,22.9
2026-07-28 19:00:00,231.0,23.6
2026-07-28 20:00:00,266.0,24.6
2026-07-28 21:00:00,353.0,25.7
2026-07-28 22:00:00,563.0,27.5
2026-07-28 23:00:00,826.0,29.4
2026-07-29 00:00:00,960.0,31.0
2026-07-29 01:00:00,848.0,26.9
2026-07-29 02:00:00,608.0,21.1
2026-07-29 03:00:00,409.0,16.0
2026-07-29 04:00:00,316.0,12.1
2026-07-29 05:00:00,265.0,9.0
2026-07-29 06:00:00,231.0,7.4
2026-07-29 07:00:00,208.0,8.0
2026-07-29 08:00:00,202.0,10.3
2026-07-29 09:00:00,205.0,13.3
2026-07-29 10:00:00,217.0,17.6
2026-07-29 11:00:00,237.0,22.7
2026-07-29 12:00:00,255.0,28.2
2026-07-29 13:00:00,266.0,28.2
2026-07-29 14:00:00,274.0,28.2
2026-07-29 15:00:00,283.0,28.0
2026-07-29 16:00:00,294.0,27.4
2026-07-29 17:00:00,305.0,26.5
2026-07-29 18:00:00,311.0,25.8
2026-07-29 19:00:00,306.0,24.7
2026-07-29 20:00:00,296.0,23.6
2026-07-29 21:00:00,295.0,24.4
2026-07-29 22:00:00,320.0,29.8
2026-07-29 23:00:00,354.0,37.0
2026-07-30 00:00:00,364.0,29.7
2026-07-30 01:00:00,324.0,24.9
2026-07-30 02:00:00,260.0,18.1
2026-07-30 03:00:00,219.0,12.7
2026-07-30 04:00:00,228.0,9.6
2026-07-30 05:00:00,259.0,7.8
2026-07-30 06:00:00,274.0,7.3
2026-07-30 07:00:00,245.0,8.3
2026-07-30 08:00:00,199.0,10.5
2026-07-30 09:00:00,179.0,13.4
2026-07-30 10:00:00,216.0,17.4
2026-07-30 11:00:00,279.0,22.1
2026-07-30 12:00:00,319.0,25.9
2026-07-30 13:00:00,307.0,24.8
2026-07-30 14:00:00,273.0,23.3
2026-07-30 15:00:00,249.0,21.9
2026-07-30 16:00:00,254.0,20.8
2026-07-30 17:00:00,270.0,19.9
2026-07-30 18:00:00,280.0,19.5
2026-07-30 19:00:00,272.0,19.9
2026-07-30 20:00:00,258.0,20.8
2026-07-30 21:00:00,256.0,22.1
2026-07-30 22:00:00,282.0,24.7
2026-07-30 23:00:00,320.0,27.7
2026-07-31 00:00:00,337.0,25.0
2026-07-31 01:00:00,308.0,21.5
2026-07-31 02:00:00,258.0,16.7
2026-07-31 03:00:00,225.0,12.6
2026-07-31 04:00:00,232.0,9.7
2026-07-31 05:00:00,257.0,7.6
2026-07-31 06:00:00,273.0,6.9
2026-07-31 07:00:00,261.0,7.8
2026-07-31 08:00:00,239.0,10.0
2026-07-31 09:00:00,242.0,13.8
2026-07-31 10:00:00,300.0,20.3
2026-07-31 11:00:00,381.0,28.3
2026-07-31 12:00:00,426.0,26.4
2026-07-31 13:00:00,400.0,26.1
2026-07-31 14:00:00,339.0,25.5
2026-07-31 15:00:00,283.0,24.3
2026-07-31 16:00:00,244.0,22.0
2026-07-31 17:00:00,211.0,19.2
2026-07-31 18:00:00,197.0,16.9
2026-07-31 19:00:00,211.0,15.3
2026-07-31 20:00:00,244.0,14.2
2026-07-31 21:00:00,274.0,14.6
2026-07-31 22:00:00,299.0,18.1
2026-07-31 23:00:00,321.0,23.1
2026-08-01 00:00:00,328.0,23.4
2026-08-01 01:00:00,307.0,19.8
2026-08-01 02:00:00,271.0,14.8
2026-08-01 03:00:00,244.0,10.6
2026-08-01 04:00:00,237.0,8.0
2026-08-01 05:00:00,239.0,6.4
2026-08-01 06:00:00,236.0,5.7
2026-08-01 07:00:00,217.0,6.2
2026-08-01 08:00:00,193.0,7.7
2026-08-01 09:00:00,185.0,10.0
2026-08-01 10:00:00,209.0,13.7
2026-08-01 11:00:00,249.0,18.2
2026-08-01 12:00:00,276.0,16.6
2026-08-01 13:00:00,278.0,15.9
2026-08-01 14:00:00,267.0,14.9
2026-08-01 15:00:00,254.0,13.8
2026-08-01 16:00:00,241.0,12.3
2026-08-01 17:00:00,226.0,10.6
2026-08-01 18:00:00,214.0,9.8
2026-08-01 19:00:00,207.0,10.1
2026-08-01 20:00:00,202.0,11.2
2026-08-01 21:00:00,200.0,13.0
2026-08-01 22:00:00,202.0,16.4
2026-08-01 23:00:00,207.0,20.5
2026-08-02 00:00:00,206.0,19.0
2026-08-02 01:00:00,196.0,15.1
2026-08-02 02:00:00,181.0,9.8
2026-08-02 03:00:00,168.0,5.7
2026-08-02 04:00:00,159.0,3.9
2026-08-02 05:00:00,152.0,3.3
2026-08-02 06:00:00,144.0,3.3
2026-08-02 07:00:00,131.0,3.8
2026-08-02 08:00:00,117.0,5.0
2026-08-02 09:00:00,118.0,6.6
2026-08-02 10:00:00,148.0,9.3
2026-08-02 11:00:00,191.0,12.4
2026-08-02 12:00:00,217.0,12.5
2026-08-02 13:00:00,205.0,12.2
2026-08-02 14:00:00,176.0,11.8
2026-08-02 15:00:00,157.0,11.3
2026-08-02 16:00:00,165.0,10.5
2026-08-02 17:00:00,185.0,9.5
2026-08-02 18:00:00,196.0,8.8
2026-08-02 19:00:00,187.0,8.6
2026-08-02 20:00:00,170.0,8.8
2026-08-02 21:00:00,162.0,9.2
2026-08-02 22:00:00,178.0,10.4
2026-08-02 23:00:00,204.0,11.9
2026-08-03 00:00:00,215.0,10.0
2026-08-03 01:00:00,196.0,8.8
2026-08-03 02:00:00,161.0,7.2
2026-08-03 03:00:00,135.0,5.9
2026-08-03 04:00:00,125.0,5.0
2026-08-03 05:00:00,122.0,4.4
2026-08-03 06:00:00,125.0,4.5
2026-08-03 07:00:00,131.0,5.5
2026-08-03 08:00:00,143.0,7.2
2026-08-03 09:00:00,166.0,9.8
2026-08-03 10:00:00,210.0,14.0
2026-08-03 11:00:00,265.0,19.1
2026-08-03 12:00:00,302.0,19.2
2026-08-03 13:00:00,306.0,20.3
2026-08-03 14:00:00,292.0,21.9
2026-08-03 15:00:00,275.0,22.5
2026-08-03 16:00:00,255.0,21.5
2026-08-03 17:00:00,231.0,19.7
2026-08-03 18:00:00,216.0,18.0
2026-08-03 19:00:00,216.0,16.3
2026-08-03 20:00:00,226.0,14.7
2026-08-03 21:00:00,237.0,15.1
2026-08-03 22:00:00,254.0,19.8
2026-08-03 23:00:00,272.0,26.4
2026-08-04 00:00:00,274.0,19.0
2026-08-04 01:00:00,244.0,16.4
2026-08-04 02:00:00,197.0,12.9
2026-08-04 03:00:00,164.0,9.9
2026-08-04 04:00:00,160.0,7.9
2026-08-04 05:00:00,170.0,6.4
2026-08-04 06:00:00,174.0,6.0
2026-08-04 07:00:00,156.0,6.6
2026-08-04 08:00:00,134.0,8.2
2026-08-04 09:00:00,137.0,11.6
2026-08-04 10:00:00,194.0,18.5
2026-08-04 11:00:00,278.0,27.0
2026-08-04 12:00:00,336.0,26.6
2026-08-04 13:00:00,345.0,25.5
2026-08-04 14:00:00,328.0,23.9
2026-08-04 15:00:00,306.0,22.2
2026-08-04 16:00:00,280.0,20.1
2026-08-04 17:00:00,248.0,17.9
2026-08-04 18:00:00,229.0,16.7
2026-08-04 19:00:00,216.0,16.7
2026-08-04 20:00:00,215.0,17.6
2026-08-04 21:00:00,265.0,19.8
2026-08-04 22:00:00,435.0,25.0
2026-08-04 23:00:00,656.0,31.5
2026-08-05 00:00:00,760.0,25.3
2026-08-05 01:00:00,631.0,21.5
2026-08-05 02:00:00,384.0,16.1
2026-08-05 03:00:00,204.0,11.6
2026-08-05 04:00:00,176.0,8.5
2026-08-05 05:00:00,214.0,6.3
2026-08-05 06:00:00,242.0,5.3
2026-08-05 07:00:00,225.0,5.6
2026-08-05 08:00:00,197.0,7.2
2026-08-05 09:00:00,186.0,10.3
2026-08-05 10:00:00,209.0,16.4
2026-08-05 11:00:00,248.0,24.1
2026-08-05 12:00:00,279.0,22.2
2026-08-05 13:00:00,292.0,21.7
2026-08-05 14:00:00,297.0,20.9
2026-08-05 15:00:00,295.0,20.0
2026-08-05 16:00:00,283.0,18.6
2026-08-05 17:00:00,265.0,17.1
2026-08-05 18:00:00,251.0,16.3
2026-08-05 19:00:00,239.0,16.4
2026-08-05 20:00:00,232.0,17.1
2026-08-05 21:00:00,251.0,19.1
2026-08-05 22:00:00,331.0,24.0
2026-08-05 23:00:00,438.0,30.1
2026-08-06 00:00:00,491.0,23.9
2026-08-06 01:00:00,435.0,20.4
2026-08-06 02:00:00,325.0,15.5
2026-08-06 03:00:00,240.0,11.4
2026-08-06 04:00:00,218.0,8.7
2026-08-06 05:00:00,222.0,6.8
2026-08-06 06:00:00,223.0,6.1
2026-08-06 07:00:00,208.0,7.0
2026-08-06 08:00:00,190.0,9.2
2026-08-06 09:00:00,178.0,12.2
2026-08-06 10:00:00,171.0,16.5
2026-08-06 11:00:00,170.0,21.7
2026-08-06 12:00:00,184.0,21.5
2026-08-06 13:00:00,228.0,22.5
2026-08-06 14:00:00,288.0,23.8
2026-08-06 15:00:00,329.0,24.4
2026-08-06 16:00:00,333.0,23.6
2026-08-06 17:00:00,318.0,22.1
2026-08-06 18:00:00,306.0,21.2
2026-08-06 19:00:00,303.0,21.1
2026-08-06 20:00:00,302.0,21.6
2026-08-06 21:00:00,311.0,23.4
2026-08-06 22:00:00,344.0,28.7
2026-08-06 23:00:00,385.0,35.3
2026-08-07 00:00:00,395.0,32.9
2026-08-07 01:00:00,339.0,27.4
2026-08-07 02:00:00,251.0,19.8
2026-08-07 03:00:00,191.0,13.6
2026-08-07 04:00:00,192.0,9.9
2026-08-07 05:00:00,221.0,7.5
2026-08-07 06:00:00,239.0,6.5
2026-08-07 07:00:00,218.0,6.9
2026-08-07 08:00:00,186.0,8.6
2026-08-07 09:00:00,182.0,11.5
2026-08-07 10:00:00,242.0,16.2
2026-08-07 11:00:00,330.0,22.1
2026-08-07 12:00:00,385.0,24.2
2026-08-07 13:00:00,368.0,25.9
2026-08-07 14:00:00,318.0,28.4
2026-08-07 15:00:00,286.0,30.4
2026-08-07 16:00:00,299.0,31.3
2026-08-07 17:00:00,329.0,31.8
2026-08-07 18:00:00,349.0,32.8
2026-08-07 19:00:00,324.0,34.8
2026-08-07 20:00:00,289.0,37.3
2026-08-07 21:00:00,315.0,39.6
2026-08-07 22:00:00,487.0,42.9
2026-08-07 23:00:00,721.0,46.1
2026-08-08 00:00:00,832.0,36.3
2026-08-08 01:00:00,700.0,29.3
2026-08-08 02:00:00,446.0,19.7
2026-08-08 03:00:00,251.0,12.1
2026-08-08 04:00:00,192.0,8.4
2026-08-08 05:00:00,191.0,6.7
2026-08-08 06:00:00,199.0,6.2
2026-08-08 07:00:00,197.0,6.2
2026-08-08 08:00:00,203.0,7.4
2026-08-08 09:00:00,225.0,11.1
2026-08-08 10:00:00,284.0,19.4
2026-08-08 11:00:00,359.0,30.2
2026-08-08 12:00:00,396.0,28.0
2026-08-08 13:00:00,359.0,28.6
2026-08-08 14:00:00,283.0,29.5
2026-08-08 15:00:00,220.0,29.4
2026-08-08 16:00:00,177.0,27.6
2026-08-08 17:00:00,147.0,24.9
2026-08-08 18:00:00,155.0,23.1
2026-08-08 19:00:00,233.0,22.9
2026-08-08 20:00:00,351.0,23.7
2026-08-08 21:00:00,439.0,25.2
2026-08-08 22:00:00,479.0,28.8
2026-08-08 23:00:00,489.0,33.3
2026-08-09 00:00:00,463.0,29.9
2026-08-09 01:00:00,373.0,25.4
2026-08-09 02:00:00,246.0,19.0
2026-08-09 03:00:00,155.0,13.6
2026-08-09 04:00:00,133.0,9.9
2026-08-09 05:00:00,147.0,7.1
2026-08-09 06:00:00,167.0,5.6
2026-08-09 07:00:00,189.0,5.7
2026-08-09 08:00:00,216.0,7.1
2026-08-09 09:00:00,229.0,9.4
2026-08-09 10:00:00,209.0,13.0
2026-08-09 11:00:00,175.0,17.5
2026-08-09 12:00:00,164.0,19.9
2026-08-09 13:00:00,203.0,20.7
2026-08-09 14:00:00,265.0,21.9
2026-08-09 15:00:00,304.0,23.0
2026-08-09 16:00:00,293.0,23.8
2026-08-09 17:00:00,259.0,24.5
2026-08-09 18:00:00,242.0,25.3
2026-08-09 19:00:00,263.0,26.2
2026-08-09 20:00:00,301.0,27.2
2026-08-09 21:00:00,331.0,29.0
2026-08-09 22:00:00,343.0,33.3
2026-08-09 23:00:00,347.0,38.4
2026-08-10 00:00:00,347.0,30.8
2026-08-10 01:00:00,342.0,27.4
2026-08-10 02:00:00,334.0,22.6
2026-08-10 03:00:00,332.0,18.2
2026-08-10 04:00:00,352.0,14.2
2026-08-10 05:00:00,378.0,10.6
2026-08-10 06:00:00,377.0,8.6
2026-08-10 07:00:00,320.0,8.8
2026-08-10 08:00:00,234.0,10.6
2026-08-10 09:00:00,171.0,13.3
2026-08-10 10:00:00,147.0,17.3
2026-08-10 11:00:00,145.0,22.1
2026-08-10 12:00:00,161.0,20.1
2026-08-10 13:00:00,207.0,21.9
2026-08-10 14:00:00,271.0,24.2
2026-08-10 15:00:00,314.0,25.1
2026-08-10 16:00:00,314.0,23.0
2026-08-10 17:00:00,293.0,19.4
2026-08-10 18:00:00,277.0,16.6
2026-08-10 19:00:00,263.0,15.4
2026-08-10 20:00:00,255.0,15.0
2026-08-10 21:00:00,283.0,15.8
2026-08-10 22:00:00,393.0,19.0
2026-08-10 23:00:00,541.0,23.3
2026-08-11 00:00:00,622.0,22.3
2026-08-11 01:00:00,577.0,19.8
2026-08-11 02:00:00,465.0,16.3
2026-08-11 03:00:00,364.0,13.2
2026-08-11 04:00:00,296.0,10.5
2026-08-11 05:00:00,240.0,8.2
2026-08-11 06:00:00,201.0,7.3
2026-08-11 07:00:00,190.0,8.2
2026-08-11 08:00:00,197.0,10.5
2026-08-11 09:00:00,204.0,13.7
2026-08-11 10:00:00,203.0,18.3
2026-08-11 11:00:00,203.0,23.7
2026-08-11 12:00:00,206.0,21.5
2026-08-11 13:00:00,218.0,21.9
2026-08-11 14:00:00,235.0,22.6
2026-08-11 15:00:00,246.0,22.9
2026-08-11 16:00:00,244.0,22.6
2026-08-11 17:00:00,237.0,22.0
2026-08-11 18:00:00,241.0,22.0
2026-08-11 19:00:00,260.0,22.6
2026-08-11 20:00:00,290.0,23.7
2026-08-11 21:00:00,332.0,25.7
2026-08-11 22:00:00,403.0,30.5
2026-08-11 23:00:00,485.0,36.2
2026-08-12 00:00:00,526.0,28.9
2026-08-12 01:00:00,492.0,24.4
2026-08-12 02:00:00,417.0,18.2
2026-08-12 03:00:00,350.0,13.0
2026-08-12 04:00:00,312.0,9.7
2026-08-12 05:00:00,282.0,7.5
2026-08-12 06:00:00,252.0,6.6
2026-08-12 07:00:00,213.0,7.0
2026-08-12 08:00:00,174.0,8.6
2026-08-12 09:00:00,150.0,12.2
2026-08-12 10:00:00,144.0,18.8
2026-08-12 11:00:00,153.0,27.3
2026-08-12 12:00:00,182.0,27.0
2026-08-12 13:00:00,248.0,29.5
2026-08-12 14:00:00,335.0,32.9
2026-08-12 15:00:00,392.0,34.5
2026-08-12 16:00:00,393.0,32.6
2026-08-12 17:00:00,364.0,29.0
2026-08-12 18:00:00,342.0,26.2
2026-08-12 19:00:00,338.0,24.7
2026-08-12 20:00:00,341.0,24.1
2026-08-12 21:00:00,347.0,25.2
2026-08-12 22:00:00,365.0,30.5
2026-08-12 23:00:00,386.0,37.7
2026-08-13 00:00:00,382.0,30.7
2026-08-13 01:00:00,326.0,25.4
2026-08-13 02:00:00,245.0,18.0
2026-08-13 03:00:00,195.0,12.2
2026-08-13 04:00:00,212.0,9.2
2026-08-13 05:00:00,260.0,7.6
2026-08-13 06:00:00,288.0,7.4
2026-08-13 07:00:00,261.0,8.3
2026-08-13 08:00:00,214.0,10.4
2026-08-13 09:00:00,200.0,14.0
2026-08-13 10:00:00,261.0,19.9
2026-08-13 11:00:00,355.0,27.2
2026-08-13 12:00:00,415.0,27.9
2026-08-13 13:00:00,402.0,27.8
2026-08-13 14:00:00,355.0,27.4
2026-08-13 15:00:00,319.0,26.4
2026-08-13 16:00:00,314.0,23.9
2026-08-13 17:00:00,320.0,20.6
2026-08-13 18:00:00,320.0,18.4
2026-08-13 19:00:00,295.0,17.8
2026-08-13 20:00:00,264.0,18.1
2026-08-13 21:00:00,274.0,19.7
2026-08-13 22:00:00,375.0,23.8
2026-08-13 23:00:00,517.0,29.1
2026-08-14 00:00:00,590.0,24.4
2026-08-14 01:00:00,526.0,21.5
2026-08-14 02:00:00,394.0,17.5
2026-08-14 03:00:00,290.0,14.0
2026-08-14 04:00:00,253.0,11.4
2026-08-14 05:00:00,244.0,9.4
2026-08-14 06:00:00,242.0,8.8
2026-08-14 07:00:00,240.0,10.0
2026-08-14 08:00:00,246.0,12.5
2026-08-14 09:00:00,258.0,15.9
2026-08-14 10:00:00,285.0,20.6
2026-08-14 11:00:00,318.0,26.1
2026-08-14 12:00:00,335.0,23.9
2026-08-14 13:00:00,319.0,25.1
2026-08-14 14:00:00,285.0,26.6
2026-08-14 15:00:00,258.0,27.2
2026-08-14 16:00:00,244.0,26.0
2026-08-14 17:00:00,236.0,23.9
2026-08-14 18:00:00,236.0,22.5
2026-08-14 19:00:00,238.0,22.1
2026-08-14 20:00:00,248.0,22.4
2026-08-14 21:00:00,286.0,24.4
2026-08-14 22:00:00,393.0,30.6
2026-08-14 23:00:00,527.0,38.6
2026-08-15 00:00:00,590.0,32.9
2026-08-15 01:00:00,509.0,27.4
2026-08-15 02:00:00,357.0,19.9
2026-08-15 03:00:00,246.0,13.6
2026-08-15 04:00:00,232.0,9.8
2026-08-15 05:00:00,260.0,7.4
2026-08-15 06:00:00,276.0,6.4
2026-08-15 07:00:00,249.0,6.6
2026-08-15 08:00:00,212.0,8.1
2026-08-15 09:00:00,205.0,11.7
2026-08-15 10:00:00,265.0,18.9
2026-08-15 11:00:00,357.0,28.2
2026-08-15 12:00:00,414.0,22.5
2026-08-15 13:00:00,400.0,23.2
2026-08-15 14:00:00,351.0,24.1
2026-08-15 15:00:00,314.0,24.4
2026-08-15 16:00:00,310.0,23.3
2026-08-15 17:00:00,318.0,21.7
2026-08-15 18:00:00,323.0,20.8
2026-08-15 19:00:00,319.0,21.5
2026-08-15 20:00:00,313.0,23.1
2026-08-15 21:00:00,310.0,24.6
2026-08-15 22:00:00,318.0,26.6
2026-08-15 23:00:00,330.0,28.6
2026-08-16 00:00:00,329.0,25.9
2026-08-16 01:00:00,302.0,20.5
2026-08-16 02:00:00,262.0,12.9
2026-08-16 03:00:00,230.0,7.2
2026-08-16 04:00:00,216.0,4.9
2026-08-16 05:00:00,211.0,4.4
2026-08-16 06:00:00,205.0,4.5
2026-08-16 07:00:00,194.0,4.9
2026-08-16 08:00:00,182.0,6.0
2026-08-16 09:00:00,176.0,7.8
2026-08-16 10:00:00,174.0,10.7
2026-08-16 11:00:00,178.0,14.2
2026-08-16 12:00:00,199.0,13.5
2026-08-16 13:00:00,255.0,14.0
2026-08-16 14:00:00,328.0,14.6
2026-08-16 15:00:00,377.0,15.2
2026-08-16 16:00:00,379.0,15.5
2026-08-16 17:00:00,358.0,15.8
2026-08-16 18:00:00,343.0,16.6
2026-08-16 19:00:00,349.0,18.3
2026-08-16 20:00:00,360.0,20.7
2026-08-16 21:00:00,360.0,23.3
2026-08-16 22:00:00,340.0,27.4
2026-08-16 23:00:00,309.0,31.7
2026-08-17 00:00:00,277.0,15.9
2026-08-17 01:00:00,246.0,14.3
2026-08-17 02:00:00,215.0,12.1
2026-08-17 03:00:00,191.0,10.1
2026-08-17 04:00:00,179.0,8.3
2026-08-17 05:00:00,174.0,6.7
2026-08-17 06:00:00,169.0,6.1
2026-08-17 07:00:00,155.0,6.8
2026-08-17 08:00:00,143.0,8.6
2026-08-17 09:00:00,152.0,11.2
2026-08-17 10:00:00,208.0,15.5
2026-08-17 11:00:00,286.0,20.7
2026-08-17 12:00:00,337.0,23.5
2026-08-17 13:00:00,332.0,23.1
2026-08-17 14:00:00,300.0,22.4
2026-08-17 15:00:00,275.0,21.8
2026-08-17 16:00:00,271.0,21.1
2026-08-17 17:00:00,274.0,20.4
2026-08-17 18:00:00,277.0,20.0
2026-08-17 19:00:00,278.0,19.8
2026-08-17 20:00:00,280.0,20.0
2026-08-17 21:00:00,279.0,20.9
2026-08-17 22:00:00,274.0,24.1
2026-08-17 23:00:00,267.0,28.1
2026-08-18 00:00:00,259.0,21.3
2026-08-18 01:00:00,252.0,17.5
2026-08-18 02:00:00,245.0,12.3
2026-08-18 03:00:00,236.0,8.2
2026-08-18 04:00:00,221.0,6.1
2026-08-18 05:00:00,204.0,5.2
2026-08-18 06:00:00,193.0,5.2
2026-08-18 07:00:00,193.0,6.2
2026-08-18 08:00:00,200.0,8.2
2026-08-18 09:00:00,211.0,10.8
2026-08-18 10:00:00,232.0,14.9
2026-08-18 11:00:00,257.0,19.7
2026-08-18 12:00:00,271.0,17.0
2026-08-18 13:00:00,266.0,16.2
2026-08-18 14:00:00,249.0,15.0
2026-08-18 15:00:00,229.0,13.8
2026-08-18 16:00:00,203.0,12.5
2026-08-18 17:00:00,174.0,11.3
2026-08-18 18:00:00,159.0,10.6
2026-08-18 19:00:00,170.0,10.8
2026-08-18 20:00:00,194.0,11.7
2026-08-18 21:00:00,217.0,12.9
2026-08-18 22:00:00,236.0,15.2
2026-08-18 23:00:00,254.0,17.9
2026-08-19 00:00:00,256.0,17.2
2026-08-19 01:00:00,232.0,13.8
2026-08-19 02:00:00,193.0,9.2
2026-08-19 03:00:00,161.0,5.7
2026-08-19 04:00:00,143.0,4.3
2026-08-19 05:00:00,132.0,4.1
2026-08-19 06:00:00,124.0,4.6
2026-08-19 07:00:00,112.0,5.5
2026-08-19 08:00:00,103.0,7.2
2026-08-19 09:00:00,118.0,10.1
2026-08-19 10:00:00,181.0,15.5
2026-08-19 11:00:00,268.0,22.0
2026-08-19 12:00:00,329.0,20.1
2026-08-19 13:00:00,342.0,20.2
2026-08-19 14:00:00,329.0,20.2
2026-08-19 15:00:00,308.0,19.6
2026-08-19 16:00:00,278.0,17.9
2026-08-19 17:00:00,239.0,15.6
2026-08-19 18:00:00,213.0,14.1
2026-08-19 19:00:00,214.0,14.1
2026-08-19 20:00:00,227.0,15.0
2026-08-19 21:00:00,233.0,16.2
2026-08-19 22:00:00,222.0,18.3
2026-08-19 23:00:00,205.0,20.6
2026-08-20 00:00:00,187.0,19.8
2026-08-20 01:00:00,171.0,16.4
2026-08-20 02:00:00,155.0,11.6
2026-08-20 03:00:00,143.0,7.8
2026-08-20 04:00:00,134.0,5.9
2026-08-20 05:00:00,128.0,5.0
2026-08-20 06:00:00,129.0,4.9
2026-08-20 07:00:00,138.0,5.5
2026-08-20 08:00:00,154.0,6.9
2026-08-20 09:00:00,180.0,9.4
2026-08-20 10:00:00,227.0,14.0
2026-08-20 11:00:00,284.0,19.6
2026-08-20 12:00:00,319.0,22.2
2026-08-20 13:00:00,315.0,21.5
2026-08-20 14:00:00,290.0,20.4
2026-08-20 15:00:00,266.0,19.2
2026-08-20 16:00:00,250.0,17.6
2026-08-20 17:00:00,236.0,15.9
2026-08-20 18:00:00,229.0,15.0
2026-08-20 19:00:00,235.0,15.3
2026-08-20 20:00:00,247.0,16.2
2026-08-20 21:00:00,256.0,17.5
2026-08-20 22:00:00,257.0,19.6
2026-08-20 23:00:00,254.0,22.0
2026-08-21 00:00:00,245.0,18.3
2026-08-21 01:00:00,228.0,15.6
2026-08-21 02:00:00,205.0,12.0
2026-08-21 03:00:00,185.0,8.9
2026-08-21 04:00:00,170.0,6.9
2026-08-21 05:00:00,159.0,5.6
2026-08-21 06:00:00,150.0,5.3
2026-08-21 07:00:00,140.0,6.3
2026-08-21 08:00:00,133.0,8.4
2026-08-21 09:00:00,144.0,11.4
2026-08-21 10:00:00,188.0,16.1
2026-08-21 11:00:00,249.0,21.6
2026-08-21 12:00:00,294.0,19.9
2026-08-21 13:00:00,307.0,19.8
2026-08-21 14:00:00,305.0,19.6
2026-08-21 15:00:00,298.0,18.9
2026-08-21 16:00:00,290.0,17.0
2026-08-21 17:00:00,277.0,14.5
2026-08-21 18:00:00,267.0,12.9
2026-08-21 19:00:00,261.0,12.3
2026-08-21 20:00:00,258.0,12.5
2026-08-21 21:00:00,256.0,14.3
2026-08-21 22:00:00,258.0,19.8
2026-08-21 23:00:00,260.0,27.0
2026-08-22 00:00:00,257.0,17.8
2026-08-22 01:00:00,241.0,14.7
2026-08-22 02:00:00,218.0,10.5
2026-08-22 03:00:00,202.0,7.2
2026-08-22 04:00:00,199.0,5.6
2026-08-22 05:00:00,201.0,4.8
2026-08-22 06:00:00,201.0,4.9
2026-08-22 07:00:00,187.0,5.7
2026-08-22 08:00:00,170.0,7.2
2026-08-22 09:00:00,177.0,9.6
2026-08-22 10:00:00,236.0,13.5
2026-08-22 11:00:00,318.0,18.2
2026-08-22 12:00:00,367.0,17.7
2026-08-22 13:00:00,348.0,17.1
2026-08-22 14:00:00,294.0,16.3
2026-08-22 15:00:00,252.0,15.5
2026-08-22 16:00:00,238.0,14.4
2026-08-22 17:00:00,235.0,13.4
2026-08-22 18:00:00,235.0,13.1
2026-08-22 19:00:00,231.0,14.2
2026-08-22 20:00:00,230.0,16.2
2026-08-22 21:00:00,239.0,18.2
2026-08-22 22:00:00,273.0,20.8
2026-08-22 23:00:00,318.0,23.4
2026-08-23 00:00:00,337.0,19.9
2026-08-23 01:00:00,304.0,16.1
2026-08-23 02:00:00,246.0,10.7
2026-08-23 03:00:00,201.0,6.7
2026-08-23 04:00:00,189.0,5.0
2026-08-23 05:00:00,192.0,4.6
2026-08-23 06:00:00,192.0,4.9
2026-08-23 07:00:00,172.0,5.5
2026-08-23 08:00:00,150.0,6.8
2026-08-23 09:00:00,164.0,8.9
2026-08-23 10:00:00,258.0,12.5
2026-08-23 11:00:00,387.0,16.9
2026-08-23 12:00:00,455.0,19.3
2026-08-23 13:00:00,399.0,19.1
2026-08-23 14:00:00,281.0,18.9
2026-08-23 15:00:00,194.0,18.7
2026-08-23 16:00:00,178.0,18.3
2026-08-23 17:00:00,192.0,17.9
2026-08-23 18:00:00,206.0,18.2
2026-08-23 19:00:00,207.0,19.9
2026-08-23 20:00:00,209.0,22.3
2026-08-23 21:00:00,222.0,24.2
2026-08-23 22:00:00,264.0,25.5
2026-08-23 23:00:00,318.0,26.3
2026-08-24 00:00:00,341.0,20.1
2026-08-24 01:00:00,301.0,17.2
2026-08-24 02:00:00,230.0,13.1
2026-08-24 03:00:00,178.0,9.7
2026-08-24 04:00:00,165.0,7.5
2026-08-24 05:00:00,171.0,6.0
2026-08-24 06:00:00,183.0,5.7
2026-08-24 07:00:00,197.0,6.4
2026-08-24 08:00:00,216.0,8.3
2026-08-24 09:00:00,238.0,11.8
2026-08-24 10:00:00,269.0,18.6
2026-08-24 11:00:00,303.0,27.1
2026-08-24 12:00:00,319.0,26.8
2026-08-24 13:00:00,302.0,25.2
2026-08-24 14:00:00,267.0,23.1
2026-08-24 15:00:00,239.0,21.8
2026-08-24 16:00:00,226.0,21.7
2026-08-24 17:00:00,220.0,22.4
2026-08-24 18:00:00,227.0,23.8
2026-08-24 19:00:00,254.0,26.2
2026-08-24 20:00:00,294.0,29.2
2026-08-24 21:00:00,334.0,32.1
2026-08-24 22:00:00,385.0,35.6
2026-08-24 23:00:00,436.0,39.0
2026-08-25 00:00:00,444.0,28.5
2026-08-25 01:00:00,367.0,24.4
2026-08-25 02:00:00,246.0,18.6
2026-08-25 03:00:00,161.0,13.7
2026-08-25 04:00:00,152.0,10.4
2026-08-25 05:00:00,179.0,8.0
2026-08-25 06:00:00,196.0,7.0
2026-08-25 07:00:00,176.0,7.6
2026-08-25 08:00:00,146.0,9.6
2026-08-25 09:00:00,146.0,12.6
2026-08-25 10:00:00,208.0,17.4
2026-08-25 11:00:00,298.0,23.2
2026-08-25 12:00:00,357.0,19.6
2026-08-25 13:00:00,350.0,20.2
2026-08-25 14:00:00,312.0,20.9
2026-08-25 15:00:00,282.0,21.0
2026-08-25 16:00:00,276.0,19.7
2026-08-25 17:00:00,279.0,17.8
2026-08-25 18:00:00,282.0,16.7
2026-08-25 19:00:00,283.0,17.2
2026-08-25 20:00:00,284.0,18.4
2026-08-25 21:00:00,286.0,19.9
2026-08-25 22:00:00,293.0,22.1
2026-08-25 23:00:00,300.0,24.5
2026-08-26 00:00:00,297.0,19.7
2026-08-26 01:00:00,273.0,16.4
2026-08-26 02:00:00,239.0,11.9
2026-08-26 03:00:00,212.0,8.3
2026-08-26 04:00:00,201.0,6.5
2026-08-26 05:00:00,198.0,5.7
2026-08-26 06:00:00,190.0,5.8
2026-08-26 07:00:00,167.0,6.9
2026-08-26 08:00:00,140.0,8.9
2026-08-26 09:00:00,131.0,12.0
2026-08-26 10:00:00,158.0,16.9
2026-08-26 11:00:00,203.0,22.9
2026-08-26 12:00:00,240.0,20.9
2026-08-26 13:00:00,258.0,21.0
2026-08-26 14:00:00,266.0,21.1
2026-08-26 15:00:00,270.0,20.9
2026-08-26 16:00:00,269.0,19.8
2026-08-26 17:00:00,263.0,18.4
2026-08-26 18:00:00,255.0,17.9
2026-08-26 19:00:00,240.0,19.3
2026-08-26 20:00:00,223.0,21.7
2026-08-26 21:00:00,222.0,23.8
2026-08-26 22:00:00,255.0,26.0
2026-08-26 23:00:00,304.0,27.9
2026-08-27 00:00:00,330.0,23.4
2026-08-27 01:00:00,308.0,19.7
2026-08-27 02:00:00,262.0,14.5
2026-08-27 03:00:00,227.0,10.4
2026-08-27 04:00:00,220.0,8.2
2026-08-27 05:00:00,223.0,7.1
2026-08-27 06:00:00,221.0,7.1
2026-08-27 07:00:00,201.0,8.6
2026-08-27 08:00:00,175.0,11.3
2026-08-27 09:00:00,166.0,14.3
2026-08-27 10:00:00,192.0,17.7
2026-08-27 11:00:00,235.0,21.5
2026-08-27 12:00:00,258.0,24.5
2026-08-27 13:00:00,240.0,26.2
2026-08-27 14:00:00,203.0,27.3
2026-08-27 15:00:00,177.0,28.1
2026-08-27 16:00:00,173.0,28.9
2026-08-27 17:00:00,181.0,29.5
2026-08-27 18:00:00,201.0,30.1
2026-08-27 19:00:00,234.0,30.4
2026-08-27 20:00:00,280.0,30.6
2026-08-27 21:00:00,329.0,31.6
2026-08-27 22:00:00,391.0,34.9
2026-08-27 23:00:00,457.0,39.0
2026-08-28 00:00:00,497.0,31.3
2026-08-28 01:00:00,497.0,26.7
2026-08-28 02:00:00,470.0,20.3
2026-08-28 03:00:00,431.0,14.9
2026-08-28 04:00:00,376.0,11.5
2026-08-28 05:00:00,309.0,9.1
2026-08-28 06:00:00,250.0,8.1
2026-08-28 07:00:00,199.0,8.8
2026-08-28 08:00:00,157.0,10.8
2026-08-28 09:00:00,145.0,13.4
2026-08-28 10:00:00,186.0,16.5
2026-08-28 11:00:00,259.0,20.2
2026-08-28 12:00:00,317.0,19.6
2026-08-28 13:00:00,345.0,20.8
2026-08-28 14:00:00,359.0,22.4
2026-08-28 15:00:00,366.0,22.9
2026-08-28 16:00:00,360.0,20.9
2026-08-28 17:00:00,347.0,17.7
2026-08-28 18:00:00,348.0,15.8
2026-08-28 19:00:00,358.0,16.0
2026-08-28 20:00:00,382.0,17.5
2026-08-28 21:00:00,453.0,20.7
2026-08-28 22:00:00,645.0,28.0
2026-08-28 23:00:00,884.0,36.9
2026-08-29 00:00:00,982.0,25.7
2026-08-29 01:00:00,801.0,21.0
2026-08-29 02:00:00,478.0,14.4
2026-08-29 03:00:00,235.0,9.1
2026-08-29 04:00:00,173.0,6.3
2026-08-29 05:00:00,191.0,4.9
2026-08-29 06:00:00,208.0,4.5
2026-08-29 07:00:00,186.0,5.0
2026-08-29 08:00:00,164.0,6.5
2026-08-29 09:00:00,175.0,8.8
2026-08-29 10:00:00,256.0,12.6
2026-08-29 11:00:00,369.0,17.2
2026-08-29 12:00:00,439.0,15.4
2026-08-29 13:00:00,422.0,15.2
2026-08-29 14:00:00,361.0,14.9
2026-08-29 15:00:00,309.0,14.3
2026-08-29 16:00:00,286.0,12.9
2026-08-29 17:00:00,271.0,11.2
2026-08-29 18:00:00,262.0,10.1
2026-08-29 19:00:00,260.0,9.9
2026-08-29 20:00:00,262.0,10.2
2026-08-29 21:00:00,260.0,11.3
2026-08-29 22:00:00,248.0,14.1
2026-08-29 23:00:00,231.0,17.5
2026-08-30 00:00:00,212.0,18.6
2026-08-30 01:00:00,190.0,15.1
2026-08-30 02:00:00,167.0,9.4
2026-08-30 03:00:00,149.0,4.9
2026-08-30 04:00:00,140.0,3.3
2026-08-30 05:00:00,137.0,2.9
2026-08-30 06:00:00,138.0,3.2
2026-08-30 07:00:00,141.0,3.8
2026-08-30 08:00:00,148.0,5.0
2026-08-30 09:00:00,160.0,6.7
2026-08-30 10:00:00,183.0,9.6
2026-08-30 11:00:00,212.0,13.0
2026-08-30 12:00:00,232.0,15.3
2026-08-30 13:00:00,237.0,15.4
2026-08-30 14:00:00,234.0,14.4
2026-08-30 15:00:00,224.0,13.2
2026-08-30 16:00:00,205.0,11.7
2026-08-30 17:00:00,180.0,10.1
2026-08-30 18:00:00,162.0,9.6
2026-08-30 19:00:00,159.0,11.0
2026-08-30 20:00:00,164.0,13.6
2026-08-30 21:00:00,169.0,16.2
2026-08-30 22:00:00,172.0,19.2
2026-08-30 23:00:00,174.0,22.2
2026-08-31 00:00:00,171.0,22.9
2026-08-31 01:00:00,159.0,19.2
2026-08-31 02:00:00,142.0,13.2
2026-08-31 03:00:00,129.0,8.4
2026-08-31 04:00:00,124.0,6.0
2026-08-31 05:00:00,123.0,4.8
2026-08-31 06:00:00,126.0,4.5
2026-08-31 07:00:00,129.0,5.1
2026-08-31 08:00:00,136.0,6.6
2026-08-31 09:00:00,164.0,9.0
2026-08-31 10:00:00,236.0,13.1
2026-08-31 11:00:00,329.0,18.2
2026-08-31 12:00:00,386.0,22.1
2026-08-31 13:00:00,372.0,23.8
2026-08-31 14:00:00,323.0,24.2
2026-08-31 15:00:00,287.0,24.0
2026-08-31 16:00:00,286.0,22.8
2026-08-31 17:00:00,299.0,21.1
2026-08-31 18:00:00,304.0,20.4
2026-08-31 19:00:00,290.0,21.7
2026-08-31 20:00:00,269.0,24.1
2026-08-31 21:00:00,258.0,26.9
2026-08-31 22:00:00,271.0,31.3
2026-08-31 23:00:00,295.0,36.0
